elo_diff,goal_diff_avg,home_form,away_form,h2h_wins,is_knockout,squad_value_ratio,value_log_home,value_log_away,eafc_overall_diff,eafc_physic_diff,eafc_top5_avg_home,venue_altitude_m,is_high_altitude,altitude_penalty,titles_diff,semis_diff,appearances_diff,avg_age_diff,avg_caps_diff,travel_dist_diff,climate_compat_diff,synergy_diff,top5_ratio_diff,goals_scored_diff,clean_sheets_diff,xg_for_avg_home,xg_for_avg_away,xg_against_avg_home,xg_against_avg_away,xg_diff_avg_home,xg_diff_avg_away,xg_overperform_avg_home,xg_overperform_avg_away,xg_efficiency_avg_home,xg_efficiency_avg_away,xg_consistency_home,xg_consistency_away,odds_implied_home_win,odds_implied_away_win,odds_implied_draw,odds_market_confidence,odds_margin,target
0.0,0.0,0.5,0.5,0,0,5.0,9.041392685158225,8.342422680822207,7.5,6.0,89.0,0.0,0.0,0.0,2,7,-1,-0.6999999999999993,-1.0,7300.0,-0.29999999999999993,-0.24999999999999997,0.64,0.8,0.15000000000000002,2.804,1.7739999999999998,0.5599999999999999,1.399,2.244,0.375,0.296,-0.2739999999999999,1.0649770760444726,0.8012143853944391,0.2852756951130297,0.301485212462126,0.7185,0.215,0.05,0.6062,0.0885,1
0.0,0.0,0.5,0.5,0,0,0.7727272727272727,8.929418925714293,9.041392685158225,-0.5,-1.0,88.0,0.0,0.0,0.0,1,-1,2,1.3000000000000007,10.0,-1300.0,0.04999999999999993,-0.020000000000000004,-0.07000000000000006,0.10000000000000009,0.09999999999999998,2.884,2.804,0.95,0.5599999999999999,1.934,2.244,0.616,0.296,1.2457596956683417,1.0649770760444726,0.4170851232062826,0.2852756951130297,0.6331,0.2349,0.1742,0.6174,0.0833,1
0.0,0.0,0.5,0.5,0,0,0.22727272727272727,7.698970004336019,8.342422680822207,-7.0,-3.5,70.0,0.0,0.0,0.0,0,0,-16,-0.3999999999999986,-11.0,7500.0,-0.29999999999999993,-0.24999999999999997,0.12,0.09999999999999987,0.050000000000000044,0.0,1.7739999999999998,0.0,1.399,0.0,0.375,0.0,-0.2739999999999999,0.0,0.8012143853944391,0.0,0.301485212462126,0.4794,0.215,0.2886,0.8789,0.0804,1
0.0,0.0,0.5,0.5,0,0,0.045454545454545456,7.698970004336019,9.041392685158225,-14.5,-9.5,70.0,0.0,0.0,0.0,-2,-7,-15,0.3000000000000007,-10.0,200.0,0.0,0.0,-0.52,-0.7000000000000002,-0.09999999999999998,0.0,2.804,0.0,0.5599999999999999,0.0,2.244,0.0,0.296,0.0,1.0649770760444726,0.0,0.2852756951130297,0.4794,0.2349,0.2886,0.8789,0.0804,1
0.0,0.0,0.5,0.5,0,0,3.8636363636363638,8.929418925714293,8.342422680822207,7.0,5.0,88.0,0.0,0.0,0.0,3,6,1,0.6000000000000014,9.0,6000.0,-0.25,-0.26999999999999996,0.57,0.9000000000000001,0.25,2.884,1.7739999999999998,0.95,1.399,1.934,0.375,0.616,-0.2739999999999999,1.2457596956683417,0.8012143853944391,0.4170851232062826,0.301485212462126,0.6331,0.215,0.1742,0.6174,0.0833,1
0.0,0.0,0.5,0.5,0,0,0.5294117647058824,8.653212513775344,8.929418925714293,-4.0,0.5,84.0,0.0,0.0,0.0,-1,-1,-4,-1.5,-14.0,0.0,0.0,0.0,-0.19999999999999996,-0.5000000000000002,-0.09999999999999998,2.161,2.884,1.17,0.95,0.991,1.934,0.439,0.616,1.0807602735652382,1.2457596956683417,0.5795295026523193,0.4170851232062826,0.639,0.1927,0.189,0.6935,0.066,1
0.0,0.0,0.5,0.5,0,0,0.24,8.079181246047625,8.698970004336019,-6.0,-1.0,78.0,0.0,0.0,0.0,0,-2,-6,-1.3000000000000007,-15.0,-300.0,0.050000000000000044,0.020000000000000004,-0.35,-0.20000000000000018,-0.04999999999999999,1.6,2.002,1.705,1.323,-0.1049999999999999,0.6789999999999999,0.7,-0.1019999999999999,1.397464068315691,0.9431066534244954,0.4263279905841928,0.3376651859131732,0.0,0.205,0.0,0.0,0.0,1
0.0,0.0,0.5,0.5,0,0,2.65625,8.929418925714293,8.505149978319906,6.0,3.5,88.0,0.0,0.0,0.0,3,5,7,2.3999999999999986,19.0,5500.0,-0.20000000000000007,0.0,0.27,0.7000000000000002,0.19999999999999996,2.884,1.7120000000000002,0.95,1.179,1.934,0.5329999999999999,0.616,0.088,1.2457596956683417,1.1043395370402465,0.4170851232062826,0.3105121217887923,0.6331,0.2715,0.1742,0.6174,0.0833,1
0.0,0.0,0.5,0.5,0,0,0.64,8.505149978319906,8.698970004336019,-2.5,0.5,81.5,0.0,0.0,0.0,0,-1,-3,-2.6999999999999993,-14.0,-7300.0,0.30000000000000004,0.0,-0.17000000000000004,-0.10000000000000009,-0.04999999999999999,1.7120000000000002,2.002,1.179,1.323,0.5329999999999999,0.6789999999999999,0.088,-0.1019999999999999,1.1043395370402465,0.9431066534244954,0.3105121217887923,0.3376651859131732,0.5541,0.205,0.1745,0.6843,0.0671,1
0.0,0.0,0.5,0.5,0,0,20.0,9.0,7.698970004336019,13.5,7.0,87.5,0.0,0.0,0.0,5,11,21,0.3000000000000007,13.0,-2500.0,0.09999999999999998,-0.04000000000000001,0.41999999999999993,0.5,0.09999999999999998,2.451,0.0,0.825,0.0,1.626,0.0,0.349,0.0,1.1980330911358643,0.0,0.3834478089938996,0.0,0.6748,0.0,0.1307,0.8196,0.0699,1
0.0,0.0,0.5,0.5,0,0,1.0,7.698970004336019,7.698970004336019,0.0,0.0,70.0,0.0,0.0,0.0,0,0,0,0.0,0.0,0.0,0.0,0.0,0.0,0.0,0.0,0.0,0.0,0.0,0.0,0.0,0.0,0.0,0.0,0.0,0.0,0.0,0.0,0.4417,0.2673,0.2526,0.8661,0.079,1
0.0,0.0,0.5,0.5,0,0,9.0,8.653212513775344,7.698970004336019,10.0,9.0,84.0,0.0,0.0,0.0,2,5,13,-0.5,6.0,-1500.0,0.04999999999999993,-0.020000000000000004,0.25,0.30000000000000004,0.09999999999999998,2.161,0.0,1.17,0.0,0.991,0.0,0.439,0.0,1.0807602735652382,0.0,0.5795295026523193,0.0,0.639,0.3056,0.189,0.6935,0.066,1
0.0,0.0,0.5,0.5,0,0,0.05,7.698970004336019,9.0,-13.5,-7.0,70.0,0.0,0.0,0.0,-5,-11,-21,-0.3000000000000007,-13.0,2500.0,-0.09999999999999998,0.04000000000000001,-0.41999999999999993,-0.5,-0.09999999999999998,0.0,2.451,0.0,0.825,0.0,1.626,0.0,0.349,0.0,1.1980330911358643,0.0,0.3834478089938996,0.0,0.1945,0.0,0.0,0.0,1
0.0,0.0,0.5,0.5,0,0,1.0,7.698970004336019,7.698970004336019,0.0,0.0,70.0,0.0,0.0,0.0,0,0,0,0.0,0.0,0.0,0.0,0.0,0.0,0.0,0.0,0.0,0.0,0.0,0.0,0.0,0.0,0.0,0.0,0.0,0.0,0.0,0.0,0.0,0.0,0.0,0.0,0.0,1
0.0,0.0,0.5,0.5,0,0,17.0,8.929418925714293,7.698970004336019,14.0,8.5,88.0,0.0,0.0,0.0,3,6,17,1.0,20.0,-1500.0,0.04999999999999993,-0.020000000000000004,0.44999999999999996,0.8000000000000003,0.19999999999999996,2.884,0.0,0.95,0.0,1.934,0.0,0.616,0.0,1.2457596956683417,0.0,0.4170851232062826,0.0,0.6331,0.232,0.1742,0.6174,0.0833,1
0.0,0.0,0.5,0.5,0,0,9.0,8.653212513775344,7.698970004336019,10.0,9.0,84.0,0.0,0.0,0.0,2,5,13,-0.5,6.0,-1500.0,0.04999999999999993,-0.020000000000000004,0.25,0.30000000000000004,0.09999999999999998,2.161,0.0,1.17,0.0,0.991,0.0,0.439,0.0,1.0807602735652382,0.0,0.5795295026523193,0.0,0.639,0.2673,0.189,0.6935,0.066,1
0.0,0.0,0.5,0.5,0,0,9.0,8.653212513775344,7.698970004336019,10.0,9.0,84.0,0.0,0.0,0.0,2,5,13,-0.5,6.0,-1500.0,0.04999999999999993,-0.020000000000000004,0.25,0.30000000000000004,0.09999999999999998,2.161,0.0,1.17,0.0,0.991,0.0,0.439,0.0,1.0807602735652382,0.0,0.5795295026523193,0.0,0.639,0.0,0.189,0.6935,0.066,1
0.0,0.0,0.5,0.5,0,0,2.6666666666666665,8.505149978319906,8.079181246047625,3.5,1.5,81.5,0.0,0.0,0.0,0,1,3,-1.3999999999999986,1.0,-7000.0,0.25,-0.020000000000000004,0.17999999999999994,0.10000000000000009,0.0,1.7120000000000002,1.6,1.179,1.705,0.5329999999999999,-0.1049999999999999,0.088,0.7,1.1043395370402465,1.397464068315691,0.3105121217887923,0.4263279905841928,0.5541,0.0,0.1745,0.6843,0.0671,1
0.0,0.0,0.5,0.5,0,0,0.85,8.929418925714293,9.0,0.29999999999999716,-2.0,87.5,0.0,0.0,0.0,-4,-9,-6,-1.3000000000000007,-10.0,2500.0,-0.050000000000000044,0.18,0.06000000000000005,0.10000000000000009,0.09999999999999998,2.592,2.451,0.939,0.825,1.653,1.626,0.108,0.349,0.9731844800911872,1.1980330911358643,0.4399949494659632,0.3834478089938996,0.6413,0.1945,0.2269,0.7296,0.0546,1
0.0,0.0,0.5,0.5,0,0,0.4166666666666667,7.698970004336019,8.079181246047625,-4.5,0.0,70.0,0.0,0.0,0.0,0,0,-2,0.0,0.0,0.0,0.0,0.0,0.0,0.0,0.0,0.0,1.764,0.0,1.675,0.0,0.089,0.0,-0.064,0.0,0.9638575780728784,0.0,0.284026602822889,0.3973,0.2807,0.3302,0.8774,0.0839,1
0.0,0.0,0.5,0.5,0,0,0.36923076923076925,8.380211241711606,8.812913356642856,-5.0,-4.0,81.5,0.0,0.0,0.0,0,-5,1,0.5,6.0,-200.0,0.050000000000000044,-0.04999999999999999,-0.38,-0.5,0.0,1.6960000000000002,2.645,1.391,0.751,0.305,1.894,-0.196,-0.2449999999999999,0.8891132124050513,0.9060118494310764,0.3092715455532385,0.3351699403122077,0.6244,0.219,0.1437,0.6265,0.0498,1
0.0,0.0,0.5,0.5,0,0,4.166666666666667,8.8750612633917,8.255272505103306,6.0,2.5,86.5,0.0,0.0,0.0,4,13,13,0.6999999999999993,9.0,200.0,-0.050000000000000044,0.12,0.44999999999999996,0.30000000000000004,0.0,2.428,2.008,0.876,1.38,1.552,0.6280000000000001,-0.0279999999999999,0.1919999999999999,0.9223655810598944,1.0959572566962812,0.4258533915693417,0.4442921961452345,0.5733,0.3453,0.2037,0.6876,0.0583,1
0.0,0.0,0.5,0.5,0,0,1.0,7.698970004336019,7.698970004336019,0.0,0.0,70.0,0.0,0.0,0.0,0,0,0,0.0,0.0,0.0,0.0,0.15,0.44999999999999996,0.0,0.0,0.0,0.0,0.0,0.0,0.0,0.0,0.0,0.0,0.0,0.0,0.0,0.0,0.0,0.0,0.0,0.0,0.0,1
0.0,0.0,0.5,0.5,0,0,0.2777777777777778,7.698970004336019,8.255272505103306,-7.0,-5.0,70.0,0.0,0.0,0.0,0,0,-6,0.0,0.0,0.0,0.0,0.15,0.44999999999999996,0.0,0.0,0.0,2.008,0.0,1.38,0.0,0.6280000000000001,0.0,0.1919999999999999,0.0,1.0959572566962812,0.0,0.4442921961452345,0.0,0.3453,0.0,0.0,0.0,1
0.0,0.0,0.5,0.5,0,0,3.75,8.8750612633917,8.301029995663981,6.0,3.5,86.5,0.0,0.0,0.0,4,9,8,0.6999999999999993,9.0,200.0,-0.050000000000000044,0.12,0.44999999999999996,0.30000000000000004,0.0,2.428,1.599,0.876,1.173,1.552,0.426,-0.0279999999999999,0.1009999999999999,0.9223655810598944,0.9320745946735548,0.4258533915693417,0.3812100616603805,0.5733,0.2383,0.2037,0.6876,0.0583,1
0.0,0.0,0.5,0.5,0,0,0.15625,7.698970004336019,8.505149978319906,-8.0,-5.0,70.0,0.0,0.0,0.0,0,-1,-10,1.3999999999999986,-1.0,7000.0,-0.25,0.16999999999999998,0.27,-0.10000000000000009,0.0,0.0,1.7120000000000002,0.0,1.179,0.0,0.5329999999999999,0.0,0.088,0.0,1.1043395370402465,0.0,0.3105121217887923,0.0,0.2715,0.0,0.0,0.0,1
0.0,0.0,0.5,0.5,0,0,0.23529411764705882,8.301029995663981,8.929418925714293,-7.0,-4.5,81.0,0.0,0.0,0.0,-3,-2,-6,-1.0,-20.0,1500.0,-0.04999999999999993,0.020000000000000004,-0.44999999999999996,-0.8000000000000003,-0.19999999999999996,1.599,2.884,1.173,0.95,0.426,1.934,0.1009999999999999,0.616,0.9320745946735548,1.2457596956683417,0.3812100616603805,0.4170851232062826,0.4719,0.1927,0.2898,0.8452,0.0678,1
0.0,0.0,0.5,0.5,0,0,1.0,7.698970004336019,7.698970004336019,0.0,0.0,70.0,0.0,0.0,0.0,0,0,0,0.0,0.0,0.0,0.0,0.0,0.0,0.0,0.0,0.0,0.0,0.0,0.0,0.0,0.0,0.0,0.0,0.0,0.0,0.0,0.0,0.0,0.3056,0.0,0.0,0.0,1
0.0,0.0,0.5,0.5,0,0,3.6,8.255272505103306,7.698970004336019,7.0,5.0,80.5,0.0,0.0,0.0,0,0,6,0.0,0.0,0.0,0.0,0.0,0.0,0.0,0.0,2.008,0.0,1.38,0.0,0.6280000000000001,0.0,0.1919999999999999,0.0,1.0959572566962812,0.0,0.4442921961452345,0.0,0.3957,0.2725,0.259,0.881,0.0469,1
0.0,0.0,0.5,0.5,0,0,1.5,8.8750612633917,8.698970004336019,2.5,3.0,86.5,0.0,0.0,0.0,4,11,6,-0.6000000000000014,-6.0,-100.0,0.0,0.14,0.09999999999999998,0.09999999999999987,-0.04999999999999999,2.428,2.002,0.876,1.323,1.552,0.6789999999999999,-0.0279999999999999,-0.1019999999999999,0.9223655810598944,0.9431066534244954,0.4258533915693417,0.3376651859131732,0.5733,0.205,0.2037,0.6876,0.0583,1
0.0,0.0,0.5,0.5,0,0,0.058823529411764705,7.698970004336019,8.929418925714293,-13.799999999999997,-5.0,70.0,0.0,0.0,0.0,-1,-2,-15,1.0,-3.0,0.0,-0.04999999999999993,0.010000000000000009,-0.030000000000000027,-0.6000000000000001,-0.19999999999999996,0.0,2.592,0.0,0.939,0.0,1.653,0.0,0.108,0.0,0.9731844800911872,0.0,0.4399949494659632,0.0,0.1318,0.0,0.0,0.0,0
0.0,0.0,0.5,0.5,0,0,0.16363636363636364,8.255272505103306,9.041392685158225,-7.5,-4.5,80.5,0.0,0.0,0.0,-2,-7,-9,0.3000000000000007,-10.0,200.0,0.0,0.0,-0.52,-0.7000000000000002,-0.09999999999999998,2.008,2.804,1.38,0.5599999999999999,0.6280000000000001,2.244,0.1919999999999999,0.296,1.0959572566962812,1.0649770760444726,0.4442921961452345,0.2852756951130297,0.3957,0.2349,0.259,0.881,0.0469,1
0.0,0.0,0.5,0.5,0,0,0.06666666666666667,7.698970004336019,8.8750612633917,-13.0,-7.5,70.0,0.0,0.0,0.0,-4,-13,-19,-0.6999999999999993,-9.0,-200.0,0.050000000000000044,-0.12,-0.44999999999999996,-0.30000000000000004,0.0,0.0,2.428,0.0,0.876,0.0,1.552,0.0,-0.0279999999999999,0.0,0.9223655810598944,0.0,0.4258533915693417,0.0,0.223,0.0,0.0,0.0,1
0.0,0.0,0.5,0.5,0,0,0.20833333333333334,7.698970004336019,8.380211241711606,-7.5,-4.5,70.0,0.0,0.0,0.0,0,0,-11,-0.6000000000000014,-10.0,0.0,0.0,0.0,0.0,0.0,0.0,0.0,1.6960000000000002,0.0,1.391,0.0,0.305,0.0,-0.196,0.0,0.8891132124050513,0.0,0.3092715455532385,0.0,0.2319,0.0,0.0,0.0,1
0.0,0.0,0.5,0.5,0,0,0.058823529411764705,7.698970004336019,8.929418925714293,-13.799999999999997,-5.0,70.0,0.0,0.0,0.0,-1,-2,-15,1.0,-3.0,0.0,-0.04999999999999993,0.010000000000000009,-0.030000000000000027,-0.6000000000000001,-0.19999999999999996,0.0,2.592,0.0,0.939,0.0,1.653,0.0,0.108,0.0,0.9731844800911872,0.0,0.4399949494659632,0.0,0.1318,0.0,0.0,0.0,1
0.0,0.0,0.5,0.5,0,0,20.0,9.0,7.698970004336019,13.5,7.0,87.5,0.0,0.0,0.0,5,11,21,0.3000000000000007,13.0,-2500.0,0.09999999999999998,-0.04000000000000001,0.41999999999999993,0.5,0.09999999999999998,2.451,0.0,0.825,0.0,1.626,0.0,0.349,0.0,1.1980330911358643,0.0,0.3834478089938996,0.0,0.6748,0.0,0.1307,0.8196,0.0699,0
0.0,0.0,0.5,0.5,0,0,0.05,7.698970004336019,9.0,-13.5,-7.0,70.0,0.0,0.0,0.0,-5,-11,-21,-0.3000000000000007,-13.0,2500.0,-0.09999999999999998,0.19,0.030000000000000027,-0.5,-0.09999999999999998,0.0,2.451,0.0,0.825,0.0,1.626,0.0,0.349,0.0,1.1980330911358643,0.0,0.3834478089938996,0.0,0.1945,0.0,0.0,0.0,1
0.0,0.0,0.5,0.5,0,0,1.0,7.698970004336019,7.698970004336019,0.0,0.0,70.0,0.0,0.0,0.0,0,0,0,0.0,0.0,0.0,0.0,0.0,0.0,0.0,0.0,0.0,0.0,0.0,0.0,0.0,0.0,0.0,0.0,0.0,0.0,0.0,0.0,0.0,0.3056,0.0,0.0,0.0,0
0.0,0.0,0.5,0.5,0,0,2.2,9.041392685158225,8.698970004336019,4.0,5.0,89.0,0.0,0.0,0.0,2,5,2,-1.6000000000000014,-5.0,-500.0,0.050000000000000044,0.020000000000000004,0.17000000000000004,0.5,0.04999999999999999,2.804,2.002,0.5599999999999999,1.323,2.244,0.6789999999999999,0.296,-0.1019999999999999,1.0649770760444726,0.9431066534244954,0.2852756951130297,0.3376651859131732,0.7185,0.205,0.05,0.6062,0.0885,1
0.0,0.0,0.5,0.5,0,0,0.1111111111111111,7.698970004336019,8.653212513775344,-8.0,-5.0,70.0,0.0,0.0,0.0,0,0,-2,0.0,0.0,0.0,0.0,0.15,0.44999999999999996,0.0,0.0,0.0,1.6330000000000002,0.0,1.3030000000000002,0.0,0.33,0.0,0.567,0.0,1.4576317234223708,0.0,0.3969620748747779,0.0,0.297,0.0,0.0,0.0,1
0.0,0.0,0.5,0.5,0,0,4.0,8.301029995663981,7.698970004336019,7.0,4.0,81.0,0.0,0.0,0.0,0,4,11,0.0,0.0,0.0,0.0,0.0,0.0,0.0,0.0,1.599,0.0,1.173,0.0,0.426,0.0,0.1009999999999999,0.0,0.9320745946735548,0.0,0.3812100616603805,0.0,0.4719,0.0,0.2898,0.8452,0.0678,1
0.0,0.0,0.5,0.5,0,0,0.20833333333333334,7.698970004336019,8.380211241711606,-7.5,-4.5,70.0,0.0,0.0,0.0,0,0,-11,-0.6000000000000014,-10.0,0.0,0.0,0.0,0.0,0.0,0.0,0.0,1.6960000000000002,0.0,1.391,0.0,0.305,0.0,-0.196,0.0,0.8891132124050513,0.0,0.3092715455532385,0.3973,0.2319,0.3302,0.8774,0.0839,1
0.0,0.0,0.5,0.5,0,0,1.0,7.698970004336019,7.698970004336019,0.0,0.0,70.0,0.0,0.0,0.0,0,0,0,0.0,0.0,0.0,0.0,0.0,0.0,0.0,0.0,0.0,0.0,0.0,0.0,0.0,0.0,0.0,0.0,0.0,0.0,0.0,0.0,0.0,0.3056,0.0,0.0,0.0,1
0.0,0.0,0.5,0.5,0,0,5.0,9.0,8.301029995663981,6.5,3.0,87.5,0.0,0.0,0.0,5,7,10,0.3000000000000007,13.0,-2500.0,0.09999999999999998,-0.04000000000000001,0.41999999999999993,0.5,0.09999999999999998,2.451,1.599,0.825,1.173,1.626,0.426,0.349,0.1009999999999999,1.1980330911358643,0.9320745946735548,0.3834478089938996,0.3812100616603805,0.6748,0.2383,0.1307,0.8196,0.0699,1
0.0,0.0,0.5,0.5,0,0,1.0,7.698970004336019,7.698970004336019,0.0,0.0,70.0,0.0,0.0,0.0,0,0,0,0.0,0.0,0.0,0.0,0.15,0.44999999999999996,0.0,0.0,0.0,0.0,0.0,0.0,0.0,0.0,0.0,0.0,0.0,0.0,0.0,0.0,0.0,0.2725,0.0,0.0,0.0,1
0.0,0.0,0.5,0.5,0,0,0.25,7.698970004336019,8.301029995663981,-7.0,-4.0,70.0,0.0,0.0,0.0,0,-4,-11,0.0,0.0,0.0,0.0,0.0,0.0,0.0,0.0,0.0,1.599,0.0,1.173,0.0,0.426,0.0,0.1009999999999999,0.0,0.9320745946735548,0.0,0.3812100616603805,0.3973,0.2383,0.3302,0.8774,0.0839,1
0.0,0.0,0.5,0.5,0,0,20.0,9.0,7.698970004336019,13.5,7.0,87.5,0.0,0.0,0.0,5,11,21,0.3000000000000007,13.0,-2500.0,0.09999999999999998,-0.04000000000000001,0.41999999999999993,0.5,0.09999999999999998,2.451,0.0,0.825,0.0,1.626,0.0,0.349,0.0,1.1980330911358643,0.0,0.3834478089938996,0.0,0.6748,0.0,0.1307,0.8196,0.0699,1
0.0,0.0,0.5,0.5,0,0,1.0,7.698970004336019,7.698970004336019,0.0,0.0,70.0,0.0,0.0,0.0,0,0,0,0.0,0.0,0.0,0.0,0.0,0.0,0.0,0.0,0.0,0.0,0.0,0.0,0.0,0.0,0.0,0.0,0.0,0.0,0.0,0.0,0.3973,0.0,0.3302,0.8774,0.0839,1
0.0,0.0,0.5,0.5,0,0,0.07692307692307693,7.698970004336019,8.812913356642856,-12.5,-8.5,70.0,0.0,0.0,0.0,0,-5,-10,-0.10000000000000142,-4.0,-200.0,0.050000000000000044,-0.04999999999999999,-0.38,-0.5,0.0,0.0,2.645,0.0,0.751,0.0,1.894,0.0,-0.2449999999999999,0.0,0.9060118494310764,0.0,0.3351699403122077,0.0,0.219,0.0,0.0,0.0,1
0.0,0.0,0.5,0.5,0,0,20.0,9.0,7.698970004336019,13.5,7.0,87.5,0.0,0.0,0.0,5,11,21,0.3000000000000007,13.0,-2500.0,0.09999999999999998,-0.04000000000000001,0.41999999999999993,0.5,0.09999999999999998,2.451,0.0,0.825,0.0,1.626,0.0,0.349,0.0,1.1980330911358643,0.0,0.3834478089938996,0.0,0.6748,0.2179,0.1307,0.8196,0.0699,1
0.0,0.0,0.5,0.5,0,0,0.045454545454545456,7.698970004336019,9.041392685158225,-14.5,-9.5,70.0,0.0,0.0,0.0,-2,-7,-15,0.3000000000000007,-10.0,200.0,0.0,0.15,-0.07000000000000006,-0.7000000000000002,-0.09999999999999998,0.0,2.804,0.0,0.5599999999999999,0.0,2.244,0.0,0.296,0.0,1.0649770760444726,0.0,0.2852756951130297,0.0,0.2349,0.0,0.0,0.0,1
0.0,0.0,0.5,0.5,0,0,0.32,8.380211241711606,8.8750612633917,-5.5,-3.0,81.5,0.0,0.0,0.0,-4,-13,-8,-0.09999999999999787,1.0,-200.0,0.050000000000000044,-0.12,-0.44999999999999996,-0.30000000000000004,0.0,1.6960000000000002,2.428,1.391,0.876,0.305,1.552,-0.196,-0.0279999999999999,0.8891132124050513,0.9223655810598944,0.3092715455532385,0.4258533915693417,0.6244,0.223,0.1437,0.6265,0.0498,1
0.0,0.0,0.5,0.5,0,0,0.32,8.380211241711606,8.8750612633917,-5.5,-3.0,81.5,0.0,0.0,0.0,-4,-13,-8,-0.09999999999999787,1.0,-200.0,0.050000000000000044,-0.12,-0.44999999999999996,-0.30000000000000004,0.0,1.6960000000000002,2.428,1.391,0.876,0.305,1.552,-0.196,-0.0279999999999999,0.8891132124050513,0.9223655810598944,0.3092715455532385,0.4258533915693417,0.6244,0.223,0.1437,0.6265,0.0498,0
0.0,0.0,0.5,0.5,0,0,4.0,8.301029995663981,7.698970004336019,7.0,4.0,81.0,0.0,0.0,0.0,0,4,11,0.0,0.0,0.0,0.0,-0.15,-0.44999999999999996,0.0,0.0,1.599,0.0,1.173,0.0,0.426,0.0,0.1009999999999999,0.0,0.9320745946735548,0.0,0.3812100616603805,0.0,0.4719,0.0,0.2898,0.8452,0.0678,1
0.0,0.0,0.5,0.5,0,0,0.15625,7.698970004336019,8.505149978319906,-8.0,-5.0,70.0,0.0,0.0,0.0,0,-1,-10,1.3999999999999986,-1.0,7000.0,-0.25,0.020000000000000004,-0.17999999999999994,-0.10000000000000009,0.0,0.0,1.7120000000000002,0.0,1.179,0.0,0.5329999999999999,0.0,0.088,0.0,1.1043395370402465,0.0,0.3105121217887923,0.4794,0.2715,0.2886,0.8789,0.0804,1
0.0,0.0,0.5,0.5,0,0,0.7083333333333334,8.929418925714293,9.079181246047625,-0.20000000000000284,-3.0,87.5,0.0,0.0,0.0,0,-1,0,-0.8999999999999986,-4.0,500.0,0.04999999999999993,-0.040000000000000036,-0.09999999999999998,0.19999999999999996,0.09999999999999998,2.592,2.341,0.939,1.067,1.653,1.274,0.108,0.359,0.9731844800911872,1.1426634743995732,0.4399949494659632,0.2724559087673128,0.6413,0.228,0.2269,0.7296,0.0546,1
0.0,0.0,0.5,0.5,0,0,0.22727272727272727,7.698970004336019,8.342422680822207,-7.0,-3.5,70.0,0.0,0.0,0.0,0,0,-16,-0.3999999999999986,-11.0,7500.0,-0.29999999999999993,-0.24999999999999997,0.12,0.09999999999999987,0.050000000000000044,0.0,1.7739999999999998,0.0,1.399,0.0,0.375,0.0,-0.2739999999999999,0.0,0.8012143853944391,0.0,0.301485212462126,0.0,0.215,0.0,0.0,0.0,1
0.0,0.0,0.5,0.5,0,0,20.0,9.0,7.698970004336019,13.5,7.0,87.5,0.0,0.0,0.0,5,11,21,0.3000000000000007,13.0,-2500.0,0.09999999999999998,-0.04000000000000001,0.41999999999999993,0.5,0.09999999999999998,2.451,0.0,0.825,0.0,1.626,0.0,0.349,0.0,1.1980330911358643,0.0,0.3834478089938996,0.0,0.6748,0.0,0.1307,0.8196,0.0699,1
0.0,0.0,0.5,0.5,0,0,1.0909090909090908,8.380211241711606,8.342422680822207,0.5,1.0,81.5,0.0,0.0,0.0,0,0,-5,0.20000000000000284,-1.0,7500.0,-0.29999999999999993,-0.24999999999999997,0.12,0.09999999999999987,0.050000000000000044,1.6960000000000002,1.7739999999999998,1.391,1.399,0.305,0.375,-0.196,-0.2739999999999999,0.8891132124050513,0.8012143853944391,0.3092715455532385,0.301485212462126,0.6244,0.215,0.1437,0.6265,0.0498,1
0.0,0.0,0.5,0.5,0,0,24.0,9.079181246047625,7.698970004336019,14.0,8.0,88.5,0.0,0.0,0.0,1,3,15,-0.10000000000000142,7.0,-500.0,0.0,0.18000000000000002,0.58,0.40000000000000013,0.09999999999999998,2.341,0.0,1.067,0.0,1.274,0.0,0.359,0.0,1.1426634743995732,0.0,0.2724559087673128,0.0,0.6109,0.232,0.1611,0.6545,0.0492,1
0.0,0.0,0.5,0.5,0,0,2.65625,8.929418925714293,8.505149978319906,5.799999999999997,0.0,87.5,0.0,0.0,0.0,1,1,5,0.3999999999999986,2.0,7000.0,-0.20000000000000007,0.15999999999999998,0.30000000000000004,0.5,0.19999999999999996,2.592,1.7120000000000002,0.939,1.179,1.653,0.5329999999999999,0.108,0.088,0.9731844800911872,1.1043395370402465,0.4399949494659632,0.3105121217887923,0.6413,0.2715,0.2269,0.7296,0.0546,1
0.0,0.0,0.5,0.5,0,0,17.0,8.929418925714293,7.698970004336019,13.799999999999997,5.0,87.5,0.0,0.0,0.0,1,2,15,-1.0,3.0,0.0,0.04999999999999993,0.13999999999999999,0.48,0.6000000000000001,0.19999999999999996,2.592,0.0,0.939,0.0,1.653,0.0,0.108,0.0,0.9731844800911872,0.0,0.4399949494659632,0.0,0.6413,0.232,0.2269,0.7296,0.0546,1
0.0,0.0,0.5,0.5,0,0,0.26666666666666666,8.505149978319906,9.079181246047625,-6.0,-3.0,81.5,0.0,0.0,0.0,-1,-2,-5,-1.2999999999999972,-6.0,-6500.0,0.25,-0.2,-0.4,-0.30000000000000004,-0.09999999999999998,1.7120000000000002,2.341,1.179,1.067,0.5329999999999999,1.274,0.088,0.359,1.1043395370402465,1.1426634743995732,0.3105121217887923,0.2724559087673128,0.5541,0.228,0.1745,0.6843,0.0671,1
0.0,0.0,0.5,0.5,0,0,4.545454545454546,9.0,8.342422680822207,6.5,3.5,87.5,0.0,0.0,0.0,5,11,5,-0.09999999999999787,2.0,5000.0,-0.19999999999999996,-0.29,0.5399999999999999,0.5999999999999999,0.15000000000000002,2.451,1.7739999999999998,0.825,1.399,1.626,0.375,0.349,-0.2739999999999999,1.1980330911358643,0.8012143853944391,0.3834478089938996,0.301485212462126,0.6748,0.215,0.1307,0.8196,0.0699,1
0.0,0.0,0.5,0.5,0,0,4.166666666666667,9.0,8.380211241711606,6.0,2.5,87.5,0.0,0.0,0.0,5,11,10,-0.3000000000000007,3.0,-2500.0,0.09999999999999998,-0.04000000000000001,0.41999999999999993,0.5,0.09999999999999998,2.451,1.6960000000000002,0.825,1.391,1.626,0.305,0.349,-0.196,1.1980330911358643,0.8891132124050513,0.3834478089938996,0.3092715455532385,0.6748,0.2319,0.1307,0.8196,0.0699,0
0.0,0.0,0.5,0.5,0,0,0.20833333333333334,7.698970004336019,8.380211241711606,-7.5,-4.5,70.0,0.0,0.0,0.0,0,0,-11,-0.6000000000000014,-10.0,0.0,0.0,0.0,0.0,0.0,0.0,0.0,1.6960000000000002,0.0,1.391,0.0,0.305,0.0,-0.196,0.0,0.8891132124050513,0.0,0.3092715455532385,0.0,0.2319,0.0,0.0,0.0,1
0.0,0.0,0.5,0.5,0,0,1.6666666666666667,8.301029995663981,8.079181246047625,2.5,0.5,81.0,0.0,0.0,0.0,0,4,4,0.0,0.0,0.0,0.0,0.0,0.0,0.0,0.0,1.599,1.6,1.173,1.705,0.426,-0.1049999999999999,0.1009999999999999,0.7,0.9320745946735548,1.397464068315691,0.3812100616603805,0.4263279905841928,0.4719,0.0,0.2898,0.8452,0.0678,0
0.0,0.0,0.5,0.5,0,0,0.4166666666666667,7.698970004336019,8.079181246047625,-4.5,-3.5,70.0,0.0,0.0,0.0,0,0,-7,0.0,0.0,0.0,0.0,0.15,0.44999999999999996,0.0,0.0,0.0,1.6,0.0,1.705,0.0,-0.1049999999999999,0.0,0.7,0.0,1.397464068315691,0.0,0.4263279905841928,0.0,0.0,0.0,0.0,0.0,1
0.0,0.0,0.5,0.5,0,0,9.0,8.653212513775344,7.698970004336019,10.0,9.0,84.0,0.0,0.0,0.0,2,5,13,-0.5,6.0,-1500.0,0.04999999999999993,-0.020000000000000004,0.25,0.30000000000000004,0.09999999999999998,2.161,0.0,1.17,0.0,0.991,0.0,0.439,0.0,1.0807602735652382,0.0,0.5795295026523193,0.0,0.639,0.0,0.189,0.6935,0.066,1
0.0,0.0,0.5,0.5,0,0,0.5294117647058824,8.653212513775344,8.929418925714293,-3.799999999999997,4.0,84.0,0.0,0.0,0.0,1,3,-2,0.5,3.0,-1500.0,0.0,-0.15999999999999998,-0.22999999999999998,-0.30000000000000004,-0.09999999999999998,2.161,2.592,1.17,0.939,0.991,1.653,0.439,0.108,1.0807602735652382,0.9731844800911872,0.5795295026523193,0.4399949494659632,0.639,0.1318,0.189,0.6935,0.066,0
0.0,0.0,0.5,0.5,0,0,5.0,9.0,8.301029995663981,6.5,3.0,87.5,0.0,0.0,0.0,5,7,10,0.3000000000000007,13.0,-2500.0,0.09999999999999998,-0.04000000000000001,0.41999999999999993,0.5,0.09999999999999998,2.451,1.599,0.825,1.173,1.626,0.426,0.349,0.1009999999999999,1.1980330911358643,0.9320745946735548,0.3834478089938996,0.3812100616603805,0.6748,0.2383,0.1307,0.8196,0.0699,1
0.0,0.0,0.5,0.5,0,0,1.1764705882352942,9.0,8.929418925714293,-0.29999999999999716,2.0,87.5,0.0,0.0,0.0,4,9,6,1.3000000000000007,10.0,-2500.0,0.050000000000000044,-0.18,-0.06000000000000005,-0.10000000000000009,-0.09999999999999998,2.451,2.592,0.825,0.939,1.626,1.653,0.349,0.108,1.1980330911358643,0.9731844800911872,0.3834478089938996,0.4399949494659632,0.6748,0.1318,0.1307,0.8196,0.0699,1
0.0,0.0,0.5,0.5,0,0,2.25,8.653212513775344,8.301029995663981,3.0,5.0,84.0,0.0,0.0,0.0,2,1,2,-0.5,6.0,-1500.0,0.04999999999999993,-0.020000000000000004,0.25,0.30000000000000004,0.09999999999999998,2.161,1.599,1.17,1.173,0.991,0.426,0.439,0.1009999999999999,1.0807602735652382,0.9320745946735548,0.5795295026523193,0.3812100616603805,0.639,0.2383,0.189,0.6935,0.066,1
0.0,0.0,0.5,0.5,0,0,0.23529411764705882,8.301029995663981,8.929418925714293,-6.799999999999997,-1.0,81.0,0.0,0.0,0.0,-1,2,-4,1.0,-3.0,0.0,-0.04999999999999993,-0.13999999999999999,-0.48,-0.6000000000000001,-0.19999999999999996,1.599,2.592,1.173,0.939,0.426,1.653,0.1009999999999999,0.108,0.9320745946735548,0.9731844800911872,0.3812100616603805,0.4399949494659632,0.4719,0.1318,0.2898,0.8452,0.0678,1
0.0,0.0,0.5,0.5,0,0,0.45,8.653212513775344,9.0,-3.5,2.0,84.0,0.0,0.0,0.0,-3,-6,-8,-0.8000000000000007,-7.0,1000.0,-0.050000000000000044,0.020000000000000004,-0.16999999999999993,-0.19999999999999996,0.0,2.161,2.451,1.17,0.825,0.991,1.626,0.439,0.349,1.0807602735652382,1.1980330911358643,0.5795295026523193,0.3834478089938996,0.639,0.1945,0.189,0.6935,0.066,1
0.0,0.0,0.5,0.5,0,0,5.0,9.079181246047625,8.380211241711606,6.5,3.5,88.5,0.0,0.0,0.0,1,3,4,-0.7000000000000028,-3.0,-500.0,0.0,0.18000000000000002,0.58,0.40000000000000013,0.09999999999999998,2.341,1.6960000000000002,1.067,1.391,1.274,0.305,0.359,-0.196,1.1426634743995732,0.8891132124050513,0.2724559087673128,0.3092715455532385,0.6109,0.2319,0.1611,0.6545,0.0492,1
0.0,0.0,0.5,0.5,0,0,4.8,8.380211241711606,7.698970004336019,7.5,4.5,81.5,0.0,0.0,0.0,0,0,11,0.6000000000000014,10.0,0.0,0.0,-0.15,-0.44999999999999996,0.0,0.0,1.6960000000000002,0.0,1.391,0.0,0.305,0.0,-0.196,0.0,0.8891132124050513,0.0,0.3092715455532385,0.0,0.6244,0.0,0.1437,0.6265,0.0498,1
0.0,0.0,0.5,0.5,0,0,0.75,8.255272505103306,8.380211241711606,-0.5,0.5,80.5,0.0,0.0,0.0,0,0,-5,-0.6000000000000014,-10.0,0.0,0.0,0.0,0.0,0.0,0.0,2.008,1.6960000000000002,1.38,1.391,0.6280000000000001,0.305,0.1919999999999999,-0.196,1.0959572566962812,0.8891132124050513,0.4442921961452345,0.3092715455532385,0.3957,0.2319,0.259,0.881,0.0469,1
0.0,0.0,0.5,0.5,0,0,0.375,8.653212513775344,9.079181246047625,-4.0,1.0,84.0,0.0,0.0,0.0,1,2,-2,-0.3999999999999986,-1.0,-1000.0,0.04999999999999993,-0.2,-0.32999999999999996,-0.10000000000000009,0.0,2.161,2.341,1.17,1.067,0.991,1.274,0.439,0.359,1.0807602735652382,1.1426634743995732,0.5795295026523193,0.2724559087673128,0.639,0.228,0.189,0.6935,0.066,1
0.0,0.0,0.5,0.5,0,0,1.0,7.698970004336019,7.698970004336019,0.0,0.0,70.0,0.0,0.0,0.0,0,0,0,0.0,0.0,0.0,0.0,0.0,0.0,0.0,0.0,0.0,0.0,0.0,0.0,0.0,0.0,0.0,0.0,0.0,0.0,0.0,0.0,0.0,0.2565,0.0,0.0,0.0,1
0.0,0.0,0.5,0.5,0,0,0.2777777777777778,7.698970004336019,8.255272505103306,-6.0,-2.0,70.0,0.0,0.0,0.0,0,-1,-10,0.0,0.0,-2000.0,0.050000000000000044,0.020000000000000004,0.020000000000000018,-0.20000000000000018,0.0,0.0,1.7420000000000002,0.0,1.473,0.0,0.269,0.0,0.758,0.0,1.5093139957020203,0.0,0.4204177816305003,0.3973,0.2727,0.3302,0.8774,0.0839,1
0.0,0.0,0.5,0.5,0,0,1.0,7.698970004336019,7.698970004336019,0.0,0.0,70.0,0.0,0.0,0.0,0,0,0,0.0,0.0,0.0,0.0,0.0,0.0,0.0,0.0,0.0,0.0,0.0,0.0,0.0,0.0,0.0,0.0,0.0,0.0,0.0,0.0,0.3973,0.0,0.3302,0.8774,0.0839,1
0.0,0.0,0.5,0.5,0,0,0.2777777777777778,7.698970004336019,8.255272505103306,-6.0,-2.0,70.0,0.0,0.0,0.0,0,-1,-10,0.0,0.0,-2000.0,0.050000000000000044,0.020000000000000004,0.020000000000000018,-0.20000000000000018,0.0,0.0,1.7420000000000002,0.0,1.473,0.0,0.269,0.0,0.758,0.0,1.5093139957020203,0.0,0.4204177816305003,0.4026,0.2727,0.3409,0.6122,0.0695,1
0.0,0.0,0.5,0.5,0,0,1.0,7.698970004336019,7.698970004336019,0.0,0.0,70.0,0.0,0.0,0.0,0,0,0,0.0,0.0,0.0,0.0,0.0,0.0,0.0,0.0,0.0,0.0,0.0,0.0,0.0,0.0,0.0,0.0,0.0,0.0,0.0,0.0,0.0,0.2565,0.0,0.0,0.0,1
0.0,0.0,0.5,0.5,0,0,9.0,8.653212513775344,7.698970004336019,10.0,9.0,84.0,0.0,0.0,0.0,2,5,13,-0.5,6.0,-1500.0,0.04999999999999993,-0.020000000000000004,0.25,0.30000000000000004,0.09999999999999998,2.161,0.0,1.17,0.0,0.991,0.0,0.439,0.0,1.0807602735652382,0.0,0.5795295026523193,0.0,0.639,0.0,0.189,0.6935,0.066,1
0.0,0.0,0.5,0.5,0,0,1.5,8.255272505103306,8.079181246047625,1.5,1.5,80.5,0.0,0.0,0.0,0,0,6,0.0,0.0,0.0,0.0,0.0,0.0,0.0,0.0,2.008,1.798,1.38,1.513,0.6280000000000001,0.285,0.1919999999999999,0.1019999999999999,1.0959572566962812,1.082179702707457,0.4442921961452345,0.401214821926276,0.3957,0.221,0.259,0.881,0.0469,1
0.0,0.0,0.5,0.5,0,0,3.75,8.653212513775344,8.079181246047625,4.5,5.5,84.0,0.0,0.0,0.0,2,5,13,-0.5,6.0,-1500.0,0.04999999999999993,-0.020000000000000004,0.25,0.30000000000000004,0.09999999999999998,2.161,1.798,1.17,1.513,0.991,0.285,0.439,0.1019999999999999,1.0807602735652382,1.082179702707457,0.5795295026523193,0.401214821926276,0.639,0.221,0.189,0.6935,0.066,1
0.0,0.0,0.5,0.5,0,0,3.6,8.255272505103306,7.698970004336019,7.0,5.0,80.5,0.0,0.0,0.0,0,0,6,0.0,0.0,0.0,0.0,0.0,0.0,0.0,0.0,2.008,0.0,1.38,0.0,0.6280000000000001,0.0,0.1919999999999999,0.0,1.0959572566962812,0.0,0.4442921961452345,0.0,0.3957,0.0,0.259,0.881,0.0469,1
0.0,0.0,0.5,0.5,0,0,4.8,8.380211241711606,7.698970004336019,7.5,4.5,81.5,0.0,0.0,0.0,0,0,11,0.6000000000000014,10.0,0.0,0.0,-0.15,-0.44999999999999996,0.0,0.0,1.6960000000000002,0.0,1.391,0.0,0.305,0.0,-0.196,0.0,0.8891132124050513,0.0,0.3092715455532385,0.0,0.6244,0.0,0.1437,0.6265,0.0498,1
0.0,0.0,0.5,0.5,0,0,2.4,9.079181246047625,8.698970004336019,3.5,3.5,88.5,0.0,0.0,0.0,1,1,2,-1.4000000000000021,-8.0,-800.0,0.050000000000000044,0.2,0.22999999999999998,0.19999999999999996,0.04999999999999999,2.341,2.002,1.067,1.323,1.274,0.6789999999999999,0.359,-0.1019999999999999,1.1426634743995732,0.9431066534244954,0.2724559087673128,0.3376651859131732,0.6109,0.205,0.1611,0.6545,0.0492,0
0.0,0.0,0.5,0.5,0,0,0.1,7.698970004336019,8.698970004336019,-10.5,-4.5,70.0,0.0,0.0,0.0,0,-2,-13,-1.3000000000000007,-15.0,-300.0,0.050000000000000044,0.16999999999999998,0.09999999999999998,-0.20000000000000018,-0.04999999999999999,0.0,2.002,0.0,1.323,0.0,0.6789999999999999,0.0,-0.1019999999999999,0.0,0.9431066534244954,0.0,0.3376651859131732,0.0,0.205,0.0,0.0,0.0,1
0.0,0.0,0.5,0.5,0,0,4.545454545454546,9.0,8.342422680822207,6.5,3.5,87.5,0.0,0.0,0.0,5,11,5,-0.09999999999999787,2.0,5000.0,-0.19999999999999996,-0.29,0.5399999999999999,0.5999999999999999,0.15000000000000002,2.451,1.7739999999999998,0.825,1.399,1.626,0.375,0.349,-0.2739999999999999,1.1980330911358643,0.8012143853944391,0.3834478089938996,0.301485212462126,0.6748,0.215,0.1307,0.8196,0.0699,1
0.0,0.0,0.5,0.5,0,0,0.045454545454545456,7.698970004336019,9.041392685158225,-14.5,-9.5,70.0,0.0,0.0,0.0,-2,-7,-15,0.3000000000000007,-10.0,200.0,0.0,0.0,-0.52,-0.7000000000000002,-0.09999999999999998,0.0,2.804,0.0,0.5599999999999999,0.0,2.244,0.0,0.296,0.0,1.0649770760444726,0.0,0.2852756951130297,0.0,0.2349,0.0,0.0,0.0,1
0.0,0.0,0.5,0.5,0,0,20.0,9.0,7.698970004336019,13.5,7.0,87.5,0.0,0.0,0.0,5,11,21,0.3000000000000007,13.0,-2500.0,0.09999999999999998,-0.04000000000000001,0.41999999999999993,0.5,0.09999999999999998,2.451,0.0,0.825,0.0,1.626,0.0,0.349,0.0,1.1980330911358643,0.0,0.3834478089938996,0.0,0.6748,0.0,0.1307,0.8196,0.0699,0
0.0,0.0,0.5,0.5,0,0,5.0,9.041392685158225,8.342422680822207,7.5,6.0,89.0,0.0,0.0,0.0,2,7,-1,-0.6999999999999993,-1.0,7300.0,-0.29999999999999993,-0.24999999999999997,0.64,0.8,0.15000000000000002,2.804,1.7739999999999998,0.5599999999999999,1.399,2.244,0.375,0.296,-0.2739999999999999,1.0649770760444726,0.8012143853944391,0.2852756951130297,0.301485212462126,0.7185,0.215,0.05,0.6062,0.0885,1
0.0,0.0,0.5,0.5,0,0,1.0,7.698970004336019,7.698970004336019,0.0,0.0,70.0,0.0,0.0,0.0,0,0,0,0.0,0.0,0.0,0.0,0.0,0.0,0.0,0.0,0.0,0.0,0.0,0.0,0.0,0.0,0.0,0.0,0.0,0.0,0.0,0.0,0.0,0.0,0.0,0.0,0.0,1
0.0,0.0,0.5,0.5,0,0,0.05,7.698970004336019,9.0,-13.5,-7.0,70.0,0.0,0.0,0.0,-5,-11,-21,-0.3000000000000007,-13.0,2500.0,-0.09999999999999998,0.04000000000000001,-0.41999999999999993,-0.5,-0.09999999999999998,0.0,2.451,0.0,0.825,0.0,1.626,0.0,0.349,0.0,1.1980330911358643,0.0,0.3834478089938996,0.3973,0.1945,0.3302,0.8774,0.0839,1
0.0,0.0,0.5,0.5,0,0,0.2777777777777778,7.698970004336019,8.255272505103306,-7.0,-5.0,70.0,0.0,0.0,0.0,0,0,-6,0.0,0.0,0.0,0.0,0.0,0.0,0.0,0.0,0.0,2.008,0.0,1.38,0.0,0.6280000000000001,0.0,0.1919999999999999,0.0,1.0959572566962812,0.0,0.4442921961452345,0.0,0.3453,0.0,0.0,0.0,1
0.0,0.0,0.5,0.5,0,0,0.1111111111111111,7.698970004336019,8.653212513775344,-10.0,-9.0,70.0,0.0,0.0,0.0,-2,-5,-13,0.5,-6.0,1500.0,-0.04999999999999993,0.020000000000000004,-0.25,-0.30000000000000004,-0.09999999999999998,0.0,2.161,0.0,1.17,0.0,0.991,0.0,0.439,0.0,1.0807602735652382,0.0,0.5795295026523193,0.3973,0.172,0.3302,0.8774,0.0839,1
0.0,0.0,0.5,0.5,0,0,0.4,8.255272505103306,8.653212513775344,-3.0,-4.0,80.5,0.0,0.0,0.0,-2,-5,-7,0.5,-6.0,1500.0,-0.04999999999999993,0.020000000000000004,-0.25,-0.30000000000000004,-0.09999999999999998,2.008,2.161,1.38,1.17,0.6280000000000001,0.991,0.1919999999999999,0.439,1.0959572566962812,1.0807602735652382,0.4442921961452345,0.5795295026523193,0.3957,0.172,0.259,0.881,0.0469,1
0.0,0.0,0.5,0.5,0,0,1.0,7.698970004336019,7.698970004336019,0.0,0.0,70.0,0.0,0.0,0.0,0,0,0,0.0,0.0,0.0,0.0,0.0,0.0,0.0,0.0,0.0,0.0,0.0,0.0,0.0,0.0,0.0,0.0,0.0,0.0,0.0,0.0,0.0,0.2725,0.0,0.0,0.0,1
0.0,0.0,0.5,0.5,0,0,4.0,8.301029995663981,7.698970004336019,7.0,4.0,81.0,0.0,0.0,0.0,0,4,11,0.0,0.0,0.0,0.0,0.0,0.0,0.0,0.0,1.599,0.0,1.173,0.0,0.426,0.0,0.1009999999999999,0.0,0.9320745946735548,0.0,0.3812100616603805,0.0,0.4719,0.2725,0.2898,0.8452,0.0678,1
0.0,0.0,0.5,0.5,0,0,4.0,8.301029995663981,7.698970004336019,7.0,4.0,81.0,0.0,0.0,0.0,0,4,11,0.0,0.0,0.0,0.0,0.0,0.0,0.0,0.0,1.599,0.0,1.173,0.0,0.426,0.0,0.1009999999999999,0.0,0.9320745946735548,0.0,0.3812100616603805,0.0,0.4719,0.3051,0.2898,0.8452,0.0678,0
0.0,0.0,0.5,0.5,0,0,0.22727272727272727,7.698970004336019,8.342422680822207,-7.0,-3.5,70.0,0.0,0.0,0.0,0,0,-16,-0.3999999999999986,-11.0,7500.0,-0.29999999999999993,-0.24999999999999997,0.12,0.09999999999999987,0.050000000000000044,0.0,1.7739999999999998,0.0,1.399,0.0,0.375,0.0,-0.2739999999999999,0.0,0.8012143853944391,0.0,0.301485212462126,0.3973,0.215,0.3302,0.8774,0.0839,1
0.0,0.0,0.5,0.5,0,0,1.0,7.698970004336019,7.698970004336019,0.0,0.0,70.0,0.0,0.0,0.0,0,0,0,0.0,0.0,0.0,0.0,0.0,0.0,0.0,0.0,0.0,0.0,0.0,0.0,0.0,0.0,0.0,0.0,0.0,0.0,0.0,0.0,0.5196,0.2725,0.1753,0.6713,0.0764,1
0.0,0.0,0.5,0.5,0,0,5.555555555555555,9.0,8.255272505103306,6.5,2.0,87.5,0.0,0.0,0.0,5,11,15,0.3000000000000007,13.0,-2500.0,0.09999999999999998,-0.04000000000000001,0.41999999999999993,0.5,0.09999999999999998,2.451,2.008,0.825,1.38,1.626,0.6280000000000001,0.349,0.1919999999999999,1.1980330911358643,1.0959572566962812,0.3834478089938996,0.4442921961452345,0.6748,0.3453,0.1307,0.8196,0.0699,1
0.0,0.0,0.5,0.5,0,0,0.041666666666666664,7.698970004336019,9.079181246047625,-14.0,-8.0,70.0,0.0,0.0,0.0,-1,-3,-15,0.10000000000000142,-7.0,500.0,0.0,-0.18000000000000002,-0.58,-0.40000000000000013,-0.09999999999999998,0.0,2.341,0.0,1.067,0.0,1.274,0.0,0.359,0.0,1.1426634743995732,0.0,0.2724559087673128,0.0,0.228,0.0,0.0,0.0,0
0.0,0.0,0.5,0.5,0,0,0.8333333333333334,9.0,9.079181246047625,-0.5,-1.0,87.5,0.0,0.0,0.0,4,8,6,0.40000000000000213,6.0,-2000.0,0.09999999999999998,-0.22000000000000003,-0.16000000000000003,0.09999999999999987,0.0,2.451,2.341,0.825,1.067,1.626,1.274,0.349,0.359,1.1980330911358643,1.1426634743995732,0.3834478089938996,0.2724559087673128,0.6748,0.228,0.1307,0.8196,0.0699,0
0.0,0.0,0.5,0.5,0,0,0.2777777777777778,7.698970004336019,8.255272505103306,-7.0,-5.0,70.0,0.0,0.0,0.0,0,0,-6,0.0,0.0,0.0,0.0,0.0,0.0,0.0,0.0,0.0,2.008,0.0,1.38,0.0,0.6280000000000001,0.0,0.1919999999999999,0.0,1.0959572566962812,0.0,0.4442921961452345,0.0,0.3453,0.0,0.0,0.0,1
0.0,0.0,0.5,0.5,0,0,6.666666666666667,9.079181246047625,8.255272505103306,7.0,3.0,88.5,0.0,0.0,0.0,1,3,9,-0.10000000000000142,7.0,-500.0,0.0,0.18000000000000002,0.58,0.40000000000000013,0.09999999999999998,2.341,2.008,1.067,1.38,1.274,0.6280000000000001,0.359,0.1919999999999999,1.1426634743995732,1.0959572566962812,0.2724559087673128,0.4442921961452345,0.6109,0.3453,0.1611,0.6545,0.0492,0
0.0,0.0,0.5,0.5,0,0,20.0,9.0,7.698970004336019,13.5,7.0,87.5,0.0,0.0,0.0,5,11,21,0.3000000000000007,13.0,-2500.0,0.09999999999999998,-0.04000000000000001,0.41999999999999993,0.5,0.09999999999999998,2.451,0.0,0.825,0.0,1.626,0.0,0.349,0.0,1.1980330911358643,0.0,0.3834478089938996,0.0,0.6748,0.0,0.1307,0.8196,0.0699,1
0.0,0.0,0.5,0.5,0,0,1.0,8.079181246047625,8.079181246047625,-1.0,0.0,78.0,0.0,0.0,0.0,0,0,7,0.0,0.0,0.0,0.0,0.0,0.0,0.0,0.0,1.6,1.798,1.705,1.513,-0.1049999999999999,0.285,0.7,0.1019999999999999,1.397464068315691,1.082179702707457,0.4263279905841928,0.401214821926276,0.0,0.221,0.0,0.0,0.0,1
0.0,0.0,0.5,0.5,0,0,9.166666666666666,9.041392685158225,8.079181246047625,9.0,6.0,89.0,0.0,0.0,0.0,2,7,15,-0.3000000000000007,10.0,-200.0,0.0,0.0,0.52,0.7000000000000002,0.09999999999999998,2.804,1.798,0.5599999999999999,1.513,2.244,0.285,0.296,0.1019999999999999,1.0649770760444726,1.082179702707457,0.2852756951130297,0.401214821926276,0.7185,0.221,0.05,0.6062,0.0885,1
0.0,0.0,0.5,0.5,0,0,2.4,8.079181246047625,7.698970004336019,4.5,3.5,78.0,0.0,0.0,0.0,0,0,7,0.0,0.0,0.0,0.0,0.0,0.0,0.0,0.0,1.6,0.0,1.705,0.0,-0.1049999999999999,0.0,0.7,0.0,1.397464068315691,0.0,0.4263279905841928,0.0,0.0,0.0,0.0,0.0,0.0,0
0.0,0.0,0.5,0.5,0,0,0.9090909090909091,8.301029995663981,8.342422680822207,0.0,0.5,81.0,0.0,0.0,0.0,0,4,-5,-0.3999999999999986,-11.0,7500.0,-0.29999999999999993,-0.24999999999999997,0.12,0.09999999999999987,0.050000000000000044,1.599,1.7739999999999998,1.173,1.399,0.426,0.375,0.1009999999999999,-0.2739999999999999,0.9320745946735548,0.8012143853944391,0.3812100616603805,0.301485212462126,0.4719,0.215,0.2898,0.8452,0.0678,1
0.0,0.0,0.5,0.5,0,0,1.0,7.698970004336019,7.698970004336019,0.0,0.0,70.0,0.0,0.0,0.0,0,0,0,0.0,0.0,0.0,0.0,0.0,0.0,0.0,0.0,0.0,0.0,0.0,0.0,0.0,0.0,0.0,0.0,0.0,0.0,0.0,0.0,0.3973,0.3051,0.3302,0.8774,0.0839,0
0.0,0.0,0.5,0.5,0,0,4.4,8.342422680822207,7.698970004336019,7.0,3.5,80.0,0.0,0.0,0.0,0,0,16,0.3999999999999986,11.0,-7500.0,0.29999999999999993,0.24999999999999997,-0.12,-0.09999999999999987,-0.050000000000000044,1.7739999999999998,0.0,1.399,0.0,0.375,0.0,-0.2739999999999999,0.0,0.8012143853944391,0.0,0.301485212462126,0.0,0.5765,0.3051,0.2085,0.7166,0.0536,0
0.0,0.0,0.5,0.5,0,0,17.0,8.929418925714293,7.698970004336019,14.0,8.5,88.0,0.0,0.0,0.0,3,6,17,1.0,20.0,-1500.0,0.04999999999999993,-0.020000000000000004,0.44999999999999996,0.8000000000000003,0.19999999999999996,2.884,0.0,0.95,0.0,1.934,0.0,0.616,0.0,1.2457596956683417,0.0,0.4170851232062826,0.0,0.6331,0.0,0.1742,0.6174,0.0833,0
0.0,0.0,0.5,0.5,0,0,1.0,7.698970004336019,7.698970004336019,0.0,0.0,70.0,0.0,0.0,0.0,0,0,0,0.0,0.0,0.0,0.0,0.0,0.0,0.0,0.0,0.0,0.0,0.0,0.0,0.0,0.0,0.0,0.0,0.0,0.0,0.0,0.0,0.0,0.0,0.0,0.0,0.0,1
0.0,0.0,0.5,0.5,0,0,1.0,7.698970004336019,7.698970004336019,0.0,0.0,70.0,0.0,0.0,0.0,0,0,0,0.0,0.0,0.0,0.0,0.0,0.0,0.0,0.0,0.0,0.0,0.0,0.0,0.0,0.0,0.0,0.0,0.0,0.0,0.0,0.0,0.0,0.0,0.0,0.0,0.0,0
0.0,0.0,0.5,0.5,0,0,17.0,8.929418925714293,7.698970004336019,14.0,8.5,88.0,0.0,0.0,0.0,3,6,17,1.0,20.0,-1500.0,0.04999999999999993,-0.020000000000000004,0.44999999999999996,0.8000000000000003,0.19999999999999996,2.884,0.0,0.95,0.0,1.934,0.0,0.616,0.0,1.2457596956683417,0.0,0.4170851232062826,0.0,0.6331,0.0,0.1742,0.6174,0.0833,1
0.0,0.0,0.5,0.5,0,0,1.0,7.698970004336019,7.698970004336019,0.0,0.0,70.0,0.0,0.0,0.0,0,0,0,0.0,0.0,0.0,0.0,0.0,0.0,0.0,0.0,0.0,0.0,0.0,0.0,0.0,0.0,0.0,0.0,0.0,0.0,0.0,0.0,0.0,0.0,0.0,0.0,0.0,0
0.0,0.0,0.5,0.5,0,0,0.058823529411764705,7.698970004336019,8.929418925714293,-14.0,-8.5,70.0,0.0,0.0,0.0,-3,-6,-17,-1.0,-20.0,1500.0,-0.04999999999999993,0.020000000000000004,-0.44999999999999996,-0.8000000000000003,-0.19999999999999996,0.0,2.884,0.0,0.95,0.0,1.934,0.0,0.616,0.0,1.2457596956683417,0.0,0.4170851232062826,0.0,0.1927,0.0,0.0,0.0,1
0.0,0.0,0.5,0.5,0,0,1.0,7.698970004336019,7.698970004336019,0.0,0.0,70.0,0.0,0.0,0.0,0,0,0,0.0,0.0,0.0,0.0,0.0,0.0,0.0,0.0,0.0,0.0,0.0,0.0,0.0,0.0,0.0,0.0,0.0,0.0,0.0,0.0,0.0,0.0,0.0,0.0,0.0,1
0.0,0.0,0.5,0.5,0,0,9.166666666666666,9.041392685158225,8.079181246047625,10.0,6.0,89.0,0.0,0.0,0.0,2,7,8,-0.3000000000000007,10.0,-200.0,0.0,0.0,0.52,0.7000000000000002,0.09999999999999998,2.804,1.6,0.5599999999999999,1.705,2.244,-0.1049999999999999,0.296,0.7,1.0649770760444726,1.397464068315691,0.2852756951130297,0.4263279905841928,0.7185,0.0,0.05,0.6062,0.0885,1
0.0,0.0,0.5,0.5,0,0,0.4166666666666667,7.698970004336019,8.079181246047625,-5.5,-3.5,70.0,0.0,0.0,0.0,0,0,0,0.0,0.0,0.0,0.0,0.0,0.0,0.0,0.0,0.0,1.798,0.0,1.513,0.0,0.285,0.0,0.1019999999999999,0.0,1.082179702707457,0.0,0.401214821926276,0.0,0.221,0.0,0.0,0.0,0
0.0,0.0,0.5,0.5,0,0,0.045454545454545456,7.698970004336019,9.041392685158225,-14.5,-9.5,70.0,0.0,0.0,0.0,-2,-7,-15,0.3000000000000007,-10.0,200.0,0.0,0.0,-0.52,-0.7000000000000002,-0.09999999999999998,0.0,2.804,0.0,0.5599999999999999,0.0,2.244,0.0,0.296,0.0,1.0649770760444726,0.0,0.2852756951130297,0.0,0.2349,0.0,0.0,0.0,1
0.0,0.0,0.5,0.5,0,0,22.0,9.041392685158225,7.698970004336019,14.5,9.5,89.0,0.0,0.0,0.0,2,7,15,-0.3000000000000007,10.0,-200.0,0.0,0.0,0.52,0.7000000000000002,0.09999999999999998,2.804,0.0,0.5599999999999999,0.0,2.244,0.0,0.296,0.0,1.0649770760444726,0.0,0.2852756951130297,0.0,0.7185,0.0,0.05,0.6062,0.0885,1
0.0,0.0,0.5,0.5,0,0,4.0,8.301029995663981,7.698970004336019,7.0,4.0,81.0,0.0,0.0,0.0,0,4,11,0.0,0.0,0.0,0.0,0.0,0.0,0.0,0.0,1.599,0.0,1.173,0.0,0.426,0.0,0.1009999999999999,0.0,0.9320745946735548,0.0,0.3812100616603805,0.0,0.4719,0.0,0.2898,0.8452,0.0678,1
0.0,0.0,0.5,0.5,0,0,0.9090909090909091,9.0,9.041392685158225,-1.0,-2.5,87.5,0.0,0.0,0.0,3,4,6,0.6000000000000014,3.0,-2300.0,0.09999999999999998,-0.04000000000000001,-0.10000000000000009,-0.20000000000000018,0.0,2.451,2.804,0.825,0.5599999999999999,1.626,2.244,0.349,0.296,1.1980330911358643,1.0649770760444726,0.3834478089938996,0.2852756951130297,0.6748,0.2349,0.1307,0.8196,0.0699,1
0.0,0.0,0.5,0.5,0,0,1.0,7.698970004336019,7.698970004336019,0.0,0.0,70.0,0.0,0.0,0.0,0,0,0,0.0,0.0,0.0,0.0,0.0,0.0,0.0,0.0,0.0,0.0,0.0,0.0,0.0,0.0,0.0,0.0,0.0,0.0,0.0,0.0,0.0,0.0,0.0,0.0,0.0,1
0.0,0.0,0.5,0.5,0,0,4.0,8.301029995663981,7.698970004336019,7.0,4.0,81.0,0.0,0.0,0.0,0,4,11,0.0,0.0,0.0,0.0,0.0,0.0,0.0,0.0,1.599,0.0,1.173,0.0,0.426,0.0,0.1009999999999999,0.0,0.9320745946735548,0.0,0.3812100616603805,0.0,0.4719,0.0,0.2898,0.8452,0.0678,1
0.0,0.0,0.5,0.5,0,0,22.0,9.041392685158225,7.698970004336019,14.5,9.5,89.0,0.0,0.0,0.0,2,7,15,-0.3000000000000007,10.0,-200.0,0.0,0.0,0.52,0.7000000000000002,0.09999999999999998,2.804,0.0,0.5599999999999999,0.0,2.244,0.0,0.296,0.0,1.0649770760444726,0.0,0.2852756951130297,0.0,0.7185,0.0,0.05,0.6062,0.0885,1
0.0,0.0,0.5,0.5,0,0,20.0,9.0,7.698970004336019,13.5,7.0,87.5,0.0,0.0,0.0,5,11,21,0.3000000000000007,13.0,-2500.0,0.09999999999999998,-0.04000000000000001,0.41999999999999993,0.5,0.09999999999999998,2.451,0.0,0.825,0.0,1.626,0.0,0.349,0.0,1.1980330911358643,0.0,0.3834478089938996,0.0,0.6748,0.3051,0.1307,0.8196,0.0699,1
0.0,0.0,0.5,0.5,0,0,5.0,9.0,8.301029995663981,6.5,3.0,87.5,0.0,0.0,0.0,5,7,10,0.3000000000000007,13.0,-2500.0,0.09999999999999998,-0.04000000000000001,0.41999999999999993,0.5,0.09999999999999998,2.451,1.599,0.825,1.173,1.626,0.426,0.349,0.1009999999999999,1.1980330911358643,0.9320745946735548,0.3834478089938996,0.3812100616603805,0.6748,0.2383,0.1307,0.8196,0.0699,1
0.0,0.0,0.5,0.5,0,0,0.041666666666666664,7.698970004336019,9.079181246047625,-14.0,-8.0,70.0,0.0,0.0,0.0,-1,-3,-15,0.10000000000000142,-7.0,500.0,0.0,-0.18000000000000002,-0.58,-0.40000000000000013,-0.09999999999999998,0.0,2.341,0.0,1.067,0.0,1.274,0.0,0.359,0.0,1.1426634743995732,0.0,0.2724559087673128,0.0,0.228,0.0,0.0,0.0,1
0.0,0.0,0.5,0.5,0,0,0.20833333333333334,7.698970004336019,8.380211241711606,-7.5,-4.5,70.0,0.0,0.0,0.0,0,0,-11,-0.6000000000000014,-10.0,0.0,0.0,0.0,0.0,0.0,0.0,0.0,1.6960000000000002,0.0,1.391,0.0,0.305,0.0,-0.196,0.0,0.8891132124050513,0.0,0.3092715455532385,0.4794,0.2319,0.2886,0.8789,0.0804,1
0.0,0.0,0.5,0.5,0,0,0.1111111111111111,7.698970004336019,8.653212513775344,-10.0,-9.0,70.0,0.0,0.0,0.0,-2,-5,-13,0.5,-6.0,1500.0,-0.04999999999999993,0.020000000000000004,-0.25,-0.30000000000000004,-0.09999999999999998,0.0,2.161,0.0,1.17,0.0,0.991,0.0,0.439,0.0,1.0807602735652382,0.0,0.5795295026523193,0.0,0.172,0.0,0.0,0.0,1
0.0,0.0,0.5,0.5,0,0,0.16666666666666666,7.698970004336019,8.477121254719663,-8.5,-6.5,70.0,0.0,0.0,0.0,0,0,-5,-0.1999999999999993,-5.0,4000.0,-0.15000000000000002,0.04000000000000001,-0.15000000000000002,-0.20000000000000018,-0.04999999999999999,0.0,1.959,0.0,1.329,0.0,0.63,0.0,0.741,0.0,1.3862285654790514,0.0,0.2850516522394571,0.0,0.2643,0.0,0.0,0.0,1
0.0,0.0,0.5,0.5,0,0,0.1111111111111111,7.698970004336019,8.653212513775344,-10.0,-9.0,70.0,0.0,0.0,0.0,-2,-5,-13,0.5,-6.0,1500.0,-0.04999999999999993,0.020000000000000004,-0.25,-0.30000000000000004,-0.09999999999999998,0.0,2.161,0.0,1.17,0.0,0.991,0.0,0.439,0.0,1.0807602735652382,0.0,0.5795295026523193,0.0,0.172,0.0,0.0,0.0,1
0.0,0.0,0.5,0.5,0,0,1.0,7.698970004336019,7.698970004336019,0.0,0.0,70.0,0.0,0.0,0.0,0,0,0,0.0,0.0,0.0,0.0,0.0,0.0,0.0,0.0,0.0,0.0,0.0,0.0,0.0,0.0,0.0,0.0,0.0,0.0,0.0,0.0,0.0,0.0,0.0,0.0,0.0,1
0.0,0.0,0.5,0.5,0,0,1.5,8.653212513775344,8.477121254719663,1.5,2.5,84.0,0.0,0.0,0.0,2,5,8,-0.6999999999999993,1.0,2500.0,-0.10000000000000009,0.020000000000000004,0.09999999999999998,0.09999999999999987,0.04999999999999999,2.161,1.959,1.17,1.329,0.991,0.63,0.439,0.741,1.0807602735652382,1.3862285654790514,0.5795295026523193,0.2850516522394571,0.639,0.2643,0.189,0.6935,0.066,1
0.0,0.0,0.5,0.5,0,0,0.16666666666666666,7.698970004336019,8.477121254719663,-8.5,-6.5,70.0,0.0,0.0,0.0,0,0,-5,-0.1999999999999993,-5.0,4000.0,-0.15000000000000002,0.04000000000000001,-0.15000000000000002,-0.20000000000000018,-0.04999999999999999,0.0,1.959,0.0,1.329,0.0,0.63,0.0,0.741,0.0,1.3862285654790514,0.0,0.2850516522394571,0.0,0.2643,0.0,0.0,0.0,0
0.0,0.0,0.5,0.5,0,0,0.058823529411764705,7.698970004336019,8.929418925714293,-14.0,-8.5,70.0,0.0,0.0,0.0,-3,-6,-17,-1.0,-20.0,1500.0,-0.04999999999999993,0.020000000000000004,-0.44999999999999996,-0.8000000000000003,-0.19999999999999996,0.0,2.884,0.0,0.95,0.0,1.934,0.0,0.616,0.0,1.2457596956683417,0.0,0.4170851232062826,0.3973,0.1927,0.3302,0.8774,0.0839,0
0.0,0.0,0.5,0.5,0,0,1.0,7.698970004336019,7.698970004336019,0.0,0.0,70.0,0.0,0.0,0.0,0,0,0,0.0,0.0,0.0,0.0,0.0,0.0,0.0,0.0,0.0,0.0,0.0,0.0,0.0,0.0,0.0,0.0,0.0,0.0,0.0,0.0,0.3973,0.0,0.3302,0.8774,0.0839,1
0.0,0.0,0.5,0.5,0,0,1.411764705882353,9.079181246047625,8.929418925714293,0.0,-0.5,88.5,0.0,0.0,0.0,-2,-3,-2,-1.1000000000000014,-13.0,1000.0,-0.04999999999999993,0.2,0.13,-0.40000000000000013,-0.09999999999999998,2.341,2.884,1.067,0.95,1.274,1.934,0.359,0.616,1.1426634743995732,1.2457596956683417,0.2724559087673128,0.4170851232062826,0.6109,0.1927,0.1611,0.6545,0.0492,1
0.0,0.0,0.5,0.5,0,0,0.041666666666666664,7.698970004336019,9.079181246047625,-14.0,-8.0,70.0,0.0,0.0,0.0,-1,-3,-15,0.10000000000000142,-7.0,500.0,0.0,-0.18000000000000002,-0.58,-0.40000000000000013,-0.09999999999999998,0.0,2.341,0.0,1.067,0.0,1.274,0.0,0.359,0.0,1.1426634743995732,0.0,0.2724559087673128,0.3973,0.228,0.3302,0.8774,0.0839,1
0.0,0.0,0.5,0.5,0,0,17.0,8.929418925714293,7.698970004336019,14.0,8.5,88.0,0.0,0.0,0.0,3,6,17,1.0,20.0,-1500.0,0.04999999999999993,-0.020000000000000004,0.44999999999999996,0.8000000000000003,0.19999999999999996,2.884,0.0,0.95,0.0,1.934,0.0,0.616,0.0,1.2457596956683417,0.0,0.4170851232062826,0.0,0.6331,0.0,0.1742,0.6174,0.0833,1
0.0,0.0,0.5,0.5,0,0,4.4,8.342422680822207,7.698970004336019,7.0,3.5,80.0,0.0,0.0,0.0,0,0,16,0.3999999999999986,11.0,-7500.0,0.29999999999999993,0.24999999999999997,-0.12,-0.09999999999999987,-0.050000000000000044,1.7739999999999998,0.0,1.399,0.0,0.375,0.0,-0.2739999999999999,0.0,0.8012143853944391,0.0,0.301485212462126,0.0,0.5765,0.0,0.2085,0.7166,0.0536,1
0.0,0.0,0.5,0.5,0,0,1.1764705882352942,9.0,8.929418925714293,-0.29999999999999716,2.0,87.5,0.0,0.0,0.0,4,9,6,1.3000000000000007,10.0,-2500.0,0.050000000000000044,-0.18,-0.06000000000000005,-0.10000000000000009,-0.09999999999999998,2.451,2.592,0.825,0.939,1.626,1.653,0.349,0.108,1.1980330911358643,0.9731844800911872,0.3834478089938996,0.4399949494659632,0.6748,0.1318,0.1307,0.8196,0.0699,1
0.0,0.0,0.5,0.5,0,0,3.8636363636363638,8.929418925714293,8.342422680822207,6.799999999999997,1.5,87.5,0.0,0.0,0.0,1,2,-1,-1.3999999999999986,-8.0,7500.0,-0.25,-0.10999999999999999,0.6,0.7,0.25,2.592,1.7739999999999998,0.939,1.399,1.653,0.375,0.108,-0.2739999999999999,0.9731844800911872,0.8012143853944391,0.4399949494659632,0.301485212462126,0.6413,0.215,0.2269,0.7296,0.0546,1
0.0,0.0,0.5,0.5,0,0,20.0,9.0,7.698970004336019,13.5,7.0,87.5,0.0,0.0,0.0,5,11,21,0.3000000000000007,13.0,-2500.0,0.09999999999999998,-0.04000000000000001,0.41999999999999993,0.5,0.09999999999999998,2.451,0.0,0.825,0.0,1.626,0.0,0.349,0.0,1.1980330911358643,0.0,0.3834478089938996,0.0,0.6748,0.0,0.1307,0.8196,0.0699,0
0.0,0.0,0.5,0.5,0,0,0.058823529411764705,7.698970004336019,8.929418925714293,-13.799999999999997,-5.0,70.0,0.0,0.0,0.0,-1,-2,-15,1.0,-3.0,0.0,-0.04999999999999993,-0.13999999999999999,-0.48,-0.6000000000000001,-0.19999999999999996,0.0,2.592,0.0,0.939,0.0,1.653,0.0,0.108,0.0,0.9731844800911872,0.0,0.4399949494659632,0.0,0.1318,0.0,0.0,0.0,1
0.0,0.0,0.5,0.5,0,0,4.545454545454546,9.0,8.342422680822207,6.5,3.5,87.5,0.0,0.0,0.0,5,11,5,-0.09999999999999787,2.0,5000.0,-0.19999999999999996,-0.29,0.5399999999999999,0.5999999999999999,0.15000000000000002,2.451,1.7739999999999998,0.825,1.399,1.626,0.375,0.349,-0.2739999999999999,1.1980330911358643,0.8012143853944391,0.3834478089938996,0.301485212462126,0.6748,0.215,0.1307,0.8196,0.0699,1
0.0,0.0,0.5,0.5,0,0,0.20833333333333334,7.698970004336019,8.380211241711606,-7.5,-4.5,70.0,0.0,0.0,0.0,0,0,-11,-0.6000000000000014,-10.0,0.0,0.0,0.15,0.44999999999999996,0.0,0.0,0.0,1.6960000000000002,0.0,1.391,0.0,0.305,0.0,-0.196,0.0,0.8891132124050513,0.0,0.3092715455532385,0.0,0.2319,0.0,0.0,0.0,1
0.0,0.0,0.5,0.5,0,0,1.0,7.698970004336019,7.698970004336019,0.0,0.0,70.0,0.0,0.0,0.0,0,0,0,0.0,0.0,0.0,0.0,0.0,0.0,0.0,0.0,0.0,0.0,0.0,0.0,0.0,0.0,0.0,0.0,0.0,0.0,0.0,0.0,0.0,0.232,0.0,0.0,0.0,1
0.0,0.0,0.5,0.5,0,0,0.20833333333333334,7.698970004336019,8.380211241711606,-7.5,-4.5,70.0,0.0,0.0,0.0,0,0,-11,-0.6000000000000014,-10.0,0.0,0.0,0.0,0.0,0.0,0.0,0.0,1.6960000000000002,0.0,1.391,0.0,0.305,0.0,-0.196,0.0,0.8891132124050513,0.0,0.3092715455532385,0.0,0.2319,0.0,0.0,0.0,1
0.0,0.0,0.5,0.5,0,0,1.0,7.698970004336019,7.698970004336019,0.0,0.0,70.0,0.0,0.0,0.0,0,0,0,0.0,0.0,0.0,0.0,-0.15,-0.44999999999999996,0.0,0.0,0.0,0.0,0.0,0.0,0.0,0.0,0.0,0.0,0.0,0.0,0.0,0.0,0.4794,0.0,0.2886,0.8789,0.0804,1
0.0,0.0,0.5,0.5,0,0,1.0,7.698970004336019,7.698970004336019,0.0,0.0,70.0,0.0,0.0,0.0,0,0,0,0.0,0.0,0.0,0.0,-0.15,-0.44999999999999996,0.0,0.0,0.0,0.0,0.0,0.0,0.0,0.0,0.0,0.0,0.0,0.0,0.0,0.0,0.0,0.0,0.0,0.0,0.0,0
0.0,0.0,0.5,0.5,0,0,1.0,7.698970004336019,7.698970004336019,0.0,0.0,70.0,0.0,0.0,0.0,0,0,0,0.0,0.0,0.0,0.0,0.0,0.0,0.0,0.0,0.0,0.0,0.0,0.0,0.0,0.0,0.0,0.0,0.0,0.0,0.0,0.0,0.4794,0.0,0.2886,0.8789,0.0804,1
0.0,0.0,0.5,0.5,0,0,20.0,9.0,7.698970004336019,13.5,7.0,87.5,0.0,0.0,0.0,5,11,21,0.3000000000000007,13.0,-2500.0,0.09999999999999998,-0.04000000000000001,0.41999999999999993,0.5,0.09999999999999998,2.451,0.0,0.825,0.0,1.626,0.0,0.349,0.0,1.1980330911358643,0.0,0.3834478089938996,0.0,0.6748,0.232,0.1307,0.8196,0.0699,1
0.0,0.0,0.5,0.5,0,0,1.0,7.698970004336019,7.698970004336019,0.0,0.0,70.0,0.0,0.0,0.0,0,0,0,0.0,0.0,0.0,0.0,0.0,0.0,0.0,0.0,0.0,0.0,0.0,0.0,0.0,0.0,0.0,0.0,0.0,0.0,0.0,0.0,0.0,0.0,0.0,0.0,0.0,1
0.0,0.0,0.5,0.5,0,0,1.0,7.698970004336019,7.698970004336019,0.0,0.0,70.0,0.0,0.0,0.0,0,0,0,0.0,0.0,0.0,0.0,0.0,0.0,0.0,0.0,0.0,0.0,0.0,0.0,0.0,0.0,0.0,0.0,0.0,0.0,0.0,0.0,0.0,0.0,0.0,0.0,0.0,1
0.0,0.0,0.5,0.5,0,0,0.8333333333333334,9.0,9.079181246047625,-0.5,-1.0,87.5,0.0,0.0,0.0,4,8,6,0.40000000000000213,6.0,-2000.0,0.09999999999999998,-0.22000000000000003,-0.16000000000000003,0.09999999999999987,0.0,2.451,2.341,0.825,1.067,1.626,1.274,0.349,0.359,1.1980330911358643,1.1426634743995732,0.3834478089938996,0.2724559087673128,0.6748,0.228,0.1307,0.8196,0.0699,1
0.0,0.0,0.5,0.5,0,0,1.0,7.698970004336019,7.698970004336019,0.0,0.0,70.0,0.0,0.0,0.0,0,0,0,0.0,0.0,0.0,0.0,0.0,0.0,0.0,0.0,0.0,0.0,0.0,0.0,0.0,0.0,0.0,0.0,0.0,0.0,0.0,0.0,0.0,0.2725,0.0,0.0,0.0,1
0.0,0.0,0.5,0.5,0,0,1.0,7.698970004336019,7.698970004336019,0.0,0.0,70.0,0.0,0.0,0.0,0,0,0,0.0,0.0,0.0,0.0,0.0,0.0,0.0,0.0,0.0,0.0,0.0,0.0,0.0,0.0,0.0,0.0,0.0,0.0,0.0,0.0,0.4794,0.0,0.2886,0.8789,0.0804,1
0.0,0.0,0.5,0.5,0,0,20.0,9.0,7.698970004336019,13.5,7.0,87.5,0.0,0.0,0.0,5,11,21,0.3000000000000007,13.0,-2500.0,0.09999999999999998,-0.04000000000000001,0.41999999999999993,0.5,0.09999999999999998,2.451,0.0,0.825,0.0,1.626,0.0,0.349,0.0,1.1980330911358643,0.0,0.3834478089938996,0.0,0.6748,0.0,0.1307,0.8196,0.0699,1
0.0,0.0,0.5,0.5,0,0,24.0,9.079181246047625,7.698970004336019,14.0,8.0,88.5,0.0,0.0,0.0,1,3,15,-0.10000000000000142,7.0,-500.0,0.0,0.18000000000000002,0.58,0.40000000000000013,0.09999999999999998,2.341,0.0,1.067,0.0,1.274,0.0,0.359,0.0,1.1426634743995732,0.0,0.2724559087673128,0.0,0.6109,0.0,0.1611,0.6545,0.0492,0
0.0,0.0,0.5,0.5,0,0,0.20833333333333334,7.698970004336019,8.380211241711606,-7.5,-4.5,70.0,0.0,0.0,0.0,0,0,-11,-0.6000000000000014,-10.0,0.0,0.0,0.0,0.0,0.0,0.0,0.0,1.6960000000000002,0.0,1.391,0.0,0.305,0.0,-0.196,0.0,0.8891132124050513,0.0,0.3092715455532385,0.0,0.2319,0.0,0.0,0.0,1
0.0,0.0,0.5,0.5,0,0,0.4888888888888889,8.342422680822207,8.653212513775344,-3.0,-5.5,80.0,0.0,0.0,0.0,-2,-5,3,0.8999999999999986,5.0,-6000.0,0.25,0.26999999999999996,-0.37,-0.3999999999999999,-0.15000000000000002,1.7739999999999998,2.161,1.399,1.17,0.375,0.991,-0.2739999999999999,0.439,0.8012143853944391,1.0807602735652382,0.301485212462126,0.5795295026523193,0.5765,0.172,0.2085,0.7166,0.0536,0
0.0,0.0,0.5,0.5,0,0,1.0909090909090908,9.079181246047625,9.041392685158225,-0.5,-1.5,88.5,0.0,0.0,0.0,-1,-4,0,0.1999999999999993,-3.0,-300.0,0.0,0.18000000000000002,0.05999999999999994,-0.30000000000000004,0.0,2.341,2.804,1.067,0.5599999999999999,1.274,2.244,0.359,0.296,1.1426634743995732,1.0649770760444726,0.2724559087673128,0.2852756951130297,0.6109,0.2349,0.1611,0.6545,0.0492,1
0.0,0.0,0.5,0.5,0,0,0.4090909090909091,8.653212513775344,9.041392685158225,-4.5,-0.5,84.0,0.0,0.0,0.0,0,-2,-2,-0.1999999999999993,-4.0,-1300.0,0.04999999999999993,-0.020000000000000004,-0.27,-0.40000000000000013,0.0,2.161,2.804,1.17,0.5599999999999999,0.991,2.244,0.439,0.296,1.0807602735652382,1.0649770760444726,0.5795295026523193,0.2852756951130297,0.639,0.2349,0.189,0.6935,0.066,1
0.0,0.0,0.5,0.5,0,0,5.0,9.041392685158225,8.342422680822207,7.5,6.0,89.0,0.0,0.0,0.0,2,7,-1,-0.6999999999999993,-1.0,7300.0,-0.29999999999999993,-0.24999999999999997,0.64,0.8,0.15000000000000002,2.804,1.7739999999999998,0.5599999999999999,1.399,2.244,0.375,0.296,-0.2739999999999999,1.0649770760444726,0.8012143853944391,0.2852756951130297,0.301485212462126,0.7185,0.215,0.05,0.6062,0.0885,0
0.0,0.0,0.5,0.5,0,0,2.6666666666666665,9.079181246047625,8.653212513775344,4.0,-1.0,88.5,0.0,0.0,0.0,-1,-2,2,0.3999999999999986,1.0,1000.0,-0.04999999999999993,0.2,0.32999999999999996,0.10000000000000009,0.0,2.341,2.161,1.067,1.17,1.274,0.991,0.359,0.439,1.1426634743995732,1.0807602735652382,0.2724559087673128,0.5795295026523193,0.6109,0.172,0.1611,0.6545,0.0492,0
0.0,0.0,0.5,0.5,0,0,5.454545454545454,9.079181246047625,8.342422680822207,7.0,4.5,88.5,0.0,0.0,0.0,1,3,-1,-0.5,-4.0,7000.0,-0.29999999999999993,-0.06999999999999995,0.7,0.5,0.15000000000000002,2.341,1.7739999999999998,1.067,1.399,1.274,0.375,0.359,-0.2739999999999999,1.1426634743995732,0.8012143853944391,0.2724559087673128,0.301485212462126,0.6109,0.215,0.1611,0.6545,0.0492,1
0.0,0.0,0.5,0.5,0,0,0.05,7.698970004336019,9.0,-13.5,-7.0,70.0,0.0,0.0,0.0,-5,-11,-21,-0.3000000000000007,-13.0,2500.0,-0.09999999999999998,0.04000000000000001,-0.41999999999999993,-0.5,-0.09999999999999998,0.0,2.451,0.0,0.825,0.0,1.626,0.0,0.349,0.0,1.1980330911358643,0.0,0.3834478089938996,0.3973,0.1945,0.3302,0.8774,0.0839,1
0.0,0.0,0.5,0.5,0,0,18.0,8.954242509439325,7.698970004336019,13.5,6.5,87.0,0.0,0.0,0.0,0,2,7,0.6999999999999993,13.0,0.0,0.04999999999999993,0.01999999999999999,0.4,1.0,0.09999999999999998,2.591,0.0,0.97,0.0,1.621,0.0,0.709,0.0,1.1798394922132849,0.0,0.3362356977544835,0.0,0.692,0.2725,0.1045,0.6599,0.0657,1
0.0,0.0,0.5,0.5,0,0,20.0,9.0,7.698970004336019,13.5,7.0,87.5,0.0,0.0,0.0,5,11,21,0.3000000000000007,13.0,-2500.0,0.09999999999999998,-0.04000000000000001,0.41999999999999993,0.5,0.09999999999999998,2.451,0.0,0.825,0.0,1.626,0.0,0.349,0.0,1.1980330911358643,0.0,0.3834478089938996,0.0,0.6748,0.0,0.1307,0.8196,0.0699,1
0.0,0.0,0.5,0.5,0,0,0.058823529411764705,7.698970004336019,8.929418925714293,-13.799999999999997,-5.0,70.0,0.0,0.0,0.0,-1,-2,-15,1.0,-3.0,0.0,-0.04999999999999993,-0.13999999999999999,-0.48,-0.6000000000000001,-0.19999999999999996,0.0,2.592,0.0,0.939,0.0,1.653,0.0,0.108,0.0,0.9731844800911872,0.0,0.4399949494659632,0.0,0.1318,0.0,0.0,0.0,1
0.0,0.0,0.5,0.5,0,0,3.5416666666666665,8.929418925714293,8.380211241711606,6.5,4.0,88.0,0.0,0.0,0.0,3,6,6,0.3999999999999986,10.0,-1500.0,0.04999999999999993,-0.020000000000000004,0.44999999999999996,0.8000000000000003,0.19999999999999996,2.884,1.6960000000000002,0.95,1.391,1.934,0.305,0.616,-0.196,1.2457596956683417,0.8891132124050513,0.4170851232062826,0.3092715455532385,0.6331,0.2319,0.1742,0.6174,0.0833,1
0.0,0.0,0.5,0.5,0,0,17.0,8.929418925714293,7.698970004336019,14.0,8.5,88.0,0.0,0.0,0.0,3,6,17,1.0,20.0,-1500.0,0.04999999999999993,-0.020000000000000004,0.44999999999999996,0.8000000000000003,0.19999999999999996,2.884,0.0,0.95,0.0,1.934,0.0,0.616,0.0,1.2457596956683417,0.0,0.4170851232062826,0.0,0.6331,0.0,0.1742,0.6174,0.0833,0
0.0,0.0,0.5,0.5,0,0,3.5416666666666665,8.929418925714293,8.380211241711606,6.299999999999997,0.5,87.5,0.0,0.0,0.0,1,2,4,-1.6000000000000014,-7.0,0.0,0.04999999999999993,0.13999999999999999,0.48,0.6000000000000001,0.19999999999999996,2.592,1.6960000000000002,0.939,1.391,1.653,0.305,0.108,-0.196,0.9731844800911872,0.8891132124050513,0.4399949494659632,0.3092715455532385,0.6413,0.2319,0.2269,0.7296,0.0546,1
0.0,0.0,0.5,0.5,0,0,24.0,9.079181246047625,7.698970004336019,14.0,8.0,88.5,0.0,0.0,0.0,1,3,15,-0.10000000000000142,7.0,-500.0,0.0,0.18000000000000002,0.58,0.40000000000000013,0.09999999999999998,2.341,0.0,1.067,0.0,1.274,0.0,0.359,0.0,1.1426634743995732,0.0,0.2724559087673128,0.0,0.6109,0.0,0.1611,0.6545,0.0492,1
0.0,0.0,0.5,0.5,0,0,1.0,7.698970004336019,7.698970004336019,0.0,0.0,70.0,0.0,0.0,0.0,0,0,0,0.0,0.0,0.0,0.0,0.0,0.0,0.0,0.0,0.0,0.0,0.0,0.0,0.0,0.0,0.0,0.0,0.0,0.0,0.0,0.0,0.0,0.232,0.0,0.0,0.0,1
0.0,0.0,0.5,0.5,0,0,1.411764705882353,9.079181246047625,8.929418925714293,0.0,-0.5,88.5,0.0,0.0,0.0,-2,-3,-2,-1.1000000000000014,-13.0,1000.0,-0.04999999999999993,0.2,0.13,-0.40000000000000013,-0.09999999999999998,2.341,2.884,1.067,0.95,1.274,1.934,0.359,0.616,1.1426634743995732,1.2457596956683417,0.2724559087673128,0.4170851232062826,0.6109,0.1927,0.1611,0.6545,0.0492,1
0.0,0.0,0.5,0.5,0,0,0.1111111111111111,7.698970004336019,8.653212513775344,-10.0,-9.0,70.0,0.0,0.0,0.0,-2,-5,-13,0.5,-6.0,1500.0,-0.04999999999999993,0.020000000000000004,-0.25,-0.30000000000000004,-0.09999999999999998,0.0,2.161,0.0,1.17,0.0,0.991,0.0,0.439,0.0,1.0807602735652382,0.0,0.5795295026523193,0.0,0.172,0.0,0.0,0.0,1
0.0,0.0,0.5,0.5,0,0,1.0,7.698970004336019,7.698970004336019,0.0,0.0,70.0,0.0,0.0,0.0,0,0,0,0.0,0.0,0.0,0.0,0.0,0.0,0.0,0.0,0.0,0.0,0.0,0.0,0.0,0.0,0.0,0.0,0.0,0.0,0.0,0.0,0.0,0.2725,0.0,0.0,0.0,1
0.0,0.0,0.5,0.5,0,0,18.0,8.954242509439325,7.698970004336019,13.5,6.5,87.0,0.0,0.0,0.0,0,2,7,0.6999999999999993,13.0,0.0,0.04999999999999993,0.01999999999999999,0.4,1.0,0.09999999999999998,2.591,0.0,0.97,0.0,1.621,0.0,0.709,0.0,1.1798394922132849,0.0,0.3362356977544835,0.0,0.692,0.0,0.1045,0.6599,0.0657,1
0.0,0.0,0.5,0.5,0,0,1.0,7.698970004336019,7.698970004336019,0.0,0.0,70.0,0.0,0.0,0.0,0,0,0,0.0,0.0,0.0,0.0,0.0,0.0,0.0,0.0,0.0,0.0,0.0,0.0,0.0,0.0,0.0,0.0,0.0,0.0,0.0,0.0,0.0,0.0,0.0,0.0,0.0,1
0.0,0.0,0.5,0.5,0,0,1.3333333333333333,9.079181246047625,8.954242509439325,0.5,1.5,88.5,0.0,0.0,0.0,1,1,8,-0.8000000000000007,-6.0,-500.0,-0.04999999999999993,0.16000000000000003,0.17999999999999994,-0.5999999999999999,0.0,2.341,2.591,1.067,0.97,1.274,1.621,0.359,0.709,1.1426634743995732,1.1798394922132849,0.2724559087673128,0.3362356977544835,0.6109,0.2035,0.1611,0.6545,0.0492,1
0.0,0.0,0.5,0.5,0,0,18.0,8.954242509439325,7.698970004336019,13.5,6.5,87.0,0.0,0.0,0.0,0,2,7,0.6999999999999993,13.0,0.0,0.04999999999999993,0.01999999999999999,0.4,1.0,0.09999999999999998,2.591,0.0,0.97,0.0,1.621,0.0,0.709,0.0,1.1798394922132849,0.0,0.3362356977544835,0.0,0.692,0.0,0.1045,0.6599,0.0657,1
0.0,0.0,0.5,0.5,0,0,1.0,7.698970004336019,7.698970004336019,0.0,0.0,70.0,0.0,0.0,0.0,0,0,0,0.0,0.0,0.0,0.0,-0.15,-0.44999999999999996,0.0,0.0,0.0,0.0,0.0,0.0,0.0,0.0,0.0,0.0,0.0,0.0,0.0,0.0,0.0,0.0,0.0,0.0,0.0,1
0.0,0.0,0.5,0.5,0,0,1.0,7.698970004336019,7.698970004336019,0.0,0.0,70.0,0.0,0.0,0.0,0,0,0,0.0,0.0,0.0,0.0,-0.15,-0.44999999999999996,0.0,0.0,0.0,0.0,0.0,0.0,0.0,0.0,0.0,0.0,0.0,0.0,0.0,0.0,0.0,0.0,0.0,0.0,0.0,1
0.0,0.0,0.5,0.5,0,0,1.0,7.698970004336019,7.698970004336019,0.0,0.0,70.0,0.0,0.0,0.0,0,0,0,0.0,0.0,0.0,0.0,0.0,0.0,0.0,0.0,0.0,0.0,0.0,0.0,0.0,0.0,0.0,0.0,0.0,0.0,0.0,0.0,0.4794,0.0,0.2886,0.8789,0.0804,0
0.0,0.0,0.5,0.5,0,0,1.0,7.698970004336019,7.698970004336019,0.0,0.0,70.0,0.0,0.0,0.0,0,0,0,0.0,0.0,0.0,0.0,0.15,0.44999999999999996,0.0,0.0,0.0,0.0,0.0,0.0,0.0,0.0,0.0,0.0,0.0,0.0,0.0,0.0,0.0,0.232,0.0,0.0,0.0,1
0.0,0.0,0.5,0.5,0,0,1.0,7.698970004336019,7.698970004336019,0.0,0.0,70.0,0.0,0.0,0.0,0,0,0,0.0,0.0,0.0,0.0,0.0,0.0,0.0,0.0,0.0,0.0,0.0,0.0,0.0,0.0,0.0,0.0,0.0,0.0,0.0,0.0,0.0,0.0,0.0,0.0,0.0,1
0.0,0.0,0.5,0.5,0,0,1.0,7.698970004336019,7.698970004336019,0.0,0.0,70.0,0.0,0.0,0.0,0,0,0,0.0,0.0,0.0,0.0,0.0,0.0,0.0,0.0,0.0,0.0,0.0,0.0,0.0,0.0,0.0,0.0,0.0,0.0,0.0,0.0,0.3973,0.0,0.3302,0.8774,0.0839,1
0.0,0.0,0.5,0.5,0,0,0.9,8.954242509439325,9.0,0.0,-0.5,87.0,0.0,0.0,0.0,-5,-9,-14,0.3999999999999986,0.0,2500.0,-0.050000000000000044,0.06,-0.019999999999999907,0.5,0.0,2.591,2.451,0.97,0.825,1.621,1.626,0.709,0.349,1.1798394922132849,1.1980330911358643,0.3362356977544835,0.3834478089938996,0.692,0.1945,0.1045,0.6599,0.0657,1
0.0,0.0,0.5,0.5,0,0,1.0,8.929418925714293,8.929418925714293,0.20000000000000284,3.5,88.0,0.0,0.0,0.0,2,4,2,2.0,17.0,-1500.0,0.0,-0.15999999999999998,-0.030000000000000027,0.20000000000000018,0.0,2.884,2.592,0.95,0.939,1.934,1.653,0.616,0.108,1.2457596956683417,0.9731844800911872,0.4170851232062826,0.4399949494659632,0.6331,0.1318,0.1742,0.6174,0.0833,1
0.0,0.0,0.5,0.5,0,0,18.0,8.954242509439325,7.698970004336019,13.5,6.5,87.0,0.0,0.0,0.0,0,2,7,0.6999999999999993,13.0,0.0,0.04999999999999993,0.01999999999999999,0.4,1.0,0.09999999999999998,2.591,0.0,0.97,0.0,1.621,0.0,0.709,0.0,1.1798394922132849,0.0,0.3362356977544835,0.0,0.692,0.0,0.1045,0.6599,0.0657,1
0.0,0.0,0.5,0.5,0,0,4.4,8.342422680822207,7.698970004336019,7.0,3.5,80.0,0.0,0.0,0.0,0,0,16,0.3999999999999986,11.0,-7500.0,0.29999999999999993,0.24999999999999997,-0.12,-0.09999999999999987,-0.050000000000000044,1.7739999999999998,0.0,1.399,0.0,0.375,0.0,-0.2739999999999999,0.0,0.8012143853944391,0.0,0.301485212462126,0.0,0.5765,0.0,0.2085,0.7166,0.0536,0
0.0,0.0,0.5,0.5,0,0,10.0,8.698970004336019,7.698970004336019,10.5,4.5,84.5,0.0,0.0,0.0,0,2,13,1.3000000000000007,15.0,300.0,-0.050000000000000044,-0.020000000000000004,0.35,0.20000000000000018,0.04999999999999999,2.002,0.0,1.323,0.0,0.6789999999999999,0.0,-0.1019999999999999,0.0,0.9431066534244954,0.0,0.3376651859131732,0.0,0.5783,0.0,0.2167,0.8053,0.062,1
0.0,0.0,0.5,0.5,0,0,0.1,7.698970004336019,8.698970004336019,-10.5,-4.5,70.0,0.0,0.0,0.0,0,-2,-13,-1.3000000000000007,-15.0,-300.0,0.050000000000000044,0.020000000000000004,-0.35,-0.20000000000000018,-0.04999999999999999,0.0,2.002,0.0,1.323,0.0,0.6789999999999999,0.0,-0.1019999999999999,0.0,0.9431066534244954,0.0,0.3376651859131732,0.0,0.205,0.0,0.0,0.0,1
0.0,0.0,0.5,0.5,0,0,4.4,8.342422680822207,7.698970004336019,7.0,3.5,80.0,0.0,0.0,0.0,0,0,16,0.3999999999999986,11.0,-7500.0,0.29999999999999993,0.24999999999999997,-0.12,-0.09999999999999987,-0.050000000000000044,1.7739999999999998,0.0,1.399,0.0,0.375,0.0,-0.2739999999999999,0.0,0.8012143853944391,0.0,0.301485212462126,0.0,0.5765,0.0,0.2085,0.7166,0.0536,1
0.0,0.0,0.5,0.5,0,0,1.0,7.698970004336019,7.698970004336019,0.0,0.0,70.0,0.0,0.0,0.0,0,0,0,0.0,0.0,0.0,0.0,0.0,0.0,0.0,0.0,0.0,0.0,0.0,0.0,0.0,0.0,0.0,0.0,0.0,0.0,0.0,0.0,0.0,0.0,0.0,0.0,0.0,1
0.0,0.0,0.5,0.5,0,0,0.44,8.342422680822207,8.698970004336019,-3.5,-1.0,80.0,0.0,0.0,0.0,0,-2,3,-0.9000000000000021,-4.0,-7800.0,0.35,0.26999999999999996,-0.47,-0.30000000000000004,-0.10000000000000003,1.7739999999999998,2.002,1.399,1.323,0.375,0.6789999999999999,-0.2739999999999999,-0.1019999999999999,0.8012143853944391,0.9431066534244954,0.301485212462126,0.3376651859131732,0.5765,0.205,0.2085,0.7166,0.0536,1
0.0,0.0,0.5,0.5,0,0,9.0,8.653212513775344,7.698970004336019,10.0,9.0,84.0,0.0,0.0,0.0,2,5,13,-0.5,6.0,-1500.0,0.04999999999999993,-0.020000000000000004,0.25,0.30000000000000004,0.09999999999999998,2.161,0.0,1.17,0.0,0.991,0.0,0.439,0.0,1.0807602735652382,0.0,0.5795295026523193,0.0,0.639,0.0,0.189,0.6935,0.066,1
0.0,0.0,0.5,0.5,0,0,0.25,7.698970004336019,8.301029995663981,-7.0,-4.0,70.0,0.0,0.0,0.0,0,-4,-11,0.0,0.0,0.0,0.0,0.15,0.44999999999999996,0.0,0.0,0.0,1.599,0.0,1.173,0.0,0.426,0.0,0.1009999999999999,0.0,0.9320745946735548,0.0,0.3812100616603805,0.0,0.2383,0.0,0.0,0.0,1
0.0,0.0,0.5,0.5,0,0,9.0,8.653212513775344,7.698970004336019,10.0,9.0,84.0,0.0,0.0,0.0,2,5,13,-0.5,6.0,-1500.0,0.04999999999999993,-0.16999999999999998,-0.19999999999999996,0.30000000000000004,0.09999999999999998,2.161,0.0,1.17,0.0,0.991,0.0,0.439,0.0,1.0807602735652382,0.0,0.5795295026523193,0.0,0.639,0.0,0.189,0.6935,0.066,0
0.0,0.0,0.5,0.5,0,0,4.0,8.301029995663981,7.698970004336019,7.0,4.0,81.0,0.0,0.0,0.0,0,4,11,0.0,0.0,0.0,0.0,0.0,0.0,0.0,0.0,1.599,0.0,1.173,0.0,0.426,0.0,0.1009999999999999,0.0,0.9320745946735548,0.0,0.3812100616603805,0.0,0.4719,0.0,0.2898,0.8452,0.0678,0
0.0,0.0,0.5,0.5,0,0,0.4444444444444444,8.301029995663981,8.653212513775344,-3.0,-5.0,81.0,0.0,0.0,0.0,-2,-1,-2,0.5,-6.0,1500.0,-0.04999999999999993,0.020000000000000004,-0.25,-0.30000000000000004,-0.09999999999999998,1.599,2.161,1.173,1.17,0.426,0.991,0.1009999999999999,0.439,0.9320745946735548,1.0807602735652382,0.3812100616603805,0.5795295026523193,0.4719,0.172,0.2898,0.8452,0.0678,1
0.0,0.0,0.5,0.5,0,0,1.0,7.698970004336019,7.698970004336019,0.0,0.0,70.0,0.0,0.0,0.0,0,0,0,0.0,0.0,0.0,0.0,0.15,0.44999999999999996,0.0,0.0,0.0,0.0,0.0,0.0,0.0,0.0,0.0,0.0,0.0,0.0,0.0,0.0,0.0,0.0,0.0,0.0,0.0,0
0.0,0.0,0.5,0.5,0,0,24.0,9.079181246047625,7.698970004336019,14.0,8.0,88.5,0.0,0.0,0.0,1,3,15,-0.10000000000000142,7.0,-500.0,0.0,0.18000000000000002,0.58,0.40000000000000013,0.09999999999999998,2.341,0.0,1.067,0.0,1.274,0.0,0.359,0.0,1.1426634743995732,0.0,0.2724559087673128,0.0,0.6109,0.3056,0.1611,0.6545,0.0492,1
0.0,0.0,0.5,0.5,0,0,20.0,9.0,7.698970004336019,13.5,7.0,87.5,0.0,0.0,0.0,5,11,21,0.3000000000000007,13.0,-2500.0,0.09999999999999998,-0.04000000000000001,0.41999999999999993,0.5,0.09999999999999998,2.451,0.0,0.825,0.0,1.626,0.0,0.349,0.0,1.1980330911358643,0.0,0.3834478089938996,0.0,0.6748,0.0,0.1307,0.8196,0.0699,1
0.0,0.0,0.5,0.5,0,0,1.0,7.698970004336019,7.698970004336019,0.0,0.0,70.0,0.0,0.0,0.0,0,0,0,0.0,0.0,0.0,0.0,0.0,0.0,0.0,0.0,0.0,0.0,0.0,0.0,0.0,0.0,0.0,0.0,0.0,0.0,0.0,0.0,0.4417,0.0,0.2526,0.8661,0.079,1
0.0,0.0,0.5,0.5,0,0,0.8333333333333334,9.0,9.079181246047625,-0.5,-1.0,87.5,0.0,0.0,0.0,4,8,6,0.40000000000000213,6.0,-2000.0,0.09999999999999998,-0.22000000000000003,-0.16000000000000003,0.09999999999999987,0.0,2.451,2.341,0.825,1.067,1.626,1.274,0.349,0.359,1.1980330911358643,1.1426634743995732,0.3834478089938996,0.2724559087673128,0.6748,0.228,0.1307,0.8196,0.0699,1
0.0,0.0,0.5,0.5,0,0,20.0,9.0,7.698970004336019,13.5,7.0,87.5,0.0,0.0,0.0,5,11,21,0.3000000000000007,13.0,-2500.0,0.09999999999999998,-0.04000000000000001,0.41999999999999993,0.5,0.09999999999999998,2.451,0.0,0.825,0.0,1.626,0.0,0.349,0.0,1.1980330911358643,0.0,0.3834478089938996,0.0,0.6748,0.3056,0.1307,0.8196,0.0699,1
0.0,0.0,0.5,0.5,0,0,24.0,9.079181246047625,7.698970004336019,14.0,8.0,88.5,0.0,0.0,0.0,1,3,15,-0.10000000000000142,7.0,-500.0,0.0,0.18000000000000002,0.58,0.40000000000000013,0.09999999999999998,2.341,0.0,1.067,0.0,1.274,0.0,0.359,0.0,1.1426634743995732,0.0,0.2724559087673128,0.0,0.6109,0.0,0.1611,0.6545,0.0492,1
0.0,0.0,0.5,0.5,0,0,1.0,7.698970004336019,7.698970004336019,0.0,0.0,70.0,0.0,0.0,0.0,0,0,0,0.0,0.0,0.0,0.0,0.0,0.0,0.0,0.0,0.0,0.0,0.0,0.0,0.0,0.0,0.0,0.0,0.0,0.0,0.0,0.0,0.5604,0.0,0.1723,0.8411,0.0493,1
0.0,0.0,0.5,0.5,0,0,0.14285714285714285,7.698970004336019,8.544068044350276,-9.0,-4.0,70.0,0.0,0.0,0.0,0,-1,-5,0.0,-4.0,-500.0,-0.09999999999999998,0.020000000000000004,-0.28,0.0,-0.15000000000000002,0.0,1.7559999999999998,0.0,1.164,0.0,0.592,0.0,0.244,0.0,1.1196847912652483,0.0,0.1581981879373676,0.0,0.2251,0.0,0.0,0.0,1
0.0,0.0,0.5,0.5,0,0,0.14285714285714285,7.698970004336019,8.544068044350276,-9.0,-4.0,70.0,0.0,0.0,0.0,0,-1,-5,0.0,-4.0,-500.0,-0.09999999999999998,0.020000000000000004,-0.28,0.0,-0.15000000000000002,0.0,1.7559999999999998,0.0,1.164,0.0,0.592,0.0,0.244,0.0,1.1196847912652483,0.0,0.1581981879373676,0.5604,0.2251,0.1723,0.8411,0.0493,1
0.0,0.0,0.5,0.5,0,0,1.0,7.698970004336019,7.698970004336019,0.0,0.0,70.0,0.0,0.0,0.0,0,0,0,0.0,0.0,0.0,0.0,0.0,0.0,0.0,0.0,0.0,0.0,0.0,0.0,0.0,0.0,0.0,0.0,0.0,0.0,0.0,0.0,0.0,0.0,0.0,0.0,0.0,1
0.0,0.0,0.5,0.5,0,0,1.0,7.698970004336019,7.698970004336019,0.0,0.0,70.0,0.0,0.0,0.0,0,0,0,0.0,0.0,0.0,0.0,0.0,0.0,0.0,0.0,0.0,0.0,0.0,0.0,0.0,0.0,0.0,0.0,0.0,0.0,0.0,0.0,0.0,0.2673,0.0,0.0,0.0,1
0.0,0.0,0.5,0.5,0,0,0.14285714285714285,7.698970004336019,8.544068044350276,-9.0,-4.0,70.0,0.0,0.0,0.0,0,-1,-5,0.0,-4.0,-500.0,-0.09999999999999998,0.020000000000000004,-0.28,0.0,-0.15000000000000002,0.0,1.7559999999999998,0.0,1.164,0.0,0.592,0.0,0.244,0.0,1.1196847912652483,0.0,0.1581981879373676,0.0,0.2251,0.0,0.0,0.0,0
0.0,0.0,0.5,0.5,0,0,0.1111111111111111,7.698970004336019,8.653212513775344,-10.0,-9.0,70.0,0.0,0.0,0.0,-2,-5,-13,0.5,-6.0,1500.0,-0.04999999999999993,0.020000000000000004,-0.25,-0.30000000000000004,-0.09999999999999998,0.0,2.161,0.0,1.17,0.0,0.991,0.0,0.439,0.0,1.0807602735652382,0.0,0.5795295026523193,0.0,0.172,0.0,0.0,0.0,0
0.0,0.0,0.5,0.5,0,0,0.22727272727272727,7.698970004336019,8.342422680822207,-7.0,-3.5,70.0,0.0,0.0,0.0,0,0,-16,-0.3999999999999986,-11.0,7500.0,-0.29999999999999993,-0.09999999999999998,0.57,0.09999999999999987,0.050000000000000044,0.0,1.7739999999999998,0.0,1.399,0.0,0.375,0.0,-0.2739999999999999,0.0,0.8012143853944391,0.0,0.301485212462126,0.0,0.215,0.0,0.0,0.0,1
0.0,0.0,0.5,0.5,0,0,20.0,9.0,7.698970004336019,13.5,7.0,87.5,0.0,0.0,0.0,5,11,21,0.3000000000000007,13.0,-2500.0,0.09999999999999998,-0.04000000000000001,0.41999999999999993,0.5,0.09999999999999998,2.451,0.0,0.825,0.0,1.626,0.0,0.349,0.0,1.1980330911358643,0.0,0.3834478089938996,0.0,0.6748,0.2673,0.1307,0.8196,0.0699,1
0.0,0.0,0.5,0.5,0,0,0.041666666666666664,7.698970004336019,9.079181246047625,-14.0,-8.0,70.0,0.0,0.0,0.0,-1,-3,-15,0.10000000000000142,-7.0,500.0,0.0,-0.18000000000000002,-0.58,-0.40000000000000013,-0.09999999999999998,0.0,2.341,0.0,1.067,0.0,1.274,0.0,0.359,0.0,1.1426634743995732,0.0,0.2724559087673128,0.0,0.228,0.0,0.0,0.0,1
0.0,0.0,0.5,0.5,0,0,0.45,8.653212513775344,9.0,-3.5,2.0,84.0,0.0,0.0,0.0,-3,-6,-8,-0.8000000000000007,-7.0,1000.0,-0.050000000000000044,0.020000000000000004,-0.16999999999999993,-0.19999999999999996,0.0,2.161,2.451,1.17,0.825,0.991,1.626,0.439,0.349,1.0807602735652382,1.1980330911358643,0.5795295026523193,0.3834478089938996,0.639,0.1945,0.189,0.6935,0.066,0
0.0,0.0,0.5,0.5,0,0,1.0,7.698970004336019,7.698970004336019,0.0,0.0,70.0,0.0,0.0,0.0,0,0,0,0.0,0.0,0.0,0.0,0.15,0.44999999999999996,0.0,0.0,0.0,0.0,0.0,0.0,0.0,0.0,0.0,0.0,0.0,0.0,0.0,0.0,0.0,0.0,0.0,0.0,0.0,1
0.0,0.0,0.5,0.5,0,0,9.0,8.653212513775344,7.698970004336019,10.0,9.0,84.0,0.0,0.0,0.0,2,5,13,-0.5,6.0,-1500.0,0.04999999999999993,-0.020000000000000004,0.25,0.30000000000000004,0.09999999999999998,2.161,0.0,1.17,0.0,0.991,0.0,0.439,0.0,1.0807602735652382,0.0,0.5795295026523193,0.0,0.639,0.0,0.189,0.6935,0.066,0
0.0,0.0,0.5,0.5,0,0,20.0,9.0,7.698970004336019,13.5,7.0,87.5,0.0,0.0,0.0,5,11,21,0.3000000000000007,13.0,-2500.0,0.09999999999999998,-0.19,-0.030000000000000027,0.5,0.09999999999999998,2.451,0.0,0.825,0.0,1.626,0.0,0.349,0.0,1.1980330911358643,0.0,0.3834478089938996,0.0,0.6748,0.0,0.1307,0.8196,0.0699,1
0.0,0.0,0.5,0.5,0,0,3.25,8.812913356642856,8.301029995663981,5.5,4.5,86.0,0.0,0.0,0.0,0,1,-1,0.10000000000000142,4.0,200.0,-0.050000000000000044,0.04999999999999999,0.38,0.5,0.0,2.645,1.599,0.751,1.173,1.894,0.426,-0.2449999999999999,0.1009999999999999,0.9060118494310764,0.9320745946735548,0.3351699403122077,0.3812100616603805,0.5863,0.2383,0.1947,0.7823,0.0485,0
0.0,0.0,0.5,0.5,0,0,0.1111111111111111,7.698970004336019,8.653212513775344,-10.0,-9.0,70.0,0.0,0.0,0.0,-2,-5,-13,0.5,-6.0,1500.0,-0.04999999999999993,0.020000000000000004,-0.25,-0.30000000000000004,-0.09999999999999998,0.0,2.161,0.0,1.17,0.0,0.991,0.0,0.439,0.0,1.0807602735652382,0.0,0.5795295026523193,0.0,0.172,0.0,0.0,0.0,0
0.0,0.0,0.5,0.5,0,0,4.0,8.301029995663981,7.698970004336019,7.0,4.0,81.0,0.0,0.0,0.0,0,4,11,0.0,0.0,0.0,0.0,0.0,0.0,0.0,0.0,1.599,0.0,1.173,0.0,0.426,0.0,0.1009999999999999,0.0,0.9320745946735548,0.0,0.3812100616603805,0.0,0.4719,0.0,0.2898,0.8452,0.0678,0
0.0,0.0,0.5,0.5,0,0,0.6923076923076923,8.653212513775344,8.812913356642856,-2.5,0.5,84.0,0.0,0.0,0.0,2,0,3,-0.6000000000000014,2.0,-1700.0,0.09999999999999998,-0.06999999999999999,-0.13,-0.19999999999999996,0.09999999999999998,2.161,2.645,1.17,0.751,0.991,1.894,0.439,-0.2449999999999999,1.0807602735652382,0.9060118494310764,0.5795295026523193,0.3351699403122077,0.639,0.219,0.189,0.6935,0.066,0
0.0,0.0,0.5,0.5,0,0,0.05,7.698970004336019,9.0,-13.5,-7.0,70.0,0.0,0.0,0.0,-5,-11,-21,-0.3000000000000007,-13.0,2500.0,-0.09999999999999998,0.04000000000000001,-0.41999999999999993,-0.5,-0.09999999999999998,0.0,2.451,0.0,0.825,0.0,1.626,0.0,0.349,0.0,1.1980330911358643,0.0,0.3834478089938996,0.0,0.1945,0.0,0.0,0.0,0
0.0,0.0,0.5,0.5,0,0,2.4,8.079181246047625,7.698970004336019,5.5,3.5,79.5,0.0,0.0,0.0,0,0,0,0.0,0.0,0.0,0.0,0.0,0.0,0.0,0.0,1.798,0.0,1.513,0.0,0.285,0.0,0.1019999999999999,0.0,1.082179702707457,0.0,0.401214821926276,0.0,0.5274,0.0,0.2516,0.7901,0.0668,0
0.0,0.0,0.5,0.5,0,0,0.12,8.079181246047625,9.0,-8.0,-3.5,79.5,0.0,0.0,0.0,-5,-11,-21,-0.3000000000000007,-13.0,2500.0,-0.09999999999999998,0.04000000000000001,-0.41999999999999993,-0.5,-0.09999999999999998,1.798,2.451,1.513,0.825,0.285,1.626,0.1019999999999999,0.349,1.082179702707457,1.1980330911358643,0.401214821926276,0.3834478089938996,0.5274,0.1945,0.2516,0.7901,0.0668,0
0.0,0.0,0.5,0.5,0,0,1.0,7.698970004336019,7.698970004336019,0.0,0.0,70.0,0.0,0.0,0.0,0,0,0,0.0,0.0,0.0,0.0,0.0,0.0,0.0,0.0,0.0,0.0,0.0,0.0,0.0,0.0,0.0,0.0,0.0,0.0,0.0,0.0,0.0,0.0,0.0,0.0,0.0,1
0.0,0.0,0.5,0.5,0,0,0.4166666666666667,7.698970004336019,8.079181246047625,-5.5,-3.5,70.0,0.0,0.0,0.0,0,0,0,0.0,0.0,0.0,0.0,0.0,0.0,0.0,0.0,0.0,1.798,0.0,1.513,0.0,0.285,0.0,0.1019999999999999,0.0,1.082179702707457,0.0,0.401214821926276,0.0,0.221,0.0,0.0,0.0,0
0.0,0.0,0.5,0.5,0,0,20.0,9.0,7.698970004336019,13.5,7.0,87.5,0.0,0.0,0.0,5,11,21,0.3000000000000007,13.0,-2500.0,0.09999999999999998,-0.04000000000000001,0.41999999999999993,0.5,0.09999999999999998,2.451,0.0,0.825,0.0,1.626,0.0,0.349,0.0,1.1980330911358643,0.0,0.3834478089938996,0.0,0.6748,0.0,0.1307,0.8196,0.0699,0
0.0,0.0,0.5,0.5,0,0,1.0,7.698970004336019,7.698970004336019,0.0,0.0,70.0,0.0,0.0,0.0,0,0,0,0.0,0.0,0.0,0.0,0.0,0.0,0.0,0.0,0.0,0.0,0.0,0.0,0.0,0.0,0.0,0.0,0.0,0.0,0.0,0.0,0.0,0.0,0.0,0.0,0.0,1
0.0,0.0,0.5,0.5,0,0,0.9,7.653212513775344,7.698970004336019,2.0,2.0,75.5,0.0,0.0,0.0,0,0,5,0.0,0.0,0.0,0.0,0.0,0.0,0.0,0.0,1.298,0.0,1.684,0.0,-0.386,0.0,0.202,0.0,1.2667385824722657,0.0,0.4647293118938521,0.0,0.5865,0.232,0.1176,0.8662,0.0636,0
0.0,0.0,0.5,0.5,0,0,1.0,7.698970004336019,7.698970004336019,0.0,0.0,70.0,0.0,0.0,0.0,0,0,0,0.0,0.0,0.0,0.0,0.0,0.0,0.0,0.0,0.0,0.0,0.0,0.0,0.0,0.0,0.0,0.0,0.0,0.0,0.0,0.0,0.4794,0.0,0.2886,0.8789,0.0804,0
0.0,0.0,0.5,0.5,0,0,0.9,7.653212513775344,7.698970004336019,2.0,2.0,75.5,0.0,0.0,0.0,0,0,5,0.0,0.0,0.0,0.0,0.0,0.0,0.0,0.0,1.298,0.0,1.684,0.0,-0.386,0.0,0.202,0.0,1.2667385824722657,0.0,0.4647293118938521,0.0,0.5865,0.0,0.1176,0.8662,0.0636,0
0.0,0.0,0.5,0.5,0,0,1.1111111111111112,7.698970004336019,7.653212513775344,-2.0,-2.0,70.0,0.0,0.0,0.0,0,0,-5,0.0,0.0,0.0,0.0,0.0,0.0,0.0,0.0,0.0,1.298,0.0,1.684,0.0,-0.386,0.0,0.202,0.0,1.2667385824722657,0.0,0.4647293118938521,0.0,0.2959,0.0,0.0,0.0,1
0.0,0.0,0.5,0.5,0,0,1.0,7.698970004336019,7.698970004336019,0.0,0.0,70.0,0.0,0.0,0.0,0,0,0,0.0,0.0,0.0,0.0,0.0,0.0,0.0,0.0,0.0,0.0,0.0,0.0,0.0,0.0,0.0,0.0,0.0,0.0,0.0,0.0,0.0,0.232,0.0,0.0,0.0,1
0.0,0.0,0.5,0.5,0,0,4.0,8.301029995663981,7.698970004336019,7.0,4.0,81.0,0.0,0.0,0.0,0,4,11,0.0,0.0,0.0,0.0,0.0,0.0,0.0,0.0,1.599,0.0,1.173,0.0,0.426,0.0,0.1009999999999999,0.0,0.9320745946735548,0.0,0.3812100616603805,0.0,0.4719,0.2179,0.2898,0.8452,0.0678,0
0.0,0.0,0.5,0.5,0,0,1.0,7.698970004336019,7.698970004336019,0.0,0.0,70.0,0.0,0.0,0.0,0,0,0,0.0,0.0,0.0,0.0,0.0,0.0,0.0,0.0,0.0,0.0,0.0,0.0,0.0,0.0,0.0,0.0,0.0,0.0,0.0,0.0,0.0,0.0,0.0,0.0,0.0,0
0.0,0.0,0.5,0.5,0,0,0.65,8.812913356642856,9.0,-1.0,1.5,86.0,0.0,0.0,0.0,-5,-6,-11,-0.1999999999999993,-9.0,2700.0,-0.15000000000000002,0.09,-0.039999999999999925,0.0,-0.09999999999999998,2.645,2.451,0.751,0.825,1.894,1.626,-0.2449999999999999,0.349,0.9060118494310764,1.1980330911358643,0.3351699403122077,0.3834478089938996,0.5863,0.1945,0.1947,0.7823,0.0485,1
0.0,0.0,0.5,0.5,0,0,17.0,8.929418925714293,7.698970004336019,14.0,8.5,88.0,0.0,0.0,0.0,3,6,17,1.0,20.0,-1500.0,0.04999999999999993,-0.020000000000000004,0.44999999999999996,0.8000000000000003,0.19999999999999996,2.884,0.0,0.95,0.0,1.934,0.0,0.616,0.0,1.2457596956683417,0.0,0.4170851232062826,0.0,0.6331,0.0,0.1742,0.6174,0.0833,0
0.0,0.0,0.5,0.5,0,0,0.07692307692307693,7.698970004336019,8.812913356642856,-12.5,-8.5,70.0,0.0,0.0,0.0,0,-5,-10,-0.10000000000000142,-4.0,-200.0,0.050000000000000044,-0.04999999999999999,-0.38,-0.5,0.0,0.0,2.645,0.0,0.751,0.0,1.894,0.0,-0.2449999999999999,0.0,0.9060118494310764,0.0,0.3351699403122077,0.0,0.219,0.0,0.0,0.0,0
0.0,0.0,0.5,0.5,0,0,0.85,8.929418925714293,9.0,0.5,1.5,88.0,0.0,0.0,0.0,-2,-5,-4,0.6999999999999993,7.0,1000.0,-0.050000000000000044,0.020000000000000004,0.030000000000000027,0.30000000000000027,0.09999999999999998,2.884,2.451,0.95,0.825,1.934,1.626,0.616,0.349,1.2457596956683417,1.1980330911358643,0.4170851232062826,0.3834478089938996,0.6331,0.1945,0.1742,0.6174,0.0833,0
0.0,0.0,0.5,0.5,0,0,20.0,9.0,7.698970004336019,13.5,7.0,87.5,0.0,0.0,0.0,5,11,21,0.3000000000000007,13.0,-2500.0,0.09999999999999998,-0.04000000000000001,0.41999999999999993,0.5,0.09999999999999998,2.451,0.0,0.825,0.0,1.626,0.0,0.349,0.0,1.1980330911358643,0.0,0.3834478089938996,0.0,0.6748,0.0,0.1307,0.8196,0.0699,1
0.0,0.0,0.5,0.5,0,0,0.7647058823529411,8.812913356642856,8.929418925714293,-1.5,0.0,86.0,0.0,0.0,0.0,-3,-1,-7,-0.8999999999999986,-16.0,1700.0,-0.09999999999999998,0.06999999999999999,-0.06999999999999995,-0.30000000000000027,-0.19999999999999996,2.645,2.884,0.751,0.95,1.894,1.934,-0.2449999999999999,0.616,0.9060118494310764,1.2457596956683417,0.3351699403122077,0.4170851232062826,0.5863,0.1927,0.1947,0.7823,0.0485,1
0.0,0.0,0.5,0.5,0,0,1.0,7.698970004336019,7.698970004336019,0.0,0.0,70.0,0.0,0.0,0.0,0,0,0,0.0,0.0,0.0,0.0,-0.15,-0.44999999999999996,0.0,0.0,0.0,0.0,0.0,0.0,0.0,0.0,0.0,0.0,0.0,0.0,0.0,0.0,0.5587,0.0,0.2233,0.8282,0.0681,1
0.0,0.0,0.5,0.5,0,0,56.666666666666664,8.929418925714293,7.176091259055681,17.0,12.5,88.0,0.0,0.0,0.0,3,6,17,1.0,20.0,-1500.0,0.04999999999999993,-0.020000000000000004,0.44999999999999996,0.8000000000000003,0.19999999999999996,2.884,0.8,0.95,2.039,1.934,-1.239,0.616,0.2999999999999999,1.2457596956683417,1.3626570551662731,0.4170851232062826,0.4410845220086004,0.6331,0.0,0.1742,0.6174,0.0833,1
0.0,0.0,0.5,0.5,0,0,0.3,7.176091259055681,7.698970004336019,-3.0,-4.0,70.5,0.0,0.0,0.0,0,0,0,0.0,0.0,0.0,0.0,0.0,0.0,0.0,0.0,0.8,0.0,2.039,0.0,-1.239,0.0,0.2999999999999999,0.0,1.3626570551662731,0.0,0.4410845220086004,0.0,0.0,0.2179,0.0,0.0,0.0,0
0.0,0.0,0.5,0.5,0,0,17.0,8.929418925714293,7.698970004336019,14.0,8.5,88.0,0.0,0.0,0.0,3,6,17,1.0,20.0,-1500.0,0.04999999999999993,-0.16999999999999998,0.0,0.8000000000000003,0.19999999999999996,2.884,0.0,0.95,0.0,1.934,0.0,0.616,0.0,1.2457596956683417,0.0,0.4170851232062826,0.0,0.6331,0.0,0.1742,0.6174,0.0833,0
0.0,0.0,0.5,0.5,0,0,0.058823529411764705,7.698970004336019,8.929418925714293,-14.0,-8.5,70.0,0.0,0.0,0.0,-3,-6,-17,-1.0,-20.0,1500.0,-0.04999999999999993,0.020000000000000004,-0.44999999999999996,-0.8000000000000003,-0.19999999999999996,0.0,2.884,0.0,0.95,0.0,1.934,0.0,0.616,0.0,1.2457596956683417,0.0,0.4170851232062826,0.5587,0.1927,0.2233,0.8282,0.0681,1
0.0,0.0,0.5,0.5,0,0,3.3333333333333335,7.698970004336019,7.176091259055681,3.0,4.0,70.0,0.0,0.0,0.0,0,0,0,0.0,0.0,0.0,0.0,0.15,0.44999999999999996,0.0,0.0,0.0,0.8,0.0,2.039,0.0,-1.239,0.0,0.2999999999999999,0.0,1.3626570551662731,0.0,0.4410845220086004,0.0,0.0,0.0,0.0,0.0,1
0.0,0.0,0.5,0.5,0,0,0.4444444444444444,8.301029995663981,8.653212513775344,-3.0,-5.0,81.0,0.0,0.0,0.0,-2,-1,-2,0.5,-6.0,1500.0,-0.04999999999999993,0.020000000000000004,-0.25,-0.30000000000000004,-0.09999999999999998,1.599,2.161,1.173,1.17,0.426,0.991,0.1009999999999999,0.439,0.9320745946735548,1.0807602735652382,0.3812100616603805,0.5795295026523193,0.4719,0.172,0.2898,0.8452,0.0678,1
0.0,0.0,0.5,0.5,0,0,0.07692307692307693,7.698970004336019,8.812913356642856,-12.5,-8.5,70.0,0.0,0.0,0.0,0,-5,-10,-0.10000000000000142,-4.0,-200.0,0.050000000000000044,-0.04999999999999999,-0.38,-0.5,0.0,0.0,2.645,0.0,0.751,0.0,1.894,0.0,-0.2449999999999999,0.0,0.9060118494310764,0.0,0.3351699403122077,0.0,0.219,0.0,0.0,0.0,0
0.0,0.0,0.5,0.5,0,0,4.0,8.301029995663981,7.698970004336019,7.0,4.0,81.0,0.0,0.0,0.0,0,4,11,0.0,0.0,0.0,0.0,0.0,0.0,0.0,0.0,1.599,0.0,1.173,0.0,0.426,0.0,0.1009999999999999,0.0,0.9320745946735548,0.0,0.3812100616603805,0.0,0.4719,0.0,0.2898,0.8452,0.0678,1
0.0,0.0,0.5,0.5,0,0,1.0,7.698970004336019,7.698970004336019,0.0,0.0,70.0,0.0,0.0,0.0,0,0,0,0.0,0.0,0.0,0.0,0.0,0.0,0.0,0.0,0.0,0.0,0.0,0.0,0.0,0.0,0.0,0.0,0.0,0.0,0.0,0.0,0.5587,0.0,0.2233,0.8282,0.0681,0
0.0,0.0,0.5,0.5,0,0,1.0,7.698970004336019,7.698970004336019,0.0,0.0,70.0,0.0,0.0,0.0,0,0,0,0.0,0.0,0.0,0.0,0.0,0.0,0.0,0.0,0.0,0.0,0.0,0.0,0.0,0.0,0.0,0.0,0.0,0.0,0.0,0.0,0.5587,0.0,0.2233,0.8282,0.0681,1
0.0,0.0,0.5,0.5,0,0,0.25,7.698970004336019,8.301029995663981,-7.0,-4.0,70.0,0.0,0.0,0.0,0,-4,-11,0.0,0.0,0.0,0.0,0.0,0.0,0.0,0.0,0.0,1.599,0.0,1.173,0.0,0.426,0.0,0.1009999999999999,0.0,0.9320745946735548,0.0,0.3812100616603805,0.0,0.2383,0.0,0.0,0.0,1
0.0,0.0,0.5,0.5,0,0,13.0,8.812913356642856,7.698970004336019,12.5,8.5,86.0,0.0,0.0,0.0,0,5,10,0.10000000000000142,4.0,200.0,-0.050000000000000044,0.04999999999999999,0.38,0.5,0.0,2.645,0.0,0.751,0.0,1.894,0.0,-0.2449999999999999,0.0,0.9060118494310764,0.0,0.3351699403122077,0.0,0.5863,0.0,0.1947,0.7823,0.0485,0
0.0,0.0,0.5,0.5,0,0,20.0,9.0,7.698970004336019,13.5,7.0,87.5,0.0,0.0,0.0,5,11,21,0.3000000000000007,13.0,-2500.0,0.09999999999999998,-0.04000000000000001,0.41999999999999993,0.5,0.09999999999999998,2.451,0.0,0.825,0.0,1.626,0.0,0.349,0.0,1.1980330911358643,0.0,0.3834478089938996,0.0,0.6748,0.2179,0.1307,0.8196,0.0699,0
0.0,0.0,0.5,0.5,0,0,1.0,7.698970004336019,7.698970004336019,0.0,0.0,70.0,0.0,0.0,0.0,0,0,0,0.0,0.0,0.0,0.0,0.0,0.0,0.0,0.0,0.0,0.0,0.0,0.0,0.0,0.0,0.0,0.0,0.0,0.0,0.0,0.0,0.5604,0.2179,0.1723,0.8411,0.0493,0
0.0,0.0,0.5,0.5,0,0,0.85,8.929418925714293,9.0,0.5,1.5,88.0,0.0,0.0,0.0,-2,-5,-4,0.6999999999999993,7.0,1000.0,-0.050000000000000044,0.020000000000000004,0.030000000000000027,0.30000000000000027,0.09999999999999998,2.884,2.451,0.95,0.825,1.934,1.626,0.616,0.349,1.2457596956683417,1.1980330911358643,0.4170851232062826,0.3834478089938996,0.6331,0.1945,0.1742,0.6174,0.0833,0
0.0,0.0,0.5,0.5,0,0,0.07692307692307693,7.698970004336019,8.812913356642856,-12.5,-8.5,70.0,0.0,0.0,0.0,0,-5,-10,-0.10000000000000142,-4.0,-200.0,0.050000000000000044,0.1,0.06999999999999995,-0.5,0.0,0.0,2.645,0.0,0.751,0.0,1.894,0.0,-0.2449999999999999,0.0,0.9060118494310764,0.0,0.3351699403122077,0.0,0.219,0.0,0.0,0.0,0
0.0,0.0,0.5,0.5,0,0,3.6,8.255272505103306,7.698970004336019,7.0,5.0,80.5,0.0,0.0,0.0,0,0,6,0.0,0.0,0.0,0.0,0.0,0.0,0.0,0.0,2.008,0.0,1.38,0.0,0.6280000000000001,0.0,0.1919999999999999,0.0,1.0959572566962812,0.0,0.4442921961452345,0.0,0.3957,0.0,0.259,0.881,0.0469,1
0.0,0.0,0.5,0.5,0,0,0.2777777777777778,7.698970004336019,8.255272505103306,-7.0,-5.0,70.0,0.0,0.0,0.0,0,0,-6,0.0,0.0,0.0,0.0,0.15,0.44999999999999996,0.0,0.0,0.0,2.008,0.0,1.38,0.0,0.6280000000000001,0.0,0.1919999999999999,0.0,1.0959572566962812,0.0,0.4442921961452345,0.0,0.3453,0.0,0.0,0.0,1
0.0,0.0,0.5,0.5,0,0,13.0,8.812913356642856,7.698970004336019,12.5,8.5,86.0,0.0,0.0,0.0,0,5,10,0.10000000000000142,4.0,200.0,-0.050000000000000044,0.04999999999999999,0.38,0.5,0.0,2.645,0.0,0.751,0.0,1.894,0.0,-0.2449999999999999,0.0,0.9060118494310764,0.0,0.3351699403122077,0.0,0.5863,0.0,0.1947,0.7823,0.0485,0
0.0,0.0,0.5,0.5,0,0,1.0,7.698970004336019,7.698970004336019,0.0,0.0,70.0,0.0,0.0,0.0,0,0,0,0.0,0.0,0.0,0.0,0.0,0.0,0.0,0.0,0.0,0.0,0.0,0.0,0.0,0.0,0.0,0.0,0.0,0.0,0.0,0.0,0.0,0.2179,0.0,0.0,0.0,0
0.0,0.0,0.5,0.5,0,0,0.2727272727272727,7.778151250383644,8.342422680822207,-4.5,-2.5,76.0,0.0,0.0,0.0,0,0,-11,-0.3999999999999986,-11.0,7500.0,-0.29999999999999993,-0.24999999999999997,0.12,0.09999999999999987,0.050000000000000044,1.372,1.7739999999999998,1.892,1.399,-0.5199999999999999,0.375,0.628,-0.2739999999999999,1.5354699312272966,0.8012143853944391,0.2863098554596634,0.301485212462126,0.0,0.215,0.0,0.0,0.0,1
0.0,0.0,0.5,0.5,0,0,17.0,8.929418925714293,7.698970004336019,14.0,8.5,88.0,0.0,0.0,0.0,3,6,17,1.0,20.0,-1500.0,0.04999999999999993,-0.020000000000000004,0.44999999999999996,0.8000000000000003,0.19999999999999996,2.884,0.0,0.95,0.0,1.934,0.0,0.616,0.0,1.2457596956683417,0.0,0.4170851232062826,0.0,0.6331,0.2725,0.1742,0.6174,0.0833,1
0.0,0.0,0.5,0.5,0,0,0.045454545454545456,7.698970004336019,9.041392685158225,-14.5,-9.5,70.0,0.0,0.0,0.0,-2,-7,-15,0.3000000000000007,-10.0,200.0,0.0,0.15,-0.07000000000000006,-0.7000000000000002,-0.09999999999999998,0.0,2.804,0.0,0.5599999999999999,0.0,2.244,0.0,0.296,0.0,1.0649770760444726,0.0,0.2852756951130297,0.0,0.2349,0.0,0.0,0.0,1
0.0,0.0,0.5,0.5,0,0,1.0,7.698970004336019,7.698970004336019,0.0,0.0,70.0,0.0,0.0,0.0,0,0,0,0.0,0.0,0.0,0.0,0.15,0.44999999999999996,0.0,0.0,0.0,0.0,0.0,0.0,0.0,0.0,0.0,0.0,0.0,0.0,0.0,0.0,0.0,0.0,0.0,0.0,0.0,0
0.0,0.0,0.5,0.5,0,0,0.27692307692307694,8.255272505103306,8.812913356642856,-5.5,-3.5,80.5,0.0,0.0,0.0,0,-5,-4,-0.10000000000000142,-4.0,-200.0,0.050000000000000044,-0.04999999999999999,-0.38,-0.5,0.0,2.008,2.645,1.38,0.751,0.6280000000000001,1.894,0.1919999999999999,-0.2449999999999999,1.0959572566962812,0.9060118494310764,0.4442921961452345,0.3351699403122077,0.3957,0.219,0.259,0.881,0.0469,0
0.0,0.0,0.5,0.5,0,0,0.18461538461538463,8.079181246047625,8.812913356642856,-7.0,-5.0,79.5,0.0,0.0,0.0,0,-5,-10,-0.10000000000000142,-4.0,-200.0,0.050000000000000044,-0.04999999999999999,-0.38,-0.5,0.0,1.798,2.645,1.513,0.751,0.285,1.894,0.1019999999999999,-0.2449999999999999,1.082179702707457,0.9060118494310764,0.401214821926276,0.3351699403122077,0.5274,0.219,0.2516,0.7901,0.0668,1
0.0,0.0,0.5,0.5,0,0,1.1111111111111112,7.698970004336019,7.653212513775344,-2.5,-1.5,70.0,0.0,0.0,0.0,0,0,0,0.0,0.0,0.0,0.0,0.0,0.0,0.0,0.0,0.0,1.375,0.0,1.632,0.0,-0.257,0.0,0.125,0.0,1.078173606970716,0.0,0.5094932122544257,0.5604,0.3694,0.1723,0.8411,0.0493,1
0.0,0.0,0.5,0.5,0,0,13.0,8.812913356642856,7.698970004336019,12.5,8.5,86.0,0.0,0.0,0.0,0,5,10,0.10000000000000142,4.0,200.0,-0.050000000000000044,0.04999999999999999,0.38,0.5,0.0,2.645,0.0,0.751,0.0,1.894,0.0,-0.2449999999999999,0.0,0.9060118494310764,0.0,0.3351699403122077,0.0,0.5863,0.2673,0.1947,0.7823,0.0485,0
0.0,0.0,0.5,0.5,0,0,2.6666666666666665,8.079181246047625,7.653212513775344,3.0,2.0,79.5,0.0,0.0,0.0,0,0,0,0.0,0.0,0.0,0.0,0.0,0.0,0.0,0.0,1.798,1.375,1.513,1.632,0.285,-0.257,0.1019999999999999,0.125,1.082179702707457,1.078173606970716,0.401214821926276,0.5094932122544257,0.5274,0.3694,0.2516,0.7901,0.0668,0
0.0,0.0,0.5,0.5,0,0,14.444444444444445,8.812913356642856,7.653212513775344,10.0,7.0,86.0,0.0,0.0,0.0,0,5,10,0.10000000000000142,4.0,200.0,-0.050000000000000044,0.04999999999999999,0.38,0.5,0.0,2.645,1.375,0.751,1.632,1.894,-0.257,-0.2449999999999999,0.125,0.9060118494310764,1.078173606970716,0.3351699403122077,0.5094932122544257,0.5863,0.3694,0.1947,0.7823,0.0485,1
0.0,0.0,0.5,0.5,0,0,0.4166666666666667,7.698970004336019,8.079181246047625,-5.5,-3.5,70.0,0.0,0.0,0.0,0,0,0,0.0,0.0,0.0,0.0,0.0,0.0,0.0,0.0,0.0,1.798,0.0,1.513,0.0,0.285,0.0,0.1019999999999999,0.0,1.082179702707457,0.0,0.401214821926276,0.5604,0.221,0.1723,0.8411,0.0493,1
0.0,0.0,0.5,0.5,0,0,5.555555555555555,9.0,8.255272505103306,6.5,2.0,87.5,0.0,0.0,0.0,5,11,15,0.3000000000000007,13.0,-2500.0,0.09999999999999998,-0.04000000000000001,0.41999999999999993,0.5,0.09999999999999998,2.451,2.008,0.825,1.38,1.626,0.6280000000000001,0.349,0.1919999999999999,1.1980330911358643,1.0959572566962812,0.3834478089938996,0.4442921961452345,0.6748,0.3453,0.1307,0.8196,0.0699,1
0.0,0.0,0.5,0.5,0,0,4.25,8.929418925714293,8.301029995663981,6.799999999999997,1.0,87.5,0.0,0.0,0.0,1,-2,4,-1.0,3.0,0.0,0.04999999999999993,0.13999999999999999,0.48,0.6000000000000001,0.19999999999999996,2.592,1.599,0.939,1.173,1.653,0.426,0.108,0.1009999999999999,0.9731844800911872,0.9320745946735548,0.4399949494659632,0.3812100616603805,0.6413,0.2383,0.2269,0.7296,0.0546,1
0.0,0.0,0.5,0.5,0,0,1.1764705882352942,9.0,8.929418925714293,-0.29999999999999716,2.0,87.5,0.0,0.0,0.0,4,9,6,1.3000000000000007,10.0,-2500.0,0.050000000000000044,-0.18,-0.06000000000000005,-0.10000000000000009,-0.09999999999999998,2.451,2.592,0.825,0.939,1.626,1.653,0.349,0.108,1.1980330911358643,0.9731844800911872,0.3834478089938996,0.4399949494659632,0.6748,0.1318,0.1307,0.8196,0.0699,0
0.0,0.0,0.5,0.5,0,0,0.9,8.255272505103306,8.301029995663981,0.0,1.0,80.5,0.0,0.0,0.0,0,-4,-5,0.0,0.0,0.0,0.0,0.0,0.0,0.0,0.0,2.008,1.599,1.38,1.173,0.6280000000000001,0.426,0.1919999999999999,0.1009999999999999,1.0959572566962812,0.9320745946735548,0.4442921961452345,0.3812100616603805,0.3957,0.2383,0.259,0.881,0.0469,1
0.0,0.0,0.5,0.5,0,0,5.0,9.0,8.301029995663981,6.5,3.0,87.5,0.0,0.0,0.0,5,7,10,0.3000000000000007,13.0,-2500.0,0.09999999999999998,-0.04000000000000001,0.41999999999999993,0.5,0.09999999999999998,2.451,1.599,0.825,1.173,1.626,0.426,0.349,0.1009999999999999,1.1980330911358643,0.9320745946735548,0.3834478089938996,0.3812100616603805,0.6748,0.2383,0.1307,0.8196,0.0699,0
0.0,0.0,0.5,0.5,0,0,0.21176470588235294,8.255272505103306,8.929418925714293,-6.799999999999997,0.0,80.5,0.0,0.0,0.0,-1,-2,-9,1.0,-3.0,0.0,-0.04999999999999993,-0.13999999999999999,-0.48,-0.6000000000000001,-0.19999999999999996,2.008,2.592,1.38,0.939,0.6280000000000001,1.653,0.1919999999999999,0.108,1.0959572566962812,0.9731844800911872,0.4442921961452345,0.4399949494659632,0.3957,0.1318,0.259,0.881,0.0469,1
0.0,0.0,0.5,0.5,0,0,0.22727272727272727,7.698970004336019,8.342422680822207,-7.0,-3.5,70.0,0.0,0.0,0.0,0,0,-16,-0.3999999999999986,-11.0,7500.0,-0.29999999999999993,-0.24999999999999997,0.12,0.09999999999999987,0.050000000000000044,0.0,1.7739999999999998,0.0,1.399,0.0,0.375,0.0,-0.2739999999999999,0.0,0.8012143853944391,0.0,0.301485212462126,0.5587,0.215,0.2233,0.8282,0.0681,1
0.0,0.0,0.5,0.5,0,0,0.8333333333333334,7.698970004336019,7.778151250383644,-2.5,-1.0,70.0,0.0,0.0,0.0,0,0,-5,0.0,0.0,0.0,0.0,0.0,0.0,0.0,0.0,0.0,1.372,0.0,1.892,0.0,-0.5199999999999999,0.0,0.628,0.0,1.5354699312272966,0.0,0.2863098554596634,0.0,0.0,0.0,0.0,0.0,0
0.0,0.0,0.5,0.5,0,0,20.0,9.0,7.698970004336019,13.5,7.0,87.5,0.0,0.0,0.0,5,11,21,0.3000000000000007,13.0,-2500.0,0.09999999999999998,-0.04000000000000001,0.41999999999999993,0.5,0.09999999999999998,2.451,0.0,0.825,0.0,1.626,0.0,0.349,0.0,1.1980330911358643,0.0,0.3834478089938996,0.0,0.6748,0.2179,0.1307,0.8196,0.0699,1
0.0,0.0,0.5,0.5,0,0,17.0,8.929418925714293,7.698970004336019,14.0,8.5,88.0,0.0,0.0,0.0,3,6,17,1.0,20.0,-1500.0,0.04999999999999993,-0.020000000000000004,0.44999999999999996,0.8000000000000003,0.19999999999999996,2.884,0.0,0.95,0.0,1.934,0.0,0.616,0.0,1.2457596956683417,0.0,0.4170851232062826,0.0,0.6331,0.2673,0.1742,0.6174,0.0833,1
0.0,0.0,0.5,0.5,0,0,20.0,9.0,7.698970004336019,13.5,7.0,87.5,0.0,0.0,0.0,5,11,21,0.3000000000000007,13.0,-2500.0,0.09999999999999998,-0.19,-0.030000000000000027,0.5,0.09999999999999998,2.451,0.0,0.825,0.0,1.626,0.0,0.349,0.0,1.1980330911358643,0.0,0.3834478089938996,0.0,0.6748,0.0,0.1307,0.8196,0.0699,1
0.0,0.0,0.5,0.5,0,0,1.3076923076923077,8.929418925714293,8.812913356642856,1.5,0.0,88.0,0.0,0.0,0.0,3,1,7,0.8999999999999986,16.0,-1700.0,0.09999999999999998,-0.06999999999999999,0.06999999999999995,0.30000000000000027,0.19999999999999996,2.884,2.645,0.95,0.751,1.934,1.894,0.616,-0.2449999999999999,1.2457596956683417,0.9060118494310764,0.4170851232062826,0.3351699403122077,0.6331,0.219,0.1742,0.6174,0.0833,1
0.0,0.0,0.5,0.5,0,0,20.0,9.0,7.698970004336019,13.5,7.0,87.5,0.0,0.0,0.0,5,11,21,0.3000000000000007,13.0,-2500.0,0.09999999999999998,-0.04000000000000001,0.41999999999999993,0.5,0.09999999999999998,2.451,0.0,0.825,0.0,1.626,0.0,0.349,0.0,1.1980330911358643,0.0,0.3834478089938996,0.0,0.6748,0.2673,0.1307,0.8196,0.0699,1
0.0,0.0,0.5,0.5,0,0,17.0,8.929418925714293,7.698970004336019,14.0,8.5,88.0,0.0,0.0,0.0,3,6,17,1.0,20.0,-1500.0,0.04999999999999993,-0.020000000000000004,0.44999999999999996,0.8000000000000003,0.19999999999999996,2.884,0.0,0.95,0.0,1.934,0.0,0.616,0.0,1.2457596956683417,0.0,0.4170851232062826,0.0,0.6331,0.2179,0.1742,0.6174,0.0833,1
0.0,0.0,0.5,0.5,0,0,0.8333333333333334,7.698970004336019,7.778151250383644,-2.5,-1.0,70.0,0.0,0.0,0.0,0,0,-5,0.0,0.0,0.0,0.0,0.0,0.0,0.0,0.0,0.0,1.372,0.0,1.892,0.0,-0.5199999999999999,0.0,0.628,0.0,1.5354699312272966,0.0,0.2863098554596634,0.5587,0.0,0.2233,0.8282,0.0681,1
0.0,0.0,0.5,0.5,0,0,0.22727272727272727,7.698970004336019,8.342422680822207,-7.0,-3.5,70.0,0.0,0.0,0.0,0,0,-16,-0.3999999999999986,-11.0,7500.0,-0.29999999999999993,-0.24999999999999997,0.12,0.09999999999999987,0.050000000000000044,0.0,1.7739999999999998,0.0,1.399,0.0,0.375,0.0,-0.2739999999999999,0.0,0.8012143853944391,0.0,0.301485212462126,0.0,0.215,0.0,0.0,0.0,1
0.0,0.0,0.5,0.5,0,0,1.0,7.698970004336019,7.698970004336019,0.0,0.0,70.0,0.0,0.0,0.0,0,0,0,0.0,0.0,0.0,0.0,0.15,0.44999999999999996,0.0,0.0,0.0,0.0,0.0,0.0,0.0,0.0,0.0,0.0,0.0,0.0,0.0,0.0,0.0,0.2725,0.0,0.0,0.0,1
0.0,0.0,0.5,0.5,0,0,0.7727272727272727,8.929418925714293,9.041392685158225,-0.5,-1.0,88.0,0.0,0.0,0.0,1,-1,2,1.3000000000000007,10.0,-1300.0,0.04999999999999993,-0.020000000000000004,-0.07000000000000006,0.10000000000000009,0.09999999999999998,2.884,2.804,0.95,0.5599999999999999,1.934,2.244,0.616,0.296,1.2457596956683417,1.0649770760444726,0.4170851232062826,0.2852756951130297,0.6331,0.2349,0.1742,0.6174,0.0833,1
0.0,0.0,0.5,0.5,0,0,22.0,9.041392685158225,7.698970004336019,14.5,9.5,89.0,0.0,0.0,0.0,2,7,15,-0.3000000000000007,10.0,-200.0,0.0,0.0,0.52,0.7000000000000002,0.09999999999999998,2.804,0.0,0.5599999999999999,0.0,2.244,0.0,0.296,0.0,1.0649770760444726,0.0,0.2852756951130297,0.0,0.7185,0.2725,0.05,0.6062,0.0885,1
0.0,0.0,0.5,0.5,0,0,17.0,8.929418925714293,7.698970004336019,14.0,8.5,88.0,0.0,0.0,0.0,3,6,17,1.0,20.0,-1500.0,0.04999999999999993,-0.16999999999999998,0.0,0.8000000000000003,0.19999999999999996,2.884,0.0,0.95,0.0,1.934,0.0,0.616,0.0,1.2457596956683417,0.0,0.4170851232062826,0.0,0.6331,0.0,0.1742,0.6174,0.0833,0
0.0,0.0,0.5,0.5,0,0,1.0,7.698970004336019,7.698970004336019,0.0,0.0,70.0,0.0,0.0,0.0,0,0,-7,0.0,0.0,0.0,0.0,0.0,0.0,0.0,0.0,0.0,0.0,0.0,0.0,0.0,0.0,0.0,0.0,0.0,0.0,0.0,0.0,0.5587,0.2709,0.2233,0.8282,0.0681,0
0.0,0.0,0.5,0.5,0,0,1.0,7.698970004336019,7.698970004336019,0.0,0.0,70.0,0.0,0.0,0.0,0,0,0,0.0,0.0,0.0,0.0,0.15,0.44999999999999996,0.0,0.0,0.0,0.0,0.0,0.0,0.0,0.0,0.0,0.0,0.0,0.0,0.0,0.0,0.0,0.2673,0.0,0.0,0.0,0
0.0,0.0,0.5,0.5,0,0,1.0,7.698970004336019,7.698970004336019,0.0,0.0,70.0,0.0,0.0,0.0,0,0,-7,0.0,0.0,0.0,0.0,0.0,0.0,0.0,0.0,0.0,0.0,0.0,0.0,0.0,0.0,0.0,0.0,0.0,0.0,0.0,0.0,0.5604,0.2709,0.1723,0.8411,0.0493,0
0.0,0.0,0.5,0.5,0,0,1.0,7.698970004336019,7.698970004336019,0.0,0.0,70.0,0.0,0.0,0.0,0,0,0,0.0,0.0,0.0,0.0,0.15,0.44999999999999996,0.0,0.0,0.0,0.0,0.0,0.0,0.0,0.0,0.0,0.0,0.0,0.0,0.0,0.0,0.0,0.2179,0.0,0.0,0.0,0
0.0,0.0,0.5,0.5,0,0,1.0,7.698970004336019,7.698970004336019,0.0,0.0,70.0,0.0,0.0,0.0,0,0,0,0.0,0.0,0.0,0.0,0.0,0.0,0.0,0.0,0.0,0.0,0.0,0.0,0.0,0.0,0.0,0.0,0.0,0.0,0.0,0.0,0.0,0.0,0.0,0.0,0.0,0
0.0,0.0,0.5,0.5,0,0,1.0909090909090908,9.079181246047625,9.041392685158225,-0.5,-1.5,88.5,0.0,0.0,0.0,-1,-4,0,0.1999999999999993,-3.0,-300.0,0.0,0.18000000000000002,0.05999999999999994,-0.30000000000000004,0.0,2.341,2.804,1.067,0.5599999999999999,1.274,2.244,0.359,0.296,1.1426634743995732,1.0649770760444726,0.2724559087673128,0.2852756951130297,0.6109,0.2349,0.1611,0.6545,0.0492,1
0.0,0.0,0.5,0.5,0,0,17.0,8.929418925714293,7.698970004336019,14.0,8.5,88.0,0.0,0.0,0.0,3,6,17,1.0,20.0,-1500.0,0.04999999999999993,-0.020000000000000004,0.44999999999999996,0.8000000000000003,0.19999999999999996,2.884,0.0,0.95,0.0,1.934,0.0,0.616,0.0,1.2457596956683417,0.0,0.4170851232062826,0.0,0.6331,0.0,0.1742,0.6174,0.0833,1
0.0,0.0,0.5,0.5,0,0,10.0,8.698970004336019,7.698970004336019,10.5,4.5,84.5,0.0,0.0,0.0,0,2,13,1.3000000000000007,15.0,300.0,-0.050000000000000044,-0.020000000000000004,0.35,0.20000000000000018,0.04999999999999999,2.002,0.0,1.323,0.0,0.6789999999999999,0.0,-0.1019999999999999,0.0,0.9431066534244954,0.0,0.3376651859131732,0.0,0.5783,0.2725,0.2167,0.8053,0.062,0
0.0,0.0,0.5,0.5,0,0,10.0,8.698970004336019,7.698970004336019,10.5,4.5,84.5,0.0,0.0,0.0,0,2,13,1.3000000000000007,15.0,300.0,-0.050000000000000044,-0.020000000000000004,0.35,0.20000000000000018,0.04999999999999999,2.002,0.0,1.323,0.0,0.6789999999999999,0.0,-0.1019999999999999,0.0,0.9431066534244954,0.0,0.3376651859131732,0.0,0.5783,0.0,0.2167,0.8053,0.062,1
0.0,0.0,0.5,0.5,0,0,17.0,8.929418925714293,7.698970004336019,14.0,8.5,88.0,0.0,0.0,0.0,3,6,17,1.0,20.0,-1500.0,0.04999999999999993,-0.020000000000000004,0.44999999999999996,0.8000000000000003,0.19999999999999996,2.884,0.0,0.95,0.0,1.934,0.0,0.616,0.0,1.2457596956683417,0.0,0.4170851232062826,0.0,0.6331,0.2725,0.1742,0.6174,0.0833,1
0.0,0.0,0.5,0.5,0,0,1.0,7.698970004336019,7.698970004336019,0.0,0.0,70.0,0.0,0.0,0.0,0,0,0,0.0,0.0,0.0,0.0,0.0,0.0,0.0,0.0,0.0,0.0,0.0,0.0,0.0,0.0,0.0,0.0,0.0,0.0,0.0,0.0,0.3973,0.0,0.3302,0.8774,0.0839,1
0.0,0.0,0.5,0.5,0,0,1.7,8.929418925714293,8.698970004336019,3.5,4.0,88.0,0.0,0.0,0.0,3,4,4,-0.3000000000000007,5.0,-1800.0,0.09999999999999998,0.0,0.09999999999999998,0.6000000000000001,0.14999999999999997,2.884,2.002,0.95,1.323,1.934,0.6789999999999999,0.616,-0.1019999999999999,1.2457596956683417,0.9431066534244954,0.4170851232062826,0.3376651859131732,0.6331,0.205,0.1742,0.6174,0.0833,0
0.0,0.0,0.5,0.5,0,0,0.2777777777777778,7.698970004336019,8.255272505103306,-7.0,-5.0,70.0,0.0,0.0,0.0,0,0,-6,0.0,0.0,0.0,0.0,0.0,0.0,0.0,0.0,0.0,2.008,0.0,1.38,0.0,0.6280000000000001,0.0,0.1919999999999999,0.0,1.0959572566962812,0.0,0.4442921961452345,0.0,0.3453,0.0,0.0,0.0,1
0.0,0.0,0.5,0.5,0,0,3.0,8.176091259055681,7.698970004336019,6.0,3.0,80.0,0.0,0.0,0.0,0,0,3,0.0,0.0,0.0,0.0,0.0,0.0,0.0,0.0,1.593,0.0,1.442,0.0,0.151,0.0,0.207,0.0,1.1826885206737323,0.0,0.3051793643817426,0.0,0.4962,0.232,0.2401,0.8887,0.0526,1
0.0,0.0,0.5,0.5,0,0,0.8333333333333334,8.176091259055681,8.255272505103306,-1.0,-2.0,80.0,0.0,0.0,0.0,0,0,-3,0.0,0.0,0.0,0.0,0.0,0.0,0.0,0.0,1.593,2.008,1.442,1.38,0.151,0.6280000000000001,0.207,0.1919999999999999,1.1826885206737323,1.0959572566962812,0.3051793643817426,0.4442921961452345,0.4962,0.3453,0.2401,0.8887,0.0526,0
0.0,0.0,0.5,0.5,0,0,1.0,7.698970004336019,7.698970004336019,0.0,0.0,70.0,0.0,0.0,0.0,0,0,0,0.0,0.0,0.0,0.0,0.0,0.0,0.0,0.0,0.0,0.0,0.0,0.0,0.0,0.0,0.0,0.0,0.0,0.0,0.0,0.0,0.0,0.232,0.0,0.0,0.0,1
0.0,0.0,0.5,0.5,0,0,0.2777777777777778,7.698970004336019,8.255272505103306,-7.0,-5.0,70.0,0.0,0.0,0.0,0,0,-6,0.0,0.0,0.0,0.0,0.0,0.0,0.0,0.0,0.0,2.008,0.0,1.38,0.0,0.6280000000000001,0.0,0.1919999999999999,0.0,1.0959572566962812,0.0,0.4442921961452345,0.4794,0.3453,0.2886,0.8789,0.0804,0
0.0,0.0,0.5,0.5,0,0,0.3333333333333333,7.698970004336019,8.176091259055681,-6.0,-3.0,70.0,0.0,0.0,0.0,0,0,-3,0.0,0.0,0.0,0.0,0.0,0.0,0.0,0.0,0.0,1.593,0.0,1.442,0.0,0.151,0.0,0.207,0.0,1.1826885206737323,0.0,0.3051793643817426,0.0,0.2637,0.0,0.0,0.0,0
0.0,0.0,0.5,0.5,0,0,1.0,7.698970004336019,7.698970004336019,0.0,0.0,70.0,0.0,0.0,0.0,0,0,-7,0.0,0.0,0.0,0.0,0.15,0.44999999999999996,0.0,0.0,0.0,0.0,0.0,0.0,0.0,0.0,0.0,0.0,0.0,0.0,0.0,0.0,0.0,0.2709,0.0,0.0,0.0,0
0.0,0.0,0.5,0.5,0,0,1.0,7.698970004336019,7.698970004336019,0.0,0.0,70.0,0.0,0.0,0.0,0,0,0,0.0,0.0,0.0,0.0,0.0,0.0,0.0,0.0,0.0,0.0,0.0,0.0,0.0,0.0,0.0,0.0,0.0,0.0,0.0,0.0,0.5587,0.2673,0.2233,0.8282,0.0681,1
0.0,0.0,0.5,0.5,0,0,0.1,7.698970004336019,8.698970004336019,-10.5,-4.5,70.0,0.0,0.0,0.0,0,-2,-13,-1.3000000000000007,-15.0,-300.0,0.050000000000000044,0.020000000000000004,-0.35,-0.20000000000000018,-0.04999999999999999,0.0,2.002,0.0,1.323,0.0,0.6789999999999999,0.0,-0.1019999999999999,0.0,0.9431066534244954,0.0,0.3376651859131732,0.5587,0.205,0.2233,0.8282,0.0681,1
0.0,0.0,0.5,0.5,0,0,10.0,8.698970004336019,7.698970004336019,10.5,4.5,84.5,0.0,0.0,0.0,0,2,13,1.3000000000000007,15.0,300.0,-0.050000000000000044,-0.020000000000000004,0.35,0.20000000000000018,0.04999999999999999,2.002,0.0,1.323,0.0,0.6789999999999999,0.0,-0.1019999999999999,0.0,0.9431066534244954,0.0,0.3376651859131732,0.0,0.5783,0.0,0.2167,0.8053,0.062,0
0.0,0.0,0.5,0.5,0,0,1.0,7.698970004336019,7.698970004336019,0.0,0.0,70.0,0.0,0.0,0.0,0,0,0,0.0,0.0,0.0,0.0,0.0,0.0,0.0,0.0,0.0,0.0,0.0,0.0,0.0,0.0,0.0,0.0,0.0,0.0,0.0,0.0,0.0,0.2179,0.0,0.0,0.0,0
0.0,0.0,0.5,0.5,0,0,0.041666666666666664,7.698970004336019,9.079181246047625,-14.0,-8.0,70.0,0.0,0.0,0.0,-1,-3,-15,0.10000000000000142,-7.0,500.0,0.0,-0.18000000000000002,-0.58,-0.40000000000000013,-0.09999999999999998,0.0,2.341,0.0,1.067,0.0,1.274,0.0,0.359,0.0,1.1426634743995732,0.0,0.2724559087673128,0.0,0.228,0.0,0.0,0.0,0
0.0,0.0,0.5,0.5,0,0,0.058823529411764705,7.698970004336019,8.929418925714293,-13.799999999999997,-5.0,70.0,0.0,0.0,0.0,-1,-2,-15,1.0,-3.0,0.0,-0.04999999999999993,-0.13999999999999999,-0.48,-0.6000000000000001,-0.19999999999999996,0.0,2.592,0.0,0.939,0.0,1.653,0.0,0.108,0.0,0.9731844800911872,0.0,0.4399949494659632,0.0,0.1318,0.0,0.0,0.0,1
0.0,0.0,0.5,0.5,0,0,0.7083333333333334,8.929418925714293,9.079181246047625,-0.20000000000000284,-3.0,87.5,0.0,0.0,0.0,0,-1,0,-0.8999999999999986,-4.0,500.0,0.04999999999999993,-0.040000000000000036,-0.09999999999999998,0.19999999999999996,0.09999999999999998,2.592,2.341,0.939,1.067,1.653,1.274,0.108,0.359,0.9731844800911872,1.1426634743995732,0.4399949494659632,0.2724559087673128,0.6413,0.228,0.2269,0.7296,0.0546,0
0.0,0.0,0.5,0.5,0,0,0.058823529411764705,7.698970004336019,8.929418925714293,-14.0,-8.5,70.0,0.0,0.0,0.0,-3,-6,-17,-1.0,-20.0,1500.0,-0.04999999999999993,0.16999999999999998,0.0,-0.8000000000000003,-0.19999999999999996,0.0,2.884,0.0,0.95,0.0,1.934,0.0,0.616,0.0,1.2457596956683417,0.0,0.4170851232062826,0.0,0.1927,0.0,0.0,0.0,1
0.0,0.0,0.5,0.5,0,0,0.85,8.929418925714293,9.0,0.5,1.5,88.0,0.0,0.0,0.0,-2,-5,-4,0.6999999999999993,7.0,1000.0,-0.050000000000000044,0.020000000000000004,0.030000000000000027,0.30000000000000027,0.09999999999999998,2.884,2.451,0.95,0.825,1.934,1.626,0.616,0.349,1.2457596956683417,1.1980330911358643,0.4170851232062826,0.3834478089938996,0.6331,0.1945,0.1742,0.6174,0.0833,0
0.0,0.0,0.5,0.5,0,0,0.05,7.698970004336019,9.0,-13.5,-7.0,70.0,0.0,0.0,0.0,-5,-11,-21,-0.3000000000000007,-13.0,2500.0,-0.09999999999999998,0.19,0.030000000000000027,-0.5,-0.09999999999999998,0.0,2.451,0.0,0.825,0.0,1.626,0.0,0.349,0.0,1.1980330911358643,0.0,0.3834478089938996,0.0,0.1945,0.0,0.0,0.0,1
0.0,0.0,0.5,0.5,0,0,0.16363636363636364,8.255272505103306,9.041392685158225,-7.5,-4.5,80.5,0.0,0.0,0.0,-2,-7,-9,0.3000000000000007,-10.0,200.0,0.0,0.0,-0.52,-0.7000000000000002,-0.09999999999999998,2.008,2.804,1.38,0.5599999999999999,0.6280000000000001,2.244,0.1919999999999999,0.296,1.0959572566962812,1.0649770760444726,0.4442921961452345,0.2852756951130297,0.3957,0.2349,0.259,0.881,0.0469,0
0.0,0.0,0.5,0.5,0,0,3.6,8.255272505103306,7.698970004336019,7.0,5.0,80.5,0.0,0.0,0.0,0,0,6,0.0,0.0,0.0,0.0,0.0,0.0,0.0,0.0,2.008,0.0,1.38,0.0,0.6280000000000001,0.0,0.1919999999999999,0.0,1.0959572566962812,0.0,0.4442921961452345,0.0,0.3957,0.0,0.259,0.881,0.0469,0
0.0,0.0,0.5,0.5,0,0,22.0,9.041392685158225,7.698970004336019,14.5,9.5,89.0,0.0,0.0,0.0,2,7,15,-0.3000000000000007,10.0,-200.0,0.0,0.0,0.52,0.7000000000000002,0.09999999999999998,2.804,0.0,0.5599999999999999,0.0,2.244,0.0,0.296,0.0,1.0649770760444726,0.0,0.2852756951130297,0.0,0.7185,0.0,0.05,0.6062,0.0885,1
0.0,0.0,0.5,0.5,0,0,1.0,7.698970004336019,7.698970004336019,0.0,0.0,70.0,0.0,0.0,0.0,0,0,0,0.0,0.0,0.0,0.0,-0.15,-0.44999999999999996,0.0,0.0,0.0,0.0,0.0,0.0,0.0,0.0,0.0,0.0,0.0,0.0,0.0,0.0,0.5587,0.0,0.2233,0.8282,0.0681,0
0.0,0.0,0.5,0.5,0,0,0.045454545454545456,7.698970004336019,9.041392685158225,-14.5,-9.5,70.0,0.0,0.0,0.0,-2,-7,-15,0.3000000000000007,-10.0,200.0,0.0,0.0,-0.52,-0.7000000000000002,-0.09999999999999998,0.0,2.804,0.0,0.5599999999999999,0.0,2.244,0.0,0.296,0.0,1.0649770760444726,0.0,0.2852756951130297,0.0,0.2349,0.0,0.0,0.0,0
0.0,0.0,0.5,0.5,0,0,0.045454545454545456,7.698970004336019,9.041392685158225,-14.5,-9.5,70.0,0.0,0.0,0.0,-2,-7,-15,0.3000000000000007,-10.0,200.0,0.0,0.0,-0.52,-0.7000000000000002,-0.09999999999999998,0.0,2.804,0.0,0.5599999999999999,0.0,2.244,0.0,0.296,0.0,1.0649770760444726,0.0,0.2852756951130297,0.5587,0.2349,0.2233,0.8282,0.0681,1
0.0,0.0,0.5,0.5,0,0,1.0,7.698970004336019,7.698970004336019,0.0,0.0,70.0,0.0,0.0,0.0,0,0,0,0.0,0.0,0.0,0.0,0.15,0.44999999999999996,0.0,0.0,0.0,0.0,0.0,0.0,0.0,0.0,0.0,0.0,0.0,0.0,0.0,0.0,0.0,0.0,0.0,0.0,0.0,1
0.0,0.0,0.5,0.5,0,0,24.0,9.079181246047625,7.698970004336019,14.0,8.0,88.5,0.0,0.0,0.0,1,3,15,-0.10000000000000142,7.0,-500.0,0.0,0.18000000000000002,0.58,0.40000000000000013,0.09999999999999998,2.341,0.0,1.067,0.0,1.274,0.0,0.359,0.0,1.1426634743995732,0.0,0.2724559087673128,0.0,0.6109,0.0,0.1611,0.6545,0.0492,1
0.0,0.0,0.5,0.5,0,0,22.0,9.041392685158225,7.698970004336019,14.5,9.5,89.0,0.0,0.0,0.0,2,7,15,-0.3000000000000007,10.0,-200.0,0.0,0.0,0.52,0.7000000000000002,0.09999999999999998,2.804,0.0,0.5599999999999999,0.0,2.244,0.0,0.296,0.0,1.0649770760444726,0.0,0.2852756951130297,0.0,0.7185,0.0,0.05,0.6062,0.0885,1
0.0,0.0,0.5,0.5,0,0,22.0,9.041392685158225,7.698970004336019,14.5,9.5,89.0,0.0,0.0,0.0,2,7,15,-0.3000000000000007,10.0,-200.0,0.0,0.0,0.52,0.7000000000000002,0.09999999999999998,2.804,0.0,0.5599999999999999,0.0,2.244,0.0,0.296,0.0,1.0649770760444726,0.0,0.2852756951130297,0.0,0.7185,0.0,0.05,0.6062,0.0885,0
0.0,0.0,0.5,0.5,0,0,24.0,9.079181246047625,7.698970004336019,14.0,8.0,88.5,0.0,0.0,0.0,1,3,15,-0.10000000000000142,7.0,-500.0,0.0,0.18000000000000002,0.58,0.40000000000000013,0.09999999999999998,2.341,0.0,1.067,0.0,1.274,0.0,0.359,0.0,1.1426634743995732,0.0,0.2724559087673128,0.0,0.6109,0.0,0.1611,0.6545,0.0492,1
0.0,0.0,0.5,0.5,0,0,17.0,8.929418925714293,7.698970004336019,13.799999999999997,5.0,87.5,0.0,0.0,0.0,1,2,15,-1.0,3.0,0.0,0.04999999999999993,0.13999999999999999,0.48,0.6000000000000001,0.19999999999999996,2.592,0.0,0.939,0.0,1.653,0.0,0.108,0.0,0.9731844800911872,0.0,0.4399949494659632,0.0,0.6413,0.0,0.2269,0.7296,0.0546,0
0.0,0.0,0.5,0.5,0,0,1.0,7.698970004336019,7.698970004336019,0.0,0.0,70.0,0.0,0.0,0.0,0,0,0,0.0,0.0,0.0,0.0,0.0,0.0,0.0,0.0,0.0,0.0,0.0,0.0,0.0,0.0,0.0,0.0,0.0,0.0,0.0,0.0,0.0,0.0,0.0,0.0,0.0,0
0.0,0.0,0.5,0.5,0,0,17.0,8.929418925714293,7.698970004336019,13.799999999999997,5.0,87.5,0.0,0.0,0.0,1,2,15,-1.0,3.0,0.0,0.04999999999999993,0.13999999999999999,0.48,0.6000000000000001,0.19999999999999996,2.592,0.0,0.939,0.0,1.653,0.0,0.108,0.0,0.9731844800911872,0.0,0.4399949494659632,0.0,0.6413,0.0,0.2269,0.7296,0.0546,1
0.0,0.0,0.5,0.5,0,0,1.0,7.698970004336019,7.698970004336019,0.0,0.0,70.0,0.0,0.0,0.0,0,0,0,0.0,0.0,0.0,0.0,0.0,0.0,0.0,0.0,0.0,0.0,0.0,0.0,0.0,0.0,0.0,0.0,0.0,0.0,0.0,0.0,0.0,0.0,0.0,0.0,0.0,0
0.0,0.0,0.5,0.5,0,0,1.0,7.698970004336019,7.698970004336019,0.0,0.0,70.0,0.0,0.0,0.0,0,0,0,0.0,0.0,0.0,0.0,0.0,0.0,0.0,0.0,0.0,0.0,0.0,0.0,0.0,0.0,0.0,0.0,0.0,0.0,0.0,0.0,0.0,0.0,0.0,0.0,0.0,0
0.0,0.0,0.5,0.5,0,0,17.0,8.929418925714293,7.698970004336019,13.799999999999997,5.0,87.5,0.0,0.0,0.0,1,2,15,-1.0,3.0,0.0,0.04999999999999993,0.13999999999999999,0.48,0.6000000000000001,0.19999999999999996,2.592,0.0,0.939,0.0,1.653,0.0,0.108,0.0,0.9731844800911872,0.0,0.4399949494659632,0.0,0.6413,0.0,0.2269,0.7296,0.0546,0
0.0,0.0,0.5,0.5,0,0,20.0,9.0,7.698970004336019,13.5,7.0,87.5,0.0,0.0,0.0,5,11,21,0.3000000000000007,13.0,-2500.0,0.09999999999999998,-0.04000000000000001,0.41999999999999993,0.5,0.09999999999999998,2.451,0.0,0.825,0.0,1.626,0.0,0.349,0.0,1.1980330911358643,0.0,0.3834478089938996,0.0,0.6748,0.0,0.1307,0.8196,0.0699,1
0.0,0.0,0.5,0.5,0,0,4.8,8.079181246047625,7.3979400086720375,6.5,3.5,79.5,0.0,0.0,0.0,0,0,-1,0.0,0.0,0.0,0.0,0.0,0.0,0.0,0.0,1.798,1.105,1.513,1.845,0.285,-0.74,0.1019999999999999,0.195,1.082179702707457,1.20716299119675,0.401214821926276,0.3729238826117498,0.5274,0.0,0.2516,0.7901,0.0668,1
0.0,0.0,0.5,0.5,0,0,8.333333333333334,9.0,8.079181246047625,8.0,3.5,87.5,0.0,0.0,0.0,5,11,21,0.3000000000000007,13.0,-2500.0,0.09999999999999998,-0.04000000000000001,0.41999999999999993,0.5,0.09999999999999998,2.451,1.798,0.825,1.513,1.626,0.285,0.349,0.1019999999999999,1.1980330911358643,1.082179702707457,0.3834478089938996,0.401214821926276,0.6748,0.221,0.1307,0.8196,0.0699,1
0.0,0.0,0.5,0.5,0,0,2.0,7.698970004336019,7.3979400086720375,1.0,0.0,70.0,0.0,0.0,0.0,0,0,-1,0.0,0.0,0.0,0.0,0.0,0.0,0.0,0.0,0.0,1.105,0.0,1.845,0.0,-0.74,0.0,0.195,0.0,1.20716299119675,0.0,0.3729238826117498,0.0,0.0,0.0,0.0,0.0,1
0.0,0.0,0.5,0.5,0,0,0.4166666666666667,7.698970004336019,8.079181246047625,-5.5,-3.5,70.0,0.0,0.0,0.0,0,0,0,0.0,0.0,0.0,0.0,0.0,0.0,0.0,0.0,0.0,1.798,0.0,1.513,0.0,0.285,0.0,0.1019999999999999,0.0,1.082179702707457,0.0,0.401214821926276,0.0,0.221,0.0,0.0,0.0,0
0.0,0.0,0.5,0.5,0,0,40.0,9.0,7.3979400086720375,14.5,7.0,87.5,0.0,0.0,0.0,5,11,20,0.3000000000000007,13.0,-2500.0,0.09999999999999998,-0.04000000000000001,0.41999999999999993,0.5,0.09999999999999998,2.451,1.105,0.825,1.845,1.626,-0.74,0.349,0.195,1.1980330911358643,1.20716299119675,0.3834478089938996,0.3729238826117498,0.6748,0.0,0.1307,0.8196,0.0699,1
0.0,0.0,0.5,0.5,0,0,1.0,7.698970004336019,7.698970004336019,0.0,0.0,70.0,0.0,0.0,0.0,0,0,0,0.0,0.0,0.0,0.0,0.0,0.0,0.0,0.0,0.0,0.0,0.0,0.0,0.0,0.0,0.0,0.0,0.0,0.0,0.0,0.0,0.5263,0.0,0.2429,0.8909,0.0788,1
0.0,0.0,0.5,0.5,0,0,0.26666666666666666,8.079181246047625,8.653212513775344,-4.5,-5.5,79.5,0.0,0.0,0.0,-2,-5,-13,0.5,-6.0,1500.0,-0.04999999999999993,0.020000000000000004,-0.25,-0.30000000000000004,-0.09999999999999998,1.798,2.161,1.513,1.17,0.285,0.991,0.1019999999999999,0.439,1.082179702707457,1.0807602735652382,0.401214821926276,0.5795295026523193,0.5274,0.172,0.2516,0.7901,0.0668,0
0.0,0.0,0.5,0.5,0,0,7.0,8.544068044350276,7.698970004336019,9.0,4.0,83.0,0.0,0.0,0.0,0,1,5,0.0,4.0,500.0,0.09999999999999998,-0.020000000000000004,0.28,0.0,0.15000000000000002,1.7559999999999998,0.0,1.164,0.0,0.592,0.0,0.244,0.0,1.1196847912652483,0.0,0.1581981879373676,0.0,0.5143,0.2179,0.2606,0.8589,0.0712,0
0.0,0.0,0.5,0.5,0,0,0.75,8.954242509439325,9.079181246047625,-0.5,-1.5,87.0,0.0,0.0,0.0,-1,-1,-8,0.8000000000000007,6.0,500.0,0.04999999999999993,-0.16000000000000003,-0.17999999999999994,0.5999999999999999,0.0,2.591,2.341,0.97,1.067,1.621,1.274,0.709,0.359,1.1798394922132849,1.1426634743995732,0.3362356977544835,0.2724559087673128,0.692,0.228,0.1045,0.6599,0.0657,1
0.0,0.0,0.5,0.5,0,0,3.4285714285714284,9.079181246047625,8.544068044350276,5.0,4.0,88.5,0.0,0.0,0.0,1,2,10,-0.10000000000000142,3.0,-1000.0,-0.09999999999999998,0.2,0.29999999999999993,0.40000000000000013,-0.050000000000000044,2.341,1.7559999999999998,1.067,1.164,1.274,0.592,0.359,0.244,1.1426634743995732,1.1196847912652483,0.2724559087673128,0.1581981879373676,0.6109,0.2251,0.1611,0.6545,0.0492,0
0.0,0.0,0.5,0.5,0,0,0.05555555555555555,7.698970004336019,8.954242509439325,-13.5,-6.5,70.0,0.0,0.0,0.0,0,-2,-7,-0.6999999999999993,-13.0,0.0,-0.04999999999999993,-0.01999999999999999,-0.4,-1.0,-0.09999999999999998,0.0,2.591,0.0,0.97,0.0,1.621,0.0,0.709,0.0,1.1798394922132849,0.0,0.3362356977544835,0.5587,0.2035,0.2233,0.8282,0.0681,1
0.0,0.0,0.5,0.5,0,0,24.0,9.079181246047625,7.698970004336019,14.0,8.0,88.5,0.0,0.0,0.0,1,3,15,-0.10000000000000142,7.0,-500.0,0.0,0.18000000000000002,0.58,0.40000000000000013,0.09999999999999998,2.341,0.0,1.067,0.0,1.274,0.0,0.359,0.0,1.1426634743995732,0.0,0.2724559087673128,0.0,0.6109,0.2179,0.1611,0.6545,0.0492,1
0.0,0.0,0.5,0.5,0,0,2.5714285714285716,8.954242509439325,8.544068044350276,4.5,2.5,87.0,0.0,0.0,0.0,0,1,2,0.6999999999999993,9.0,-500.0,-0.050000000000000044,0.039999999999999994,0.12,1.0,-0.050000000000000044,2.591,1.7559999999999998,0.97,1.164,1.621,0.592,0.709,0.244,1.1798394922132849,1.1196847912652483,0.3362356977544835,0.1581981879373676,0.692,0.2251,0.1045,0.6599,0.0657,0
0.0,0.0,0.5,0.5,0,0,4.4,8.342422680822207,7.698970004336019,7.0,3.5,80.0,0.0,0.0,0.0,0,0,16,0.3999999999999986,11.0,-7500.0,0.29999999999999993,0.24999999999999997,-0.12,-0.09999999999999987,-0.050000000000000044,1.7739999999999998,0.0,1.399,0.0,0.375,0.0,-0.2739999999999999,0.0,0.8012143853944391,0.0,0.301485212462126,0.0,0.5765,0.0,0.2085,0.7166,0.0536,1
0.0,0.0,0.5,0.5,0,0,0.1,7.698970004336019,8.698970004336019,-10.5,-4.5,70.0,0.0,0.0,0.0,0,-2,-13,-1.3000000000000007,-15.0,-300.0,0.050000000000000044,0.020000000000000004,-0.35,-0.20000000000000018,-0.04999999999999999,0.0,2.002,0.0,1.323,0.0,0.6789999999999999,0.0,-0.1019999999999999,0.0,0.9431066534244954,0.0,0.3376651859131732,0.0,0.205,0.0,0.0,0.0,0
0.0,0.0,0.5,0.5,0,0,20.0,9.0,7.698970004336019,13.5,7.0,87.5,0.0,0.0,0.0,5,11,21,0.3000000000000007,13.0,-2500.0,0.09999999999999998,-0.04000000000000001,0.41999999999999993,0.5,0.09999999999999998,2.451,0.0,0.825,0.0,1.626,0.0,0.349,0.0,1.1980330911358643,0.0,0.3834478089938996,0.0,0.6748,0.2179,0.1307,0.8196,0.0699,1
0.0,0.0,0.5,0.5,0,0,1.8888888888888888,8.929418925714293,8.653212513775344,4.0,-0.5,88.0,0.0,0.0,0.0,1,1,4,1.5,14.0,0.0,0.0,0.0,0.19999999999999996,0.5000000000000002,0.09999999999999998,2.884,2.161,0.95,1.17,1.934,0.991,0.616,0.439,1.2457596956683417,1.0807602735652382,0.4170851232062826,0.5795295026523193,0.6331,0.172,0.1742,0.6174,0.0833,1
0.0,0.0,0.5,0.5,0,0,0.045454545454545456,7.698970004336019,9.041392685158225,-14.5,-9.5,70.0,0.0,0.0,0.0,-2,-7,-15,0.3000000000000007,-10.0,200.0,0.0,0.15,-0.07000000000000006,-0.7000000000000002,-0.09999999999999998,0.0,2.804,0.0,0.5599999999999999,0.0,2.244,0.0,0.296,0.0,1.0649770760444726,0.0,0.2852756951130297,0.0,0.2349,0.0,0.0,0.0,0
0.0,0.0,0.5,0.5,0,0,7.0,8.544068044350276,7.698970004336019,9.0,4.0,83.0,0.0,0.0,0.0,0,1,5,0.0,4.0,500.0,0.09999999999999998,-0.020000000000000004,0.28,0.0,0.15000000000000002,1.7559999999999998,0.0,1.164,0.0,0.592,0.0,0.244,0.0,1.1196847912652483,0.0,0.1581981879373676,0.0,0.5143,0.0,0.2606,0.8589,0.0712,0
0.0,0.0,0.5,0.5,0,0,10.0,9.079181246047625,8.079181246047625,9.5,4.5,88.5,0.0,0.0,0.0,1,3,8,-0.10000000000000142,7.0,-500.0,0.0,0.18000000000000002,0.58,0.40000000000000013,0.09999999999999998,2.341,1.6,1.067,1.705,1.274,-0.1049999999999999,0.359,0.7,1.1426634743995732,1.397464068315691,0.2724559087673128,0.4263279905841928,0.6109,0.0,0.1611,0.6545,0.0492,1
0.0,0.0,0.5,0.5,0,0,0.058823529411764705,7.698970004336019,8.929418925714293,-13.799999999999997,-5.0,70.0,0.0,0.0,0.0,-1,-2,-15,1.0,-3.0,0.0,-0.04999999999999993,-0.13999999999999999,-0.48,-0.6000000000000001,-0.19999999999999996,0.0,2.592,0.0,0.939,0.0,1.653,0.0,0.108,0.0,0.9731844800911872,0.0,0.4399949494659632,0.5263,0.1318,0.2429,0.8909,0.0788,0
0.0,0.0,0.5,0.5,0,0,17.0,8.929418925714293,7.698970004336019,14.0,8.5,88.0,0.0,0.0,0.0,3,6,17,1.0,20.0,-1500.0,0.04999999999999993,-0.020000000000000004,0.44999999999999996,0.8000000000000003,0.19999999999999996,2.884,0.0,0.95,0.0,1.934,0.0,0.616,0.0,1.2457596956683417,0.0,0.4170851232062826,0.0,0.6331,0.0,0.1742,0.6174,0.0833,1
0.0,0.0,0.5,0.5,0,0,0.45454545454545453,8.698970004336019,9.041392685158225,-4.0,-5.0,84.5,0.0,0.0,0.0,-2,-5,-2,1.6000000000000014,5.0,500.0,-0.050000000000000044,-0.020000000000000004,-0.17000000000000004,-0.5,-0.04999999999999999,2.002,2.804,1.323,0.5599999999999999,0.6789999999999999,2.244,-0.1019999999999999,0.296,0.9431066534244954,1.0649770760444726,0.3376651859131732,0.2852756951130297,0.5783,0.2349,0.2167,0.8053,0.062,0
0.0,0.0,0.5,0.5,0,0,1.7,8.929418925714293,8.698970004336019,3.5,4.0,88.0,0.0,0.0,0.0,3,4,4,-0.3000000000000007,5.0,-1800.0,0.09999999999999998,0.0,0.09999999999999998,0.6000000000000001,0.14999999999999997,2.884,2.002,0.95,1.323,1.934,0.6789999999999999,0.616,-0.1019999999999999,1.2457596956683417,0.9431066534244954,0.4170851232062826,0.3376651859131732,0.6331,0.205,0.1742,0.6174,0.0833,1
0.0,0.0,0.5,0.5,0,0,22.0,9.041392685158225,7.698970004336019,14.5,9.5,89.0,0.0,0.0,0.0,2,7,15,-0.3000000000000007,10.0,-200.0,0.0,0.0,0.52,0.7000000000000002,0.09999999999999998,2.804,0.0,0.5599999999999999,0.0,2.244,0.0,0.296,0.0,1.0649770760444726,0.0,0.2852756951130297,0.0,0.7185,0.0,0.05,0.6062,0.0885,0
0.0,0.0,0.5,0.5,0,0,1.7,8.929418925714293,8.698970004336019,3.299999999999997,0.5,87.5,0.0,0.0,0.0,1,0,2,-2.3000000000000007,-12.0,-300.0,0.09999999999999998,0.15999999999999998,0.13,0.3999999999999999,0.14999999999999997,2.592,2.002,0.939,1.323,1.653,0.6789999999999999,0.108,-0.1019999999999999,0.9731844800911872,0.9431066534244954,0.4399949494659632,0.3376651859131732,0.6413,0.205,0.2269,0.7296,0.0546,0
0.0,0.0,0.5,0.5,0,0,0.7083333333333334,8.929418925714293,9.079181246047625,0.0,0.5,88.0,0.0,0.0,0.0,2,3,2,1.1000000000000014,13.0,-1000.0,0.04999999999999993,-0.2,-0.13,0.40000000000000013,0.09999999999999998,2.884,2.341,0.95,1.067,1.934,1.274,0.616,0.359,1.2457596956683417,1.1426634743995732,0.4170851232062826,0.2724559087673128,0.6331,0.228,0.1742,0.6174,0.0833,1
0.0,0.0,0.5,0.5,0,0,0.22727272727272727,7.698970004336019,8.342422680822207,-7.0,-3.5,70.0,0.0,0.0,0.0,0,0,-16,-0.3999999999999986,-11.0,7500.0,-0.29999999999999993,-0.24999999999999997,0.12,0.09999999999999987,0.050000000000000044,0.0,1.7739999999999998,0.0,1.399,0.0,0.375,0.0,-0.2739999999999999,0.0,0.8012143853944391,0.0,0.301485212462126,0.0,0.215,0.0,0.0,0.0,0
0.0,0.0,0.5,0.5,0,0,0.9090909090909091,9.0,9.041392685158225,-1.0,-2.5,87.5,0.0,0.0,0.0,3,4,6,0.6000000000000014,3.0,-2300.0,0.09999999999999998,-0.04000000000000001,-0.10000000000000009,-0.20000000000000018,0.0,2.451,2.804,0.825,0.5599999999999999,1.626,2.244,0.349,0.296,1.1980330911358643,1.0649770760444726,0.3834478089938996,0.2852756951130297,0.6748,0.2349,0.1307,0.8196,0.0699,0
0.0,0.0,0.5,0.5,0,0,6.666666666666667,9.0,8.176091259055681,7.5,4.0,87.5,0.0,0.0,0.0,5,11,18,0.3000000000000007,13.0,-2500.0,0.09999999999999998,-0.04000000000000001,0.41999999999999993,0.5,0.09999999999999998,2.451,1.593,0.825,1.442,1.626,0.151,0.349,0.207,1.1980330911358643,1.1826885206737323,0.3834478089938996,0.3051793643817426,0.6748,0.2637,0.1307,0.8196,0.0699,1
0.0,0.0,0.5,0.5,0,0,0.058823529411764705,7.698970004336019,8.929418925714293,-13.799999999999997,-5.0,70.0,0.0,0.0,0.0,-1,-2,-15,1.0,-3.0,0.0,-0.04999999999999993,-0.13999999999999999,-0.48,-0.6000000000000001,-0.19999999999999996,0.0,2.592,0.0,0.939,0.0,1.653,0.0,0.108,0.0,0.9731844800911872,0.0,0.4399949494659632,0.0,0.1318,0.0,0.0,0.0,0
0.0,0.0,0.5,0.5,0,0,0.05,7.698970004336019,9.0,-13.5,-7.0,70.0,0.0,0.0,0.0,-5,-11,-21,-0.3000000000000007,-13.0,2500.0,-0.09999999999999998,0.04000000000000001,-0.41999999999999993,-0.5,-0.09999999999999998,0.0,2.451,0.0,0.825,0.0,1.626,0.0,0.349,0.0,1.1980330911358643,0.0,0.3834478089938996,0.0,0.1945,0.0,0.0,0.0,0
0.0,0.0,0.5,0.5,0,0,0.17647058823529413,8.176091259055681,8.929418925714293,-7.799999999999997,-2.0,80.0,0.0,0.0,0.0,-1,-2,-12,1.0,-3.0,0.0,-0.04999999999999993,-0.13999999999999999,-0.48,-0.6000000000000001,-0.19999999999999996,1.593,2.592,1.442,0.939,0.151,1.653,0.207,0.108,1.1826885206737323,0.9731844800911872,0.3051793643817426,0.4399949494659632,0.4962,0.1318,0.2401,0.8887,0.0526,0
0.0,0.0,0.5,0.5,0,0,9.0,8.653212513775344,7.698970004336019,10.0,9.0,84.0,0.0,0.0,0.0,2,5,13,-0.5,6.0,-1500.0,0.04999999999999993,-0.020000000000000004,0.25,0.30000000000000004,0.09999999999999998,2.161,0.0,1.17,0.0,0.991,0.0,0.439,0.0,1.0807602735652382,0.0,0.5795295026523193,0.0,0.639,0.0,0.189,0.6935,0.066,0
0.0,0.0,0.5,0.5,0,0,2.4,8.079181246047625,7.698970004336019,5.5,3.5,79.5,0.0,0.0,0.0,0,0,0,0.0,0.0,0.0,0.0,0.0,0.0,0.0,0.0,1.798,0.0,1.513,0.0,0.285,0.0,0.1019999999999999,0.0,1.082179702707457,0.0,0.401214821926276,0.0,0.5274,0.2308,0.2516,0.7901,0.0668,0
0.0,0.0,0.5,0.5,0,0,0.4166666666666667,7.698970004336019,8.079181246047625,-5.5,-3.5,70.0,0.0,0.0,0.0,0,0,0,0.0,0.0,0.0,0.0,0.0,0.0,0.0,0.0,0.0,1.798,0.0,1.513,0.0,0.285,0.0,0.1019999999999999,0.0,1.082179702707457,0.0,0.401214821926276,0.0,0.221,0.0,0.0,0.0,1
0.0,0.0,0.5,0.5,0,0,0.1111111111111111,7.698970004336019,8.653212513775344,-10.0,-9.0,70.0,0.0,0.0,0.0,-2,-5,-13,0.5,-6.0,1500.0,-0.04999999999999993,0.020000000000000004,-0.25,-0.30000000000000004,-0.09999999999999998,0.0,2.161,0.0,1.17,0.0,0.991,0.0,0.439,0.0,1.0807602735652382,0.0,0.5795295026523193,0.5263,0.172,0.2429,0.8909,0.0788,1
0.0,0.0,0.5,0.5,0,0,0.045454545454545456,7.698970004336019,9.041392685158225,-14.5,-9.5,70.0,0.0,0.0,0.0,-2,-7,-14,-0.1999999999999993,-10.0,-6600.0,0.19999999999999996,0.0,-0.52,-0.7000000000000002,-0.09999999999999998,1.496,2.804,1.407,0.5599999999999999,0.0889999999999999,2.244,0.204,0.296,1.138187641738186,1.0649770760444726,0.2988199011667953,0.2852756951130297,0.5881,0.2349,0.1961,0.6224,0.0893,0
0.0,0.0,0.5,0.5,0,0,1.0,7.698970004336019,7.698970004336019,0.0,0.0,70.0,0.0,0.0,0.0,0,0,0,0.0,0.0,0.0,0.0,0.0,0.0,0.0,0.0,0.0,0.0,0.0,0.0,0.0,0.0,0.0,0.0,0.0,0.0,0.0,0.0,0.0,0.2725,0.0,0.0,0.0,1
0.0,0.0,0.5,0.5,0,0,22.0,9.041392685158225,7.698970004336019,14.5,9.5,89.0,0.0,0.0,0.0,2,7,15,-0.3000000000000007,10.0,-200.0,0.0,0.0,0.52,0.7000000000000002,0.09999999999999998,2.804,0.0,0.5599999999999999,0.0,2.244,0.0,0.296,0.0,1.0649770760444726,0.0,0.2852756951130297,0.0,0.7185,0.0,0.05,0.6062,0.0885,0
0.0,0.0,0.5,0.5,0,0,1.0,7.698970004336019,7.698970004336019,0.0,0.0,70.0,0.0,0.0,0.0,0,0,-1,0.5,0.0,6800.0,-0.19999999999999996,0.0,0.0,0.0,0.0,0.0,1.496,0.0,1.407,0.0,0.0889999999999999,0.0,0.204,0.0,1.138187641738186,0.0,0.2988199011667953,0.3973,0.2158,0.3302,0.8774,0.0839,1
0.0,0.0,0.5,0.5,0,0,1.0,7.698970004336019,7.698970004336019,0.0,0.0,70.0,0.0,0.0,0.0,0,0,0,0.0,0.0,0.0,0.0,-0.15,-0.44999999999999996,0.0,0.0,0.0,0.0,0.0,0.0,0.0,0.0,0.0,0.0,0.0,0.0,0.0,0.0,0.0,0.0,0.0,0.0,0.0,0
0.0,0.0,0.5,0.5,0,0,4.722222222222222,8.929418925714293,8.255272505103306,8.0,6.5,88.0,0.0,0.0,0.0,3,5,7,1.0,20.0,-3500.0,0.09999999999999998,0.0,0.47,0.6000000000000001,0.19999999999999996,2.884,1.7420000000000002,0.95,1.473,1.934,0.269,0.616,0.758,1.2457596956683417,1.5093139957020203,0.4170851232062826,0.4204177816305003,0.6331,0.2727,0.1742,0.6174,0.0833,1
0.0,0.0,0.5,0.5,0,0,0.058823529411764705,7.698970004336019,8.929418925714293,-14.0,-8.5,70.0,0.0,0.0,0.0,-3,-6,-17,-1.0,-20.0,1500.0,-0.04999999999999993,0.16999999999999998,0.0,-0.8000000000000003,-0.19999999999999996,0.0,2.884,0.0,0.95,0.0,1.934,0.0,0.616,0.0,1.2457596956683417,0.0,0.4170851232062826,0.0,0.1927,0.0,0.0,0.0,0
0.0,0.0,0.5,0.5,0,0,3.6,8.255272505103306,7.698970004336019,6.0,2.0,81.0,0.0,0.0,0.0,0,1,10,0.0,0.0,2000.0,-0.050000000000000044,-0.020000000000000004,-0.020000000000000018,0.20000000000000018,0.0,1.7420000000000002,0.0,1.473,0.0,0.269,0.0,0.758,0.0,1.5093139957020203,0.0,0.4204177816305003,0.0,0.613,0.0,0.1143,0.8314,0.0437,0
0.0,0.0,0.5,0.5,0,0,3.6,8.255272505103306,7.698970004336019,6.0,2.0,81.0,0.0,0.0,0.0,0,1,10,0.0,0.0,2000.0,-0.050000000000000044,-0.16999999999999998,-0.47,0.20000000000000018,0.0,1.7420000000000002,0.0,1.473,0.0,0.269,0.0,0.758,0.0,1.5093139957020203,0.0,0.4204177816305003,0.0,0.613,0.0,0.1143,0.8314,0.0437,0
0.0,0.0,0.5,0.5,0,0,17.0,8.929418925714293,7.698970004336019,14.0,8.5,88.0,0.0,0.0,0.0,3,6,17,1.0,20.0,-1500.0,0.04999999999999993,-0.020000000000000004,0.44999999999999996,0.8000000000000003,0.19999999999999996,2.884,0.0,0.95,0.0,1.934,0.0,0.616,0.0,1.2457596956683417,0.0,0.4170851232062826,0.0,0.6331,0.0,0.1742,0.6174,0.0833,1
0.0,0.0,0.5,0.5,0,0,2.272727272727273,8.698970004336019,8.342422680822207,3.5,1.0,84.5,0.0,0.0,0.0,0,2,-3,0.9000000000000021,4.0,7800.0,-0.35,-0.26999999999999996,0.47,0.30000000000000004,0.10000000000000003,2.002,1.7739999999999998,1.323,1.399,0.6789999999999999,0.375,-0.1019999999999999,-0.2739999999999999,0.9431066534244954,0.8012143853944391,0.3376651859131732,0.301485212462126,0.5783,0.215,0.2167,0.8053,0.062,0
0.0,0.0,0.5,0.5,0,0,8.0,8.079181246047625,7.176091259055681,7.0,8.5,78.0,0.0,0.0,0.0,0,0,7,0.0,0.0,0.0,0.0,0.0,0.0,0.0,0.0,1.6,1.167,1.705,1.918,-0.1049999999999999,-0.751,0.7,0.033,1.397464068315691,1.283853801955137,0.4263279905841928,0.4510986588319677,0.0,0.0,0.0,0.0,0.0,1
0.0,0.0,0.5,0.5,0,0,1.8333333333333333,8.342422680822207,8.079181246047625,2.5,0.0,80.0,0.0,0.0,0.0,0,0,9,0.3999999999999986,11.0,-7500.0,0.29999999999999993,0.24999999999999997,-0.12,-0.09999999999999987,-0.050000000000000044,1.7739999999999998,1.6,1.399,1.705,0.375,-0.1049999999999999,-0.2739999999999999,0.7,0.8012143853944391,1.397464068315691,0.301485212462126,0.4263279905841928,0.5765,0.0,0.2085,0.7166,0.0536,0
0.0,0.0,0.5,0.5,0,0,0.03,7.176091259055681,8.698970004336019,-13.0,-9.5,71.0,0.0,0.0,0.0,0,-2,-13,-1.3000000000000007,-15.0,-300.0,0.050000000000000044,0.020000000000000004,-0.35,-0.20000000000000018,-0.04999999999999999,1.167,2.002,1.918,1.323,-0.751,0.6789999999999999,0.033,-0.1019999999999999,1.283853801955137,0.9431066534244954,0.4510986588319677,0.3376651859131732,0.0,0.205,0.0,0.0,0.0,0
0.0,0.0,0.5,0.5,0,0,0.24,8.079181246047625,8.698970004336019,-6.0,-1.0,78.0,0.0,0.0,0.0,0,-2,-6,-1.3000000000000007,-15.0,-300.0,0.050000000000000044,0.020000000000000004,-0.35,-0.20000000000000018,-0.04999999999999999,1.6,2.002,1.705,1.323,-0.1049999999999999,0.6789999999999999,0.7,-0.1019999999999999,1.397464068315691,0.9431066534244954,0.4263279905841928,0.3376651859131732,0.0,0.205,0.0,0.0,0.0,0
0.0,0.0,0.5,0.5,0,0,0.06818181818181818,7.176091259055681,8.342422680822207,-9.5,-8.5,71.0,0.0,0.0,0.0,0,0,-16,-0.3999999999999986,-11.0,7500.0,-0.29999999999999993,-0.24999999999999997,0.12,0.09999999999999987,0.050000000000000044,1.167,1.7739999999999998,1.918,1.399,-0.751,0.375,0.033,-0.2739999999999999,1.283853801955137,0.8012143853944391,0.4510986588319677,0.301485212462126,0.0,0.215,0.0,0.0,0.0,0
0.0,0.0,0.5,0.5,0,0,0.045454545454545456,7.698970004336019,9.041392685158225,-14.5,-9.5,70.0,0.0,0.0,0.0,-2,-7,-15,0.3000000000000007,-10.0,200.0,0.0,0.0,-0.52,-0.7000000000000002,-0.09999999999999998,0.0,2.804,0.0,0.5599999999999999,0.0,2.244,0.0,0.296,0.0,1.0649770760444726,0.0,0.2852756951130297,0.3973,0.2349,0.3302,0.8774,0.0839,0
0.0,0.0,0.5,0.5,0,0,1.0,7.698970004336019,7.698970004336019,0.0,0.0,70.0,0.0,0.0,0.0,0,0,-1,0.5,0.0,6800.0,-0.19999999999999996,0.0,0.0,0.0,0.0,0.0,1.496,0.0,1.407,0.0,0.0889999999999999,0.0,0.204,0.0,1.138187641738186,0.0,0.2988199011667953,0.0,0.2158,0.0,0.0,0.0,1
0.0,0.0,0.5,0.5,0,0,0.85,8.929418925714293,9.0,0.29999999999999716,-2.0,87.5,0.0,0.0,0.0,-4,-9,-6,-1.3000000000000007,-10.0,2500.0,-0.050000000000000044,0.18,0.06000000000000005,0.10000000000000009,0.09999999999999998,2.592,2.451,0.939,0.825,1.653,1.626,0.108,0.349,0.9731844800911872,1.1980330911358643,0.4399949494659632,0.3834478089938996,0.6413,0.1945,0.2269,0.7296,0.0546,0
0.0,0.0,0.5,0.5,0,0,3.0,8.176091259055681,7.698970004336019,6.0,3.0,80.0,0.0,0.0,0.0,0,0,3,0.0,0.0,0.0,0.0,0.0,0.0,0.0,0.0,1.593,0.0,1.442,0.0,0.151,0.0,0.207,0.0,1.1826885206737323,0.0,0.3051793643817426,0.0,0.4962,0.0,0.2401,0.8887,0.0526,0
0.0,0.0,0.5,0.5,0,0,0.07692307692307693,7.698970004336019,8.812913356642856,-12.5,-8.5,70.0,0.0,0.0,0.0,0,-5,-10,-0.10000000000000142,-4.0,-200.0,0.050000000000000044,-0.04999999999999999,-0.38,-0.5,0.0,0.0,2.645,0.0,0.751,0.0,1.894,0.0,-0.2449999999999999,0.0,0.9060118494310764,0.0,0.3351699403122077,0.0,0.219,0.0,0.0,0.0,0
0.0,0.0,0.5,0.5,0,0,10.0,9.079181246047625,8.079181246047625,9.5,8.0,88.5,0.0,0.0,0.0,1,3,13,-0.10000000000000142,7.0,-500.0,0.0,0.18000000000000002,0.58,0.40000000000000013,0.09999999999999998,2.341,1.764,1.067,1.675,1.274,0.089,0.359,-0.064,1.1426634743995732,0.9638575780728784,0.2724559087673128,0.284026602822889,0.6109,0.2807,0.1611,0.6545,0.0492,1
0.0,0.0,0.5,0.5,0,0,0.4166666666666667,7.698970004336019,8.079181246047625,-4.5,0.0,70.0,0.0,0.0,0.0,0,0,-2,0.0,0.0,0.0,0.0,0.0,0.0,0.0,0.0,0.0,1.764,0.0,1.675,0.0,0.089,0.0,-0.064,0.0,0.9638575780728784,0.0,0.284026602822889,0.0,0.2807,0.0,0.0,0.0,0
0.0,0.0,0.5,0.5,0,0,1.8461538461538463,9.079181246047625,8.812913356642856,1.5,-0.5,88.5,0.0,0.0,0.0,1,-2,5,-0.20000000000000284,3.0,-700.0,0.050000000000000044,0.13000000000000003,0.19999999999999996,-0.09999999999999987,0.09999999999999998,2.341,2.645,1.067,0.751,1.274,1.894,0.359,-0.2449999999999999,1.1426634743995732,0.9060118494310764,0.2724559087673128,0.3351699403122077,0.6109,0.219,0.1611,0.6545,0.0492,0
0.0,0.0,0.5,0.5,0,0,0.16666666666666666,7.698970004336019,8.477121254719663,-8.5,-6.5,70.0,0.0,0.0,0.0,0,0,-5,-0.1999999999999993,-5.0,4000.0,-0.15000000000000002,0.04000000000000001,-0.15000000000000002,-0.20000000000000018,-0.04999999999999999,0.0,1.959,0.0,1.329,0.0,0.63,0.0,0.741,0.0,1.3862285654790514,0.0,0.2850516522394571,0.0,0.2643,0.0,0.0,0.0,1
0.0,0.0,0.5,0.5,0,0,1.0,7.698970004336019,7.698970004336019,0.0,0.0,70.0,0.0,0.0,0.0,0,0,0,0.0,0.0,0.0,0.0,0.0,0.0,0.0,0.0,0.0,0.0,0.0,0.0,0.0,0.0,0.0,0.0,0.0,0.0,0.0,0.0,0.0,0.0,0.0,0.0,0.0,1
0.0,0.0,0.5,0.5,0,0,0.16666666666666666,7.698970004336019,8.477121254719663,-8.5,-6.5,70.0,0.0,0.0,0.0,0,0,-5,-0.1999999999999993,-5.0,4000.0,-0.15000000000000002,0.04000000000000001,-0.15000000000000002,-0.20000000000000018,-0.04999999999999999,0.0,1.959,0.0,1.329,0.0,0.63,0.0,0.741,0.0,1.3862285654790514,0.0,0.2850516522394571,0.0,0.2643,0.0,0.0,0.0,0
0.0,0.0,0.5,0.5,0,0,1.0,7.698970004336019,7.698970004336019,0.0,0.0,70.0,0.0,0.0,0.0,0,0,0,0.0,0.0,0.0,0.0,0.0,0.0,0.0,0.0,0.0,0.0,0.0,0.0,0.0,0.0,0.0,0.0,0.0,0.0,0.0,0.0,0.0,0.0,0.0,0.0,0.0,1
0.0,0.0,0.5,0.5,0,0,2.7777777777777777,8.698970004336019,8.255272505103306,4.5,2.5,84.5,0.0,0.0,0.0,0,1,3,1.3000000000000007,15.0,-1700.0,0.0,0.0,0.37,0.0,0.04999999999999999,2.002,1.7420000000000002,1.323,1.473,0.6789999999999999,0.269,-0.1019999999999999,0.758,0.9431066534244954,1.5093139957020203,0.3376651859131732,0.4204177816305003,0.5783,0.2727,0.2167,0.8053,0.062,1
0.0,0.0,0.5,0.5,0,0,0.5294117647058824,8.653212513775344,8.929418925714293,-3.799999999999997,4.0,84.0,0.0,0.0,0.0,1,3,-2,0.5,3.0,-1500.0,0.0,-0.15999999999999998,-0.22999999999999998,-0.30000000000000004,-0.09999999999999998,2.161,2.592,1.17,0.939,0.991,1.653,0.439,0.108,1.0807602735652382,0.9731844800911872,0.5795295026523193,0.4399949494659632,0.639,0.1318,0.189,0.6935,0.066,0
0.0,0.0,0.5,0.5,0,0,1.1111111111111112,8.698970004336019,8.653212513775344,0.5,-4.5,84.5,0.0,0.0,0.0,-2,-3,0,1.8000000000000007,9.0,1800.0,-0.09999999999999998,0.0,0.09999999999999998,-0.09999999999999987,-0.04999999999999999,2.002,2.161,1.323,1.17,0.6789999999999999,0.991,-0.1019999999999999,0.439,0.9431066534244954,1.0807602735652382,0.3376651859131732,0.5795295026523193,0.5783,0.172,0.2167,0.8053,0.062,1
0.0,0.0,0.5,0.5,0,0,0.21176470588235294,8.255272505103306,8.929418925714293,-7.799999999999997,-3.0,81.0,0.0,0.0,0.0,-1,-1,-5,1.0,-3.0,2000.0,-0.09999999999999998,-0.15999999999999998,-0.5,-0.3999999999999999,-0.19999999999999996,1.7420000000000002,2.592,1.473,0.939,0.269,1.653,0.758,0.108,1.5093139957020203,0.9731844800911872,0.4204177816305003,0.4399949494659632,0.613,0.1318,0.1143,0.8314,0.0437,0
0.0,0.0,0.5,0.5,0,0,1.0,7.698970004336019,7.698970004336019,0.0,0.0,70.0,0.0,0.0,0.0,0,0,0,0.0,0.0,0.0,0.0,0.15,0.44999999999999996,0.0,0.0,0.0,0.0,0.0,0.0,0.0,0.0,0.0,0.0,0.0,0.0,0.0,0.0,0.0,0.0,0.0,0.0,0.0,1
0.0,0.0,0.5,0.5,0,0,0.5625,8.255272505103306,8.505149978319906,-1.0,0.0,80.5,0.0,0.0,0.0,0,-1,-4,1.3999999999999986,-1.0,7000.0,-0.25,0.020000000000000004,-0.17999999999999994,-0.10000000000000009,0.0,2.008,1.7120000000000002,1.38,1.179,0.6280000000000001,0.5329999999999999,0.1919999999999999,0.088,1.0959572566962812,1.1043395370402465,0.4442921961452345,0.3105121217887923,0.3957,0.2715,0.259,0.881,0.0469,1
0.0,0.0,0.5,0.5,0,0,17.0,8.929418925714293,7.698970004336019,14.0,8.5,88.0,0.0,0.0,0.0,3,6,10,1.0,20.0,-1500.0,0.04999999999999993,-0.020000000000000004,0.44999999999999996,0.8000000000000003,0.19999999999999996,2.884,0.0,0.95,0.0,1.934,0.0,0.616,0.0,1.2457596956683417,0.0,0.4170851232062826,0.0,0.6331,0.2709,0.1742,0.6174,0.0833,0
0.0,0.0,0.5,0.5,0,0,1.0,7.698970004336019,7.698970004336019,0.0,0.0,70.0,0.0,0.0,0.0,0,0,0,0.0,0.0,0.0,0.0,0.0,0.0,0.0,0.0,0.0,0.0,0.0,0.0,0.0,0.0,0.0,0.0,0.0,0.0,0.0,0.0,0.0,0.3056,0.0,0.0,0.0,0
0.0,0.0,0.5,0.5,0,0,17.0,8.929418925714293,7.698970004336019,14.0,8.5,88.0,0.0,0.0,0.0,3,6,17,1.0,20.0,-1500.0,0.04999999999999993,-0.020000000000000004,0.44999999999999996,0.8000000000000003,0.19999999999999996,2.884,0.0,0.95,0.0,1.934,0.0,0.616,0.0,1.2457596956683417,0.0,0.4170851232062826,0.0,0.6331,0.0,0.1742,0.6174,0.0833,1
0.0,0.0,0.5,0.5,0,0,1.0,7.698970004336019,7.698970004336019,0.0,0.0,70.0,0.0,0.0,0.0,0,0,7,0.0,0.0,0.0,0.0,0.0,0.0,0.0,0.0,0.0,0.0,0.0,0.0,0.0,0.0,0.0,0.0,0.0,0.0,0.0,0.0,0.5138,0.3056,0.2154,0.6021,0.0655,1
0.0,0.0,0.5,0.5,0,0,17.0,8.929418925714293,7.698970004336019,14.0,8.5,88.0,0.0,0.0,0.0,3,6,17,1.0,20.0,-1500.0,0.04999999999999993,-0.020000000000000004,0.44999999999999996,0.8000000000000003,0.19999999999999996,2.884,0.0,0.95,0.0,1.934,0.0,0.616,0.0,1.2457596956683417,0.0,0.4170851232062826,0.0,0.6331,0.3056,0.1742,0.6174,0.0833,0
0.0,0.0,0.5,0.5,0,0,1.0,7.698970004336019,7.698970004336019,0.0,0.0,70.0,0.0,0.0,0.0,0,0,7,0.0,0.0,0.0,0.0,0.0,0.0,0.0,0.0,0.0,0.0,0.0,0.0,0.0,0.0,0.0,0.0,0.0,0.0,0.0,0.0,0.5138,0.0,0.2154,0.6021,0.0655,0
0.0,0.0,0.5,0.5,0,0,1.6666666666666667,8.301029995663981,8.079181246047625,1.5,0.5,81.0,0.0,0.0,0.0,0,4,11,0.0,0.0,0.0,0.0,0.0,0.0,0.0,0.0,1.599,1.798,1.173,1.513,0.426,0.285,0.1009999999999999,0.1019999999999999,0.9320745946735548,1.082179702707457,0.3812100616603805,0.401214821926276,0.4719,0.221,0.2898,0.8452,0.0678,0
0.0,0.0,0.5,0.5,0,0,20.0,9.0,7.698970004336019,13.5,7.0,87.5,0.0,0.0,0.0,5,11,21,0.3000000000000007,13.0,-2500.0,0.09999999999999998,-0.04000000000000001,0.41999999999999993,0.5,0.09999999999999998,2.451,0.0,0.825,0.0,1.626,0.0,0.349,0.0,1.1980330911358643,0.0,0.3834478089938996,0.0,0.6748,0.0,0.1307,0.8196,0.0699,1
0.0,0.0,0.5,0.5,0,0,0.4166666666666667,7.698970004336019,8.079181246047625,-5.5,-3.5,70.0,0.0,0.0,0.0,0,0,0,0.0,0.0,0.0,0.0,0.0,0.0,0.0,0.0,0.0,1.798,0.0,1.513,0.0,0.285,0.0,0.1019999999999999,0.0,1.082179702707457,0.0,0.401214821926276,0.0,0.221,0.0,0.0,0.0,1
0.0,0.0,0.5,0.5,0,0,5.0,9.0,8.301029995663981,6.5,3.0,87.5,0.0,0.0,0.0,5,7,10,0.3000000000000007,13.0,-2500.0,0.09999999999999998,-0.04000000000000001,0.41999999999999993,0.5,0.09999999999999998,2.451,1.599,0.825,1.173,1.626,0.426,0.349,0.1009999999999999,1.1980330911358643,0.9320745946735548,0.3834478089938996,0.3812100616603805,0.6748,0.2383,0.1307,0.8196,0.0699,1
0.0,0.0,0.5,0.5,0,0,1.0,7.698970004336019,7.698970004336019,0.0,0.0,70.0,0.0,0.0,0.0,0,0,0,0.0,0.0,0.0,0.0,0.0,0.0,0.0,0.0,0.0,0.0,0.0,0.0,0.0,0.0,0.0,0.0,0.0,0.0,0.0,0.0,0.0,0.3056,0.0,0.0,0.0,0
0.0,0.0,0.5,0.5,0,0,0.1111111111111111,7.698970004336019,8.653212513775344,-10.0,-9.0,70.0,0.0,0.0,0.0,-2,-5,-13,0.5,-6.0,1500.0,-0.04999999999999993,0.16999999999999998,0.19999999999999996,-0.30000000000000004,-0.09999999999999998,0.0,2.161,0.0,1.17,0.0,0.991,0.0,0.439,0.0,1.0807602735652382,0.0,0.5795295026523193,0.0,0.172,0.0,0.0,0.0,1
0.0,0.0,0.5,0.5,0,0,17.0,8.929418925714293,7.698970004336019,13.799999999999997,5.0,87.5,0.0,0.0,0.0,1,2,15,-1.0,3.0,0.0,0.04999999999999993,0.13999999999999999,0.48,0.6000000000000001,0.19999999999999996,2.592,0.0,0.939,0.0,1.653,0.0,0.108,0.0,0.9731844800911872,0.0,0.4399949494659632,0.0,0.6413,0.0,0.2269,0.7296,0.0546,0
0.0,0.0,0.5,0.5,0,0,2.4,9.079181246047625,8.698970004336019,3.5,3.5,88.5,0.0,0.0,0.0,1,1,2,-1.4000000000000021,-8.0,-800.0,0.050000000000000044,0.2,0.22999999999999998,0.19999999999999996,0.04999999999999999,2.341,2.002,1.067,1.323,1.274,0.6789999999999999,0.359,-0.1019999999999999,1.1426634743995732,0.9431066534244954,0.2724559087673128,0.3376651859131732,0.6109,0.205,0.1611,0.6545,0.0492,1
0.0,0.0,0.5,0.5,0,0,17.0,8.929418925714293,7.698970004336019,14.0,8.5,88.0,0.0,0.0,0.0,3,6,17,1.0,20.0,-1500.0,0.04999999999999993,-0.020000000000000004,0.44999999999999996,0.8000000000000003,0.19999999999999996,2.884,0.0,0.95,0.0,1.934,0.0,0.616,0.0,1.2457596956683417,0.0,0.4170851232062826,0.0,0.6331,0.0,0.1742,0.6174,0.0833,0
0.0,0.0,0.5,0.5,0,0,1.0,7.698970004336019,7.698970004336019,0.0,0.0,70.0,0.0,0.0,0.0,0,0,0,0.0,0.0,0.0,0.0,-0.15,-0.44999999999999996,0.0,0.0,0.0,0.0,0.0,0.0,0.0,0.0,0.0,0.0,0.0,0.0,0.0,0.0,0.0,0.0,0.0,0.0,0.0,0
0.0,0.0,0.5,0.5,0,0,1.0,7.698970004336019,7.698970004336019,0.0,0.0,70.0,0.0,0.0,0.0,0,0,0,0.0,0.0,0.0,0.0,0.0,0.0,0.0,0.0,0.0,0.0,0.0,0.0,0.0,0.0,0.0,0.0,0.0,0.0,0.0,0.0,0.0,0.0,0.0,0.0,0.0,0
0.0,0.0,0.5,0.5,0,0,0.041666666666666664,7.698970004336019,9.079181246047625,-14.0,-8.0,70.0,0.0,0.0,0.0,-1,-3,-8,0.10000000000000142,-7.0,500.0,0.0,-0.18000000000000002,-0.58,-0.40000000000000013,-0.09999999999999998,0.0,2.341,0.0,1.067,0.0,1.274,0.0,0.359,0.0,1.1426634743995732,0.0,0.2724559087673128,0.5138,0.228,0.2154,0.6021,0.0655,0
0.0,0.0,0.5,0.5,0,0,17.0,8.929418925714293,7.698970004336019,14.0,8.5,88.0,0.0,0.0,0.0,3,6,17,1.0,20.0,-1500.0,0.04999999999999993,-0.16999999999999998,0.0,0.8000000000000003,0.19999999999999996,2.884,0.0,0.95,0.0,1.934,0.0,0.616,0.0,1.2457596956683417,0.0,0.4170851232062826,0.0,0.6331,0.0,0.1742,0.6174,0.0833,0
0.0,0.0,0.5,0.5,0,0,0.041666666666666664,7.698970004336019,9.079181246047625,-14.0,-8.0,70.0,0.0,0.0,0.0,-1,-3,-15,0.10000000000000142,-7.0,500.0,0.0,-0.18000000000000002,-0.58,-0.40000000000000013,-0.09999999999999998,0.0,2.341,0.0,1.067,0.0,1.274,0.0,0.359,0.0,1.1426634743995732,0.0,0.2724559087673128,0.0,0.228,0.0,0.0,0.0,0
0.0,0.0,0.5,0.5,0,0,0.041666666666666664,7.698970004336019,9.079181246047625,-14.0,-8.0,70.0,0.0,0.0,0.0,-1,-3,-15,0.10000000000000142,-7.0,500.0,0.0,-0.030000000000000027,-0.13,-0.40000000000000013,-0.09999999999999998,0.0,2.341,0.0,1.067,0.0,1.274,0.0,0.359,0.0,1.1426634743995732,0.0,0.2724559087673128,0.0,0.228,0.0,0.0,0.0,1
0.0,0.0,0.5,0.5,0,0,0.058823529411764705,7.698970004336019,8.929418925714293,-14.0,-8.5,70.0,0.0,0.0,0.0,-3,-6,-17,-1.0,-20.0,1500.0,-0.04999999999999993,0.020000000000000004,-0.44999999999999996,-0.8000000000000003,-0.19999999999999996,0.0,2.884,0.0,0.95,0.0,1.934,0.0,0.616,0.0,1.2457596956683417,0.0,0.4170851232062826,0.0,0.1927,0.0,0.0,0.0,1
0.0,0.0,0.5,0.5,0,0,8.333333333333334,9.0,8.079181246047625,8.0,3.5,87.5,0.0,0.0,0.0,5,11,21,0.3000000000000007,13.0,-2500.0,0.09999999999999998,-0.04000000000000001,0.41999999999999993,0.5,0.09999999999999998,2.451,1.798,0.825,1.513,1.626,0.285,0.349,0.1019999999999999,1.1980330911358643,1.082179702707457,0.3834478089938996,0.401214821926276,0.6748,0.221,0.1307,0.8196,0.0699,1
0.0,0.0,0.5,0.5,0,0,4.0,8.301029995663981,7.698970004336019,7.0,4.0,81.0,0.0,0.0,0.0,0,4,11,0.0,0.0,0.0,0.0,0.0,0.0,0.0,0.0,1.599,0.0,1.173,0.0,0.426,0.0,0.1009999999999999,0.0,0.9320745946735548,0.0,0.3812100616603805,0.0,0.4719,0.0,0.2898,0.8452,0.0678,0
0.0,0.0,0.5,0.5,0,0,0.16666666666666666,7.698970004336019,8.477121254719663,-8.5,-6.5,70.0,0.0,0.0,0.0,0,0,-5,-0.1999999999999993,-5.0,4000.0,-0.15000000000000002,0.04000000000000001,-0.15000000000000002,-0.20000000000000018,-0.04999999999999999,0.0,1.959,0.0,1.329,0.0,0.63,0.0,0.741,0.0,1.3862285654790514,0.0,0.2850516522394571,0.0,0.2643,0.0,0.0,0.0,0
0.0,0.0,0.5,0.5,0,0,1.0,7.698970004336019,7.698970004336019,0.0,0.0,70.0,0.0,0.0,0.0,0,0,0,0.0,0.0,0.0,0.0,0.0,0.0,0.0,0.0,0.0,0.0,0.0,0.0,0.0,0.0,0.0,0.0,0.0,0.0,0.0,0.0,0.0,0.0,0.0,0.0,0.0,1
0.0,0.0,0.5,0.5,0,0,0.2777777777777778,7.698970004336019,8.255272505103306,-7.0,-5.0,70.0,0.0,0.0,0.0,0,0,-6,0.0,0.0,0.0,0.0,0.15,0.44999999999999996,0.0,0.0,0.0,2.008,0.0,1.38,0.0,0.6280000000000001,0.0,0.1919999999999999,0.0,1.0959572566962812,0.0,0.4442921961452345,0.0,0.3453,0.0,0.0,0.0,1
0.0,0.0,0.5,0.5,0,0,6.4,8.505149978319906,7.698970004336019,8.0,5.0,81.5,0.0,0.0,0.0,0,1,10,-1.3999999999999986,1.0,-7000.0,0.25,-0.020000000000000004,0.17999999999999994,0.10000000000000009,0.0,1.7120000000000002,0.0,1.179,0.0,0.5329999999999999,0.0,0.088,0.0,1.1043395370402465,0.0,0.3105121217887923,0.0,0.5541,0.0,0.1745,0.6843,0.0671,0
0.0,0.0,0.5,0.5,0,0,0.15625,7.698970004336019,8.505149978319906,-8.0,-5.0,70.0,0.0,0.0,0.0,0,-1,-10,1.3999999999999986,-1.0,7000.0,-0.25,0.16999999999999998,0.27,-0.10000000000000009,0.0,0.0,1.7120000000000002,0.0,1.179,0.0,0.5329999999999999,0.0,0.088,0.0,1.1043395370402465,0.0,0.3105121217887923,0.0,0.2715,0.0,0.0,0.0,1
0.0,0.0,0.5,0.5,0,0,3.6,8.255272505103306,7.698970004336019,7.0,5.0,80.5,0.0,0.0,0.0,0,0,6,0.0,0.0,0.0,0.0,0.0,0.0,0.0,0.0,2.008,0.0,1.38,0.0,0.6280000000000001,0.0,0.1919999999999999,0.0,1.0959572566962812,0.0,0.4442921961452345,0.0,0.3957,0.0,0.259,0.881,0.0469,0
0.0,0.0,0.5,0.5,0,0,0.16666666666666666,7.698970004336019,8.477121254719663,-8.5,-6.5,70.0,0.0,0.0,0.0,0,0,2,-0.1999999999999993,-5.0,4000.0,-0.15000000000000002,0.04000000000000001,-0.15000000000000002,-0.20000000000000018,-0.04999999999999999,0.0,1.959,0.0,1.329,0.0,0.63,0.0,0.741,0.0,1.3862285654790514,0.0,0.2850516522394571,0.5138,0.2643,0.2154,0.6021,0.0655,1
0.0,0.0,0.5,0.5,0,0,1.0,7.698970004336019,7.698970004336019,0.0,0.0,70.0,0.0,0.0,0.0,0,0,0,0.0,0.0,0.0,0.0,0.0,0.0,0.0,0.0,0.0,0.0,0.0,0.0,0.0,0.0,0.0,0.0,0.0,0.0,0.0,0.0,0.0,0.0,0.0,0.0,0.0,1
0.0,0.0,0.5,0.5,0,0,1.1764705882352942,9.0,8.929418925714293,-0.5,-1.5,87.5,0.0,0.0,0.0,2,5,4,-0.6999999999999993,-7.0,-1000.0,0.050000000000000044,-0.020000000000000004,-0.030000000000000027,-0.30000000000000027,-0.09999999999999998,2.451,2.884,0.825,0.95,1.626,1.934,0.349,0.616,1.1980330911358643,1.2457596956683417,0.3834478089938996,0.4170851232062826,0.6748,0.1927,0.1307,0.8196,0.0699,0
0.0,0.0,0.5,0.5,0,0,0.07692307692307693,7.698970004336019,8.812913356642856,-12.5,-8.5,70.0,0.0,0.0,0.0,0,-5,-10,-0.10000000000000142,-4.0,-200.0,0.050000000000000044,-0.04999999999999999,-0.38,-0.5,0.0,0.0,2.645,0.0,0.751,0.0,1.894,0.0,-0.2449999999999999,0.0,0.9060118494310764,0.0,0.3351699403122077,0.0,0.219,0.0,0.0,0.0,1
0.0,0.0,0.5,0.5,0,0,5.416666666666667,8.812913356642856,8.079181246047625,8.0,8.5,86.0,0.0,0.0,0.0,0,5,8,0.10000000000000142,4.0,200.0,-0.050000000000000044,0.04999999999999999,0.38,0.5,0.0,2.645,1.764,0.751,1.675,1.894,0.089,-0.2449999999999999,-0.064,0.9060118494310764,0.9638575780728784,0.3351699403122077,0.284026602822889,0.5863,0.2807,0.1947,0.7823,0.0485,0
0.0,0.0,0.5,0.5,0,0,24.0,9.079181246047625,7.698970004336019,14.0,8.0,88.5,0.0,0.0,0.0,1,3,15,-0.10000000000000142,7.0,-500.0,0.0,0.18000000000000002,0.58,0.40000000000000013,0.09999999999999998,2.341,0.0,1.067,0.0,1.274,0.0,0.359,0.0,1.1426634743995732,0.0,0.2724559087673128,0.0,0.6109,0.0,0.1611,0.6545,0.0492,0
0.0,0.0,0.5,0.5,0,0,0.4,8.255272505103306,8.653212513775344,-4.0,-7.0,81.0,0.0,0.0,0.0,-2,-4,-3,0.5,-6.0,3500.0,-0.09999999999999998,0.0,-0.27,-0.09999999999999987,-0.09999999999999998,1.7420000000000002,2.161,1.473,1.17,0.269,0.991,0.758,0.439,1.5093139957020203,1.0807602735652382,0.4204177816305003,0.5795295026523193,0.613,0.172,0.1143,0.8314,0.0437,0
0.0,0.0,0.5,0.5,0,0,0.5882352941176471,8.698970004336019,8.929418925714293,-3.299999999999997,-0.5,84.5,0.0,0.0,0.0,-1,0,-2,2.3000000000000007,12.0,300.0,-0.09999999999999998,-0.15999999999999998,-0.13,-0.3999999999999999,-0.14999999999999997,2.002,2.592,1.323,0.939,0.6789999999999999,1.653,-0.1019999999999999,0.108,0.9431066534244954,0.9731844800911872,0.3376651859131732,0.4399949494659632,0.5783,0.1318,0.2167,0.8053,0.062,0
0.0,0.0,0.5,0.5,0,0,1.0,7.698970004336019,7.698970004336019,0.0,0.0,70.0,0.0,0.0,0.0,0,0,0,0.0,0.0,0.0,0.0,0.15,0.44999999999999996,0.0,0.0,0.0,0.0,0.0,0.0,0.0,0.0,0.0,0.0,0.0,0.0,0.0,0.0,0.0,0.0,0.0,0.0,0.0,0
0.0,0.0,0.5,0.5,0,0,2.0454545454545454,8.653212513775344,8.342422680822207,1.0,1.5,86.0,0.0,0.0,0.0,0,0,-14,-0.3999999999999986,-11.0,7500.0,-0.29999999999999993,-0.24999999999999997,0.12,0.09999999999999987,0.050000000000000044,1.6330000000000002,1.7739999999999998,1.3030000000000002,1.399,0.33,0.375,0.567,-0.2739999999999999,1.4576317234223708,0.8012143853944391,0.3969620748747779,0.301485212462126,0.3457,0.215,0.3574,0.6279,0.0849,1
0.0,0.0,0.5,0.5,0,0,0.1111111111111111,7.698970004336019,8.653212513775344,-8.0,-5.0,70.0,0.0,0.0,0.0,0,0,-2,0.0,0.0,0.0,0.0,0.15,0.44999999999999996,0.0,0.0,0.0,1.6330000000000002,0.0,1.3030000000000002,0.0,0.33,0.0,0.567,0.0,1.4576317234223708,0.0,0.3969620748747779,0.0,0.297,0.0,0.0,0.0,1
0.0,0.0,0.5,0.5,0,0,4.4,8.342422680822207,7.698970004336019,7.0,3.5,80.0,0.0,0.0,0.0,0,0,16,0.3999999999999986,11.0,-7500.0,0.29999999999999993,0.24999999999999997,-0.12,-0.09999999999999987,-0.050000000000000044,1.7739999999999998,0.0,1.399,0.0,0.375,0.0,-0.2739999999999999,0.0,0.8012143853944391,0.0,0.301485212462126,0.0,0.5765,0.0,0.2085,0.7166,0.0536,1
0.0,0.0,0.5,0.5,0,0,1.0666666666666667,8.505149978319906,8.477121254719663,-0.5,-1.5,81.5,0.0,0.0,0.0,0,1,5,-1.5999999999999979,-4.0,-3000.0,0.09999999999999998,0.020000000000000004,0.029999999999999916,-0.10000000000000009,-0.04999999999999999,1.7120000000000002,1.959,1.179,1.329,0.5329999999999999,0.63,0.088,0.741,1.1043395370402465,1.3862285654790514,0.3105121217887923,0.2850516522394571,0.5541,0.2643,0.1745,0.6843,0.0671,1
0.0,0.0,0.5,0.5,0,0,0.20833333333333334,7.698970004336019,8.380211241711606,-7.5,-4.5,70.0,0.0,0.0,0.0,0,0,-11,-0.6000000000000014,-10.0,0.0,0.0,0.0,0.0,0.0,0.0,0.0,1.6960000000000002,0.0,1.391,0.0,0.305,0.0,-0.196,0.0,0.8891132124050513,0.0,0.3092715455532385,0.4417,0.2319,0.2526,0.8661,0.079,0
0.0,0.0,0.5,0.5,0,0,6.0,8.477121254719663,7.698970004336019,8.5,6.5,82.0,0.0,0.0,0.0,0,0,5,0.1999999999999993,5.0,-4000.0,0.15000000000000002,-0.04000000000000001,0.15000000000000002,0.20000000000000018,0.04999999999999999,1.959,0.0,1.329,0.0,0.63,0.0,0.741,0.0,1.3862285654790514,0.0,0.2850516522394571,0.0,0.514,0.3056,0.2217,0.7231,0.0778,0
0.0,0.0,0.5,0.5,0,0,1.3333333333333333,8.505149978319906,8.380211241711606,0.5,0.5,81.5,0.0,0.0,0.0,0,1,-1,-2.0,-9.0,-7000.0,0.25,-0.020000000000000004,0.17999999999999994,0.10000000000000009,0.0,1.7120000000000002,1.6960000000000002,1.179,1.391,0.5329999999999999,0.305,0.088,-0.196,1.1043395370402465,0.8891132124050513,0.3105121217887923,0.3092715455532385,0.5541,0.2319,0.1745,0.6843,0.0671,0
0.0,0.0,0.5,0.5,0,0,20.0,9.0,7.698970004336019,13.5,7.0,87.5,0.0,0.0,0.0,5,11,21,0.3000000000000007,13.0,-2500.0,0.09999999999999998,-0.04000000000000001,0.41999999999999993,0.5,0.09999999999999998,2.451,0.0,0.825,0.0,1.626,0.0,0.349,0.0,1.1980330911358643,0.0,0.3834478089938996,0.0,0.6748,0.0,0.1307,0.8196,0.0699,1
0.0,0.0,0.5,0.5,0,0,0.25,7.698970004336019,8.301029995663981,-7.0,-4.0,70.0,0.0,0.0,0.0,0,-4,-4,0.0,0.0,0.0,0.0,0.0,0.0,0.0,0.0,0.0,1.599,0.0,1.173,0.0,0.426,0.0,0.1009999999999999,0.0,0.9320745946735548,0.0,0.3812100616603805,0.5138,0.2383,0.2154,0.6021,0.0655,0
0.0,0.0,0.5,0.5,0,0,6.4,8.505149978319906,7.698970004336019,8.0,5.0,81.5,0.0,0.0,0.0,0,1,10,-1.3999999999999986,1.0,-7000.0,0.25,-0.020000000000000004,0.17999999999999994,0.10000000000000009,0.0,1.7120000000000002,0.0,1.179,0.0,0.5329999999999999,0.0,0.088,0.0,1.1043395370402465,0.0,0.3105121217887923,0.0,0.5541,0.3056,0.1745,0.6843,0.0671,0
0.0,0.0,0.5,0.5,0,0,0.8,8.380211241711606,8.477121254719663,-1.0,-2.0,81.5,0.0,0.0,0.0,0,0,6,0.40000000000000213,5.0,4000.0,-0.15000000000000002,0.04000000000000001,-0.15000000000000002,-0.20000000000000018,-0.04999999999999999,1.6960000000000002,1.959,1.391,1.329,0.305,0.63,-0.196,0.741,0.8891132124050513,1.3862285654790514,0.3092715455532385,0.2850516522394571,0.6244,0.2643,0.1437,0.6265,0.0498,0
0.0,0.0,0.5,0.5,0,0,1.0,7.698970004336019,7.698970004336019,0.0,0.0,70.0,0.0,0.0,0.0,0,0,0,0.0,0.0,0.0,0.0,0.0,0.0,0.0,0.0,0.0,0.0,0.0,0.0,0.0,0.0,0.0,0.0,0.0,0.0,0.0,0.0,0.0,0.2457,0.0,0.0,0.0,0
0.0,0.0,0.5,0.5,0,0,17.0,8.929418925714293,7.698970004336019,14.0,8.5,88.0,0.0,0.0,0.0,3,6,17,1.0,20.0,-1500.0,0.04999999999999993,-0.020000000000000004,0.44999999999999996,0.8000000000000003,0.19999999999999996,2.884,0.0,0.95,0.0,1.934,0.0,0.616,0.0,1.2457596956683417,0.0,0.4170851232062826,0.0,0.6331,0.0,0.1742,0.6174,0.0833,0
0.0,0.0,0.5,0.5,0,0,1.0,7.698970004336019,7.698970004336019,0.0,0.0,70.0,0.0,0.0,0.0,0,0,0,0.0,0.0,0.0,0.0,0.0,0.0,0.0,0.0,0.0,0.0,0.0,0.0,0.0,0.0,0.0,0.0,0.0,0.0,0.0,0.0,0.0,0.0,0.0,0.0,0.0,1
0.0,0.0,0.5,0.5,0,0,17.0,8.929418925714293,7.698970004336019,14.0,8.5,88.0,0.0,0.0,0.0,3,6,17,1.0,20.0,-1500.0,0.04999999999999993,-0.020000000000000004,0.44999999999999996,0.8000000000000003,0.19999999999999996,2.884,0.0,0.95,0.0,1.934,0.0,0.616,0.0,1.2457596956683417,0.0,0.4170851232062826,0.0,0.6331,0.2457,0.1742,0.6174,0.0833,1
0.0,0.0,0.5,0.5,0,0,3.6,8.255272505103306,7.698970004336019,6.0,2.0,81.0,0.0,0.0,0.0,0,1,10,0.0,0.0,2000.0,-0.050000000000000044,-0.020000000000000004,-0.020000000000000018,0.20000000000000018,0.0,1.7420000000000002,0.0,1.473,0.0,0.269,0.0,0.758,0.0,1.5093139957020203,0.0,0.4204177816305003,0.0,0.613,0.0,0.1143,0.8314,0.0437,0
0.0,0.0,0.5,0.5,0,0,0.8823529411764706,8.8750612633917,8.929418925714293,-0.7999999999999972,2.5,86.5,0.0,0.0,0.0,3,11,4,1.6999999999999993,6.0,200.0,-0.09999999999999998,-0.01999999999999999,-0.030000000000000027,-0.30000000000000004,-0.19999999999999996,2.428,2.592,0.876,0.939,1.552,1.653,-0.0279999999999999,0.108,0.9223655810598944,0.9731844800911872,0.4258533915693417,0.4399949494659632,0.5733,0.1318,0.2037,0.6876,0.0583,0
0.0,0.0,0.5,0.5,0,0,4.722222222222222,8.929418925714293,8.255272505103306,7.799999999999997,3.0,87.5,0.0,0.0,0.0,1,1,5,-1.0,3.0,-2000.0,0.09999999999999998,0.15999999999999998,0.5,0.3999999999999999,0.19999999999999996,2.592,1.7420000000000002,0.939,1.473,1.653,0.269,0.108,0.758,0.9731844800911872,1.5093139957020203,0.4399949494659632,0.4204177816305003,0.6413,0.2727,0.2269,0.7296,0.0546,0
0.0,0.0,0.5,0.5,0,0,15.0,8.8750612633917,7.698970004336019,13.0,7.5,86.5,0.0,0.0,0.0,4,13,19,0.6999999999999993,9.0,200.0,-0.050000000000000044,0.12,0.44999999999999996,0.30000000000000004,0.0,2.428,0.0,0.876,0.0,1.552,0.0,-0.0279999999999999,0.0,0.9223655810598944,0.0,0.4258533915693417,0.0,0.5733,0.0,0.2037,0.6876,0.0583,1
0.0,0.0,0.5,0.5,0,0,1.0,7.698970004336019,7.698970004336019,0.0,0.0,70.0,0.0,0.0,0.0,0,0,0,0.0,0.0,0.0,0.0,0.0,0.0,0.0,0.0,0.0,0.0,0.0,0.0,0.0,0.0,0.0,0.0,0.0,0.0,0.0,0.0,0.423,0.0,0.3313,0.636,0.0569,1
0.0,0.0,0.5,0.5,0,0,17.0,8.929418925714293,7.698970004336019,14.0,8.5,88.0,0.0,0.0,0.0,3,6,17,1.0,20.0,-1500.0,0.04999999999999993,-0.020000000000000004,0.44999999999999996,0.8000000000000003,0.19999999999999996,2.884,0.0,0.95,0.0,1.934,0.0,0.616,0.0,1.2457596956683417,0.0,0.4170851232062826,0.0,0.6331,0.0,0.1742,0.6174,0.0833,1
0.0,0.0,0.5,0.5,0,0,4.166666666666667,8.8750612633917,8.255272505103306,7.0,5.5,86.5,0.0,0.0,0.0,4,12,9,0.6999999999999993,9.0,-1800.0,0.0,0.14,0.47,0.09999999999999987,0.0,2.428,1.7420000000000002,0.876,1.473,1.552,0.269,-0.0279999999999999,0.758,0.9223655810598944,1.5093139957020203,0.4258533915693417,0.4204177816305003,0.5733,0.2727,0.2037,0.6876,0.0583,1
0.0,0.0,0.5,0.5,0,0,0.058823529411764705,7.698970004336019,8.929418925714293,-13.799999999999997,-5.0,70.0,0.0,0.0,0.0,-1,-2,-15,1.0,-3.0,0.0,-0.04999999999999993,-0.13999999999999999,-0.48,-0.6000000000000001,-0.19999999999999996,0.0,2.592,0.0,0.939,0.0,1.653,0.0,0.108,0.0,0.9731844800911872,0.0,0.4399949494659632,0.0,0.1318,0.0,0.0,0.0,0
0.0,0.0,0.5,0.5,0,0,0.25,7.698970004336019,8.301029995663981,-7.0,-4.0,70.0,0.0,0.0,0.0,0,-4,-11,0.0,0.0,0.0,0.0,0.0,0.0,0.0,0.0,0.0,1.599,0.0,1.173,0.0,0.426,0.0,0.1009999999999999,0.0,0.9320745946735548,0.0,0.3812100616603805,0.4417,0.2383,0.2526,0.8661,0.079,0
0.0,0.0,0.5,0.5,0,0,0.06666666666666667,7.698970004336019,8.8750612633917,-13.0,-7.5,70.0,0.0,0.0,0.0,-4,-13,-19,-0.6999999999999993,-9.0,-200.0,0.050000000000000044,-0.12,-0.44999999999999996,-0.30000000000000004,0.0,0.0,2.428,0.0,0.876,0.0,1.552,0.0,-0.0279999999999999,0.0,0.9223655810598944,0.0,0.4258533915693417,0.0,0.223,0.0,0.0,0.0,1
0.0,0.0,0.5,0.5,0,0,0.65,8.812913356642856,9.0,-1.0,1.5,86.0,0.0,0.0,0.0,-5,-6,-11,-0.1999999999999993,-9.0,2700.0,-0.15000000000000002,0.09,-0.039999999999999925,0.0,-0.09999999999999998,2.645,2.451,0.751,0.825,1.894,1.626,-0.2449999999999999,0.349,0.9060118494310764,1.1980330911358643,0.3351699403122077,0.3834478089938996,0.5863,0.1945,0.1947,0.7823,0.0485,0
0.0,0.0,0.5,0.5,0,0,0.058823529411764705,7.698970004336019,8.929418925714293,-13.799999999999997,-5.0,70.0,0.0,0.0,0.0,-1,-2,-15,1.0,-3.0,0.0,-0.04999999999999993,0.010000000000000009,-0.030000000000000027,-0.6000000000000001,-0.19999999999999996,0.0,2.592,0.0,0.939,0.0,1.653,0.0,0.108,0.0,0.9731844800911872,0.0,0.4399949494659632,0.0,0.1318,0.0,0.0,0.0,1
0.0,0.0,0.5,0.5,0,0,20.0,9.0,7.698970004336019,13.5,7.0,87.5,0.0,0.0,0.0,5,11,21,0.3000000000000007,13.0,-2500.0,0.09999999999999998,-0.19,-0.030000000000000027,0.5,0.09999999999999998,2.451,0.0,0.825,0.0,1.626,0.0,0.349,0.0,1.1980330911358643,0.0,0.3834478089938996,0.0,0.6748,0.0,0.1307,0.8196,0.0699,0
0.0,0.0,0.5,0.5,0,0,4.0,8.301029995663981,7.698970004336019,7.0,4.0,81.0,0.0,0.0,0.0,0,4,11,0.0,0.0,0.0,0.0,0.0,0.0,0.0,0.0,1.599,0.0,1.173,0.0,0.426,0.0,0.1009999999999999,0.0,0.9320745946735548,0.0,0.3812100616603805,0.0,0.4719,0.0,0.2898,0.8452,0.0678,1
0.0,0.0,0.5,0.5,0,0,0.2,8.301029995663981,9.0,-6.5,-3.0,81.0,0.0,0.0,0.0,-5,-7,-10,-0.3000000000000007,-13.0,2500.0,-0.09999999999999998,0.04000000000000001,-0.41999999999999993,-0.5,-0.09999999999999998,1.599,2.451,1.173,0.825,0.426,1.626,0.1009999999999999,0.349,0.9320745946735548,1.1980330911358643,0.3812100616603805,0.3834478089938996,0.4719,0.1945,0.2898,0.8452,0.0678,0
0.0,0.0,0.5,0.5,0,0,1.0,7.698970004336019,7.698970004336019,0.0,0.0,70.0,0.0,0.0,0.0,0,0,0,0.0,0.0,0.0,0.0,-0.15,-0.44999999999999996,0.0,0.0,0.0,0.0,0.0,0.0,0.0,0.0,0.0,0.0,0.0,0.0,0.0,0.0,0.0,0.0,0.0,0.0,0.0,0
0.0,0.0,0.5,0.5,0,0,4.4,8.342422680822207,7.698970004336019,7.0,3.5,80.0,0.0,0.0,0.0,0,0,16,0.3999999999999986,11.0,-7500.0,0.29999999999999993,0.24999999999999997,-0.12,-0.09999999999999987,-0.050000000000000044,1.7739999999999998,0.0,1.399,0.0,0.375,0.0,-0.2739999999999999,0.0,0.8012143853944391,0.0,0.301485212462126,0.0,0.5765,0.0,0.2085,0.7166,0.0536,0
0.0,0.0,0.5,0.5,0,0,1.0,7.698970004336019,7.698970004336019,0.0,0.0,70.0,0.0,0.0,0.0,0,0,0,0.0,0.0,0.0,0.0,-0.15,-0.44999999999999996,0.0,0.0,0.0,0.0,0.0,0.0,0.0,0.0,0.0,0.0,0.0,0.0,0.0,0.0,0.423,0.0,0.3313,0.636,0.0569,0
0.0,0.0,0.5,0.5,0,0,3.125,9.0,8.505149978319906,5.5,2.0,87.5,0.0,0.0,0.0,5,10,11,1.6999999999999993,12.0,4500.0,-0.15000000000000002,-0.020000000000000004,0.24,0.3999999999999999,0.09999999999999998,2.451,1.7120000000000002,0.825,1.179,1.626,0.5329999999999999,0.349,0.088,1.1980330911358643,1.1043395370402465,0.3834478089938996,0.3105121217887923,0.6748,0.2715,0.1307,0.8196,0.0699,1
0.0,0.0,0.5,0.5,0,0,13.0,8.812913356642856,7.698970004336019,12.5,8.5,86.0,0.0,0.0,0.0,0,5,10,0.10000000000000142,4.0,200.0,-0.050000000000000044,0.04999999999999999,0.38,0.5,0.0,2.645,0.0,0.751,0.0,1.894,0.0,-0.2449999999999999,0.0,0.9060118494310764,0.0,0.3351699403122077,0.0,0.5863,0.0,0.1947,0.7823,0.0485,1
0.0,0.0,0.5,0.5,0,0,5.0,9.0,8.301029995663981,6.5,3.0,87.5,0.0,0.0,0.0,5,7,10,0.3000000000000007,13.0,-2500.0,0.09999999999999998,-0.04000000000000001,0.41999999999999993,0.5,0.09999999999999998,2.451,1.599,0.825,1.173,1.626,0.426,0.349,0.1009999999999999,1.1980330911358643,0.9320745946735548,0.3834478089938996,0.3812100616603805,0.6748,0.2383,0.1307,0.8196,0.0699,0
0.0,0.0,0.5,0.5,0,0,1.0,7.698970004336019,7.698970004336019,0.0,0.0,70.0,0.0,0.0,0.0,0,0,-7,0.0,0.0,0.0,0.0,0.0,0.0,0.0,0.0,0.0,0.0,0.0,0.0,0.0,0.0,0.0,0.0,0.0,0.0,0.0,0.0,0.0,0.2709,0.0,0.0,0.0,1
0.0,0.0,0.5,0.5,0,0,4.0,8.301029995663981,7.698970004336019,7.0,4.0,81.0,0.0,0.0,0.0,0,4,11,0.0,0.0,0.0,0.0,0.0,0.0,0.0,0.0,1.599,0.0,1.173,0.0,0.426,0.0,0.1009999999999999,0.0,0.9320745946735548,0.0,0.3812100616603805,0.0,0.4719,0.0,0.2898,0.8452,0.0678,1
0.0,0.0,0.5,0.5,0,0,20.0,9.0,7.698970004336019,13.5,7.0,87.5,0.0,0.0,0.0,5,11,14,0.3000000000000007,13.0,-2500.0,0.09999999999999998,-0.04000000000000001,0.41999999999999993,0.5,0.09999999999999998,2.451,0.0,0.825,0.0,1.626,0.0,0.349,0.0,1.1980330911358643,0.0,0.3834478089938996,0.0,0.6748,0.2709,0.1307,0.8196,0.0699,1
0.0,0.0,0.5,0.5,0,0,0.058823529411764705,7.698970004336019,8.929418925714293,-14.0,-8.5,70.0,0.0,0.0,0.0,-3,-6,-17,-1.0,-20.0,1500.0,-0.04999999999999993,0.020000000000000004,-0.44999999999999996,-0.8000000000000003,-0.19999999999999996,0.0,2.884,0.0,0.95,0.0,1.934,0.0,0.616,0.0,1.2457596956683417,0.0,0.4170851232062826,0.4417,0.1927,0.2526,0.8661,0.079,1
0.0,0.0,0.5,0.5,0,0,0.175,7.544068044350276,8.301029995663981,-5.5,-5.5,74.5,0.0,0.0,0.0,0,-4,-6,0.0,0.0,0.0,0.0,0.55,-0.38,0.0,0.0,1.287,1.599,1.825,1.173,-0.5379999999999999,0.426,-0.187,0.1009999999999999,0.9046575994599472,0.9320745946735548,0.3522010158354963,0.3812100616603805,0.3822,0.2383,0.3501,0.6855,0.0418,0
0.0,0.0,0.5,0.5,0,0,3.5416666666666665,8.929418925714293,8.380211241711606,6.299999999999997,0.5,87.5,0.0,0.0,0.0,1,2,4,-1.6000000000000014,-7.0,0.0,0.04999999999999993,0.13999999999999999,0.48,0.6000000000000001,0.19999999999999996,2.592,1.6960000000000002,0.939,1.391,1.653,0.305,0.108,-0.196,0.9731844800911872,0.8891132124050513,0.4399949494659632,0.3092715455532385,0.6413,0.2319,0.2269,0.7296,0.0546,1
0.0,0.0,0.5,0.5,0,0,1.5,8.8750612633917,8.698970004336019,2.5,3.0,86.5,0.0,0.0,0.0,4,11,6,-0.6000000000000014,-6.0,-100.0,0.0,0.14,0.09999999999999998,0.09999999999999987,-0.04999999999999999,2.428,2.002,0.876,1.323,1.552,0.6789999999999999,-0.0279999999999999,-0.1019999999999999,0.9223655810598944,0.9431066534244954,0.4258533915693417,0.3376651859131732,0.5733,0.205,0.2037,0.6876,0.0583,1
0.0,0.0,0.5,0.5,0,0,0.5384615384615384,8.544068044350276,8.812913356642856,-3.5,-4.5,83.0,0.0,0.0,0.0,0,-4,-5,-0.10000000000000142,0.0,300.0,0.15000000000000002,-0.06999999999999999,-0.09999999999999998,-0.5,0.15000000000000002,1.7559999999999998,2.645,1.164,0.751,0.592,1.894,0.244,-0.2449999999999999,1.1196847912652483,0.9060118494310764,0.1581981879373676,0.3351699403122077,0.5143,0.219,0.2606,0.8589,0.0712,0
0.0,0.0,0.5,0.5,0,0,14.285714285714286,8.698970004336019,7.544068044350276,9.0,6.0,84.5,0.0,0.0,0.0,0,2,8,1.3000000000000007,15.0,300.0,-0.050000000000000044,-0.5700000000000001,0.73,0.20000000000000018,0.04999999999999999,2.002,1.287,1.323,1.825,0.6789999999999999,-0.5379999999999999,-0.1019999999999999,-0.187,0.9431066534244954,0.9046575994599472,0.3376651859131732,0.3522010158354963,0.5783,0.2677,0.2167,0.8053,0.062,0
0.0,0.0,0.5,0.5,0,0,0.1,7.544068044350276,8.544068044350276,-7.5,-5.5,74.5,0.0,0.0,0.0,0,-1,0,0.0,-4.0,-500.0,-0.09999999999999998,0.5700000000000001,-0.66,0.0,-0.15000000000000002,1.287,1.7559999999999998,1.825,1.164,-0.5379999999999999,0.592,-0.187,0.244,0.9046575994599472,1.1196847912652483,0.3522010158354963,0.1581981879373676,0.3822,0.2251,0.3501,0.6855,0.0418,1
0.0,0.0,0.5,0.5,0,0,0.7692307692307693,8.698970004336019,8.812913356642856,-2.0,-4.0,84.5,0.0,0.0,0.0,0,-3,3,1.1999999999999993,11.0,100.0,0.0,-0.06999999999999999,-0.030000000000000027,-0.2999999999999998,0.04999999999999999,2.002,2.645,1.323,0.751,0.6789999999999999,1.894,-0.1019999999999999,-0.2449999999999999,0.9431066534244954,0.9060118494310764,0.3376651859131732,0.3351699403122077,0.5783,0.219,0.2167,0.8053,0.062,1
0.0,0.0,0.5,0.5,0,0,18.571428571428573,8.812913356642856,7.544068044350276,11.0,10.0,86.0,0.0,0.0,0.0,0,5,5,0.10000000000000142,4.0,200.0,-0.050000000000000044,-0.5,0.76,0.5,0.0,2.645,1.287,0.751,1.825,1.894,-0.5379999999999999,-0.2449999999999999,-0.187,0.9060118494310764,0.9046575994599472,0.3351699403122077,0.3522010158354963,0.5863,0.2677,0.1947,0.7823,0.0485,1
0.0,0.0,0.5,0.5,0,0,1.4285714285714286,8.698970004336019,8.544068044350276,1.5,0.5,84.5,0.0,0.0,0.0,0,1,8,1.3000000000000007,11.0,-200.0,-0.15000000000000002,0.0,0.06999999999999995,0.20000000000000018,-0.10000000000000003,2.002,1.7559999999999998,1.323,1.164,0.6789999999999999,0.592,-0.1019999999999999,0.244,0.9431066534244954,1.1196847912652483,0.3376651859131732,0.1581981879373676,0.5783,0.2251,0.2167,0.8053,0.062,1
0.0,0.0,0.5,0.5,0,0,0.1111111111111111,7.698970004336019,8.653212513775344,-8.0,-5.0,70.0,0.0,0.0,0.0,0,0,-2,0.0,0.0,0.0,0.0,0.0,0.0,0.0,0.0,0.0,1.6330000000000002,0.0,1.3030000000000002,0.0,0.33,0.0,0.567,0.0,1.4576317234223708,0.0,0.3969620748747779,0.0,0.297,0.0,0.0,0.0,0
0.0,0.0,0.5,0.5,0,0,0.22727272727272727,7.698970004336019,8.342422680822207,-7.0,-3.5,70.0,0.0,0.0,0.0,0,0,-16,-0.3999999999999986,-11.0,7500.0,-0.29999999999999993,-0.09999999999999998,0.57,0.09999999999999987,0.050000000000000044,0.0,1.7739999999999998,0.0,1.399,0.0,0.375,0.0,-0.2739999999999999,0.0,0.8012143853944391,0.0,0.301485212462126,0.0,0.215,0.0,0.0,0.0,0
0.0,0.0,0.5,0.5,0,0,1.5384615384615385,9.0,8.812913356642856,1.0,-1.5,87.5,0.0,0.0,0.0,5,6,11,0.1999999999999993,9.0,-2700.0,0.15000000000000002,-0.09,0.039999999999999925,0.0,0.09999999999999998,2.451,2.645,0.825,0.751,1.626,1.894,0.349,-0.2449999999999999,1.1980330911358643,0.9060118494310764,0.3834478089938996,0.3351699403122077,0.6748,0.219,0.1307,0.8196,0.0699,0
0.0,0.0,0.5,0.5,0,0,3.9285714285714284,9.041392685158225,8.44715803134222,5.0,6.5,89.0,0.0,0.0,0.0,2,4,10,-2.0,-7.0,-200.0,0.0,0.0,0.22000000000000008,0.7000000000000002,0.09999999999999998,2.804,2.037,0.5599999999999999,1.185,2.244,0.852,0.296,-0.737,1.0649770760444726,0.6589823082323523,0.2852756951130297,0.3983312412776303,0.7185,0.1764,0.05,0.6062,0.0885,1
0.0,0.0,0.5,0.5,0,0,2.3214285714285716,8.812913356642856,8.44715803134222,3.0,5.5,86.0,0.0,0.0,0.0,0,2,5,-1.5999999999999979,-13.0,200.0,-0.050000000000000044,0.04999999999999999,0.08000000000000007,0.5,0.0,2.645,2.037,0.751,1.185,1.894,0.852,-0.2449999999999999,-0.737,0.9060118494310764,0.6589823082323523,0.3351699403122077,0.3983312412776303,0.5863,0.1764,0.1947,0.7823,0.0485,0
0.0,0.0,0.5,0.5,0,0,0.9090909090909091,9.0,9.041392685158225,-1.0,-2.5,87.5,0.0,0.0,0.0,3,4,6,0.6000000000000014,3.0,-2300.0,0.09999999999999998,-0.04000000000000001,-0.10000000000000009,-0.20000000000000018,0.0,2.451,2.804,0.825,0.5599999999999999,1.626,2.244,0.349,0.296,1.1980330911358643,1.0649770760444726,0.3834478089938996,0.2852756951130297,0.6748,0.2349,0.1307,0.8196,0.0699,0
0.0,0.0,0.5,0.5,0,0,0.045454545454545456,7.698970004336019,9.041392685158225,-14.5,-9.5,70.0,0.0,0.0,0.0,-2,-7,-15,0.3000000000000007,-10.0,200.0,0.0,0.15,-0.07000000000000006,-0.7000000000000002,-0.09999999999999998,0.0,2.804,0.0,0.5599999999999999,0.0,2.244,0.0,0.296,0.0,1.0649770760444726,0.0,0.2852756951130297,0.0,0.2349,0.0,0.0,0.0,0
0.0,0.0,0.5,0.5,0,0,20.0,9.0,7.698970004336019,13.5,7.0,87.5,0.0,0.0,0.0,5,11,21,0.3000000000000007,13.0,-2500.0,0.09999999999999998,-0.04000000000000001,0.41999999999999993,0.5,0.09999999999999998,2.451,0.0,0.825,0.0,1.626,0.0,0.349,0.0,1.1980330911358643,0.0,0.3834478089938996,0.0,0.6748,0.2308,0.1307,0.8196,0.0699,1
0.0,0.0,0.5,0.5,0,0,0.7647058823529411,8.812913356642856,8.929418925714293,-1.5,0.0,86.0,0.0,0.0,0.0,-3,-1,-7,-0.8999999999999986,-16.0,1700.0,-0.09999999999999998,0.06999999999999999,-0.06999999999999995,-0.30000000000000027,-0.19999999999999996,2.645,2.884,0.751,0.95,1.894,1.934,-0.2449999999999999,0.616,0.9060118494310764,1.2457596956683417,0.3351699403122077,0.4170851232062826,0.5863,0.1927,0.1947,0.7823,0.0485,1
0.0,0.0,0.5,0.5,0,0,2.6785714285714284,8.8750612633917,8.44715803134222,3.5,4.5,86.5,0.0,0.0,0.0,4,10,14,-1.0,-8.0,200.0,-0.050000000000000044,0.12,0.15000000000000002,0.30000000000000004,0.0,2.428,2.037,0.876,1.185,1.552,0.852,-0.0279999999999999,-0.737,0.9223655810598944,0.6589823082323523,0.4258533915693417,0.3983312412776303,0.5733,0.1764,0.2037,0.6876,0.0583,0
0.0,0.0,0.5,0.5,0,0,0.7083333333333334,8.929418925714293,9.079181246047625,0.0,0.5,88.0,0.0,0.0,0.0,2,3,2,1.1000000000000014,13.0,-1000.0,0.04999999999999993,-0.2,-0.13,0.40000000000000013,0.09999999999999998,2.884,2.341,0.95,1.067,1.934,1.274,0.616,0.359,1.2457596956683417,1.1426634743995732,0.4170851232062826,0.2724559087673128,0.6331,0.228,0.1742,0.6174,0.0833,0
0.0,0.0,0.5,0.5,0,0,0.17857142857142858,7.698970004336019,8.44715803134222,-9.5,-3.0,70.0,0.0,0.0,0.0,0,-3,-5,-1.6999999999999993,-17.0,0.0,0.0,0.0,-0.29999999999999993,0.0,0.0,0.0,2.037,0.0,1.185,0.0,0.852,0.0,-0.737,0.0,0.6589823082323523,0.0,0.3983312412776303,0.4417,0.1764,0.2526,0.8661,0.079,0
0.0,0.0,0.5,0.5,0,0,13.0,8.812913356642856,7.698970004336019,12.5,8.5,86.0,0.0,0.0,0.0,0,5,10,0.10000000000000142,4.0,200.0,-0.050000000000000044,0.04999999999999999,0.38,0.5,0.0,2.645,0.0,0.751,0.0,1.894,0.0,-0.2449999999999999,0.0,0.9060118494310764,0.0,0.3351699403122077,0.0,0.5863,0.0,0.1947,0.7823,0.0485,1
0.0,0.0,0.5,0.5,0,0,3.409090909090909,8.8750612633917,8.342422680822207,6.0,4.0,86.5,0.0,0.0,0.0,4,13,3,0.3000000000000007,-2.0,7700.0,-0.35,-0.12999999999999998,0.57,0.3999999999999999,0.050000000000000044,2.428,1.7739999999999998,0.876,1.399,1.552,0.375,-0.0279999999999999,-0.2739999999999999,0.9223655810598944,0.8012143853944391,0.4258533915693417,0.301485212462126,0.5733,0.215,0.2037,0.6876,0.0583,1
0.0,0.0,0.5,0.5,0,0,8.333333333333334,9.0,8.079181246047625,8.0,3.5,87.5,0.0,0.0,0.0,5,11,21,0.3000000000000007,13.0,-2500.0,0.09999999999999998,-0.04000000000000001,0.41999999999999993,0.5,0.09999999999999998,2.451,1.798,0.825,1.513,1.626,0.285,0.349,0.1019999999999999,1.1980330911358643,1.082179702707457,0.3834478089938996,0.401214821926276,0.6748,0.221,0.1307,0.8196,0.0699,1
0.0,0.0,0.5,0.5,0,0,0.7777777777777778,8.544068044350276,8.653212513775344,1.0,-1.0,83.0,0.0,0.0,0.0,0,1,3,0.0,4.0,500.0,0.09999999999999998,-0.020000000000000004,0.28,0.0,0.15000000000000002,1.7559999999999998,1.6330000000000002,1.164,1.3030000000000002,0.592,0.33,0.244,0.567,1.1196847912652483,1.4576317234223708,0.1581981879373676,0.3969620748747779,0.5143,0.297,0.2606,0.8589,0.0712,0
0.0,0.0,0.5,0.5,0,0,0.26666666666666666,8.079181246047625,8.653212513775344,-2.5,-1.5,79.5,0.0,0.0,0.0,0,0,-2,0.0,0.0,0.0,0.0,0.0,0.0,0.0,0.0,1.798,1.6330000000000002,1.513,1.3030000000000002,0.285,0.33,0.1019999999999999,0.567,1.082179702707457,1.4576317234223708,0.401214821926276,0.3969620748747779,0.5274,0.297,0.2516,0.7901,0.0668,0
0.0,0.0,0.5,0.5,0,0,2.857142857142857,9.0,8.544068044350276,4.5,3.0,87.5,0.0,0.0,0.0,5,10,16,0.3000000000000007,9.0,-3000.0,0.0,-0.020000000000000004,0.1399999999999999,0.5,-0.050000000000000044,2.451,1.7559999999999998,0.825,1.164,1.626,0.592,0.349,0.244,1.1980330911358643,1.1196847912652483,0.3834478089938996,0.1581981879373676,0.6748,0.2251,0.1307,0.8196,0.0699,1
0.0,0.0,0.5,0.5,0,0,20.0,9.079181246047625,7.778151250383644,11.5,7.0,88.5,0.0,0.0,0.0,1,3,10,-0.10000000000000142,7.0,-500.0,0.0,0.18000000000000002,0.58,0.40000000000000013,0.09999999999999998,2.341,1.372,1.067,1.892,1.274,-0.5199999999999999,0.359,0.628,1.1426634743995732,1.5354699312272966,0.2724559087673128,0.2863098554596634,0.6109,0.0,0.1611,0.6545,0.0492,1
0.0,0.0,0.5,0.5,0,0,0.16666666666666666,7.698970004336019,8.477121254719663,-8.5,-6.5,70.0,0.0,0.0,0.0,0,0,-5,-0.1999999999999993,-5.0,4000.0,-0.15000000000000002,0.04000000000000001,-0.15000000000000002,-0.20000000000000018,-0.04999999999999999,0.0,1.959,0.0,1.329,0.0,0.63,0.0,0.741,0.0,1.3862285654790514,0.0,0.2850516522394571,0.4417,0.2643,0.2526,0.8661,0.079,1
0.0,0.0,0.5,0.5,0,0,5.0,8.477121254719663,7.778151250383644,6.0,5.5,82.0,0.0,0.0,0.0,0,0,0,0.1999999999999993,5.0,-4000.0,0.15000000000000002,-0.04000000000000001,0.15000000000000002,0.20000000000000018,0.04999999999999999,1.959,1.372,1.329,1.892,0.63,-0.5199999999999999,0.741,0.628,1.3862285654790514,1.5354699312272966,0.2850516522394571,0.2863098554596634,0.514,0.0,0.2217,0.7231,0.0778,1
0.0,0.0,0.5,0.5,0,0,0.041666666666666664,7.698970004336019,9.079181246047625,-14.0,-8.0,70.0,0.0,0.0,0.0,-1,-3,-15,0.10000000000000142,-7.0,500.0,0.0,-0.18000000000000002,-0.58,-0.40000000000000013,-0.09999999999999998,0.0,2.341,0.0,1.067,0.0,1.274,0.0,0.359,0.0,1.1426634743995732,0.0,0.2724559087673128,0.4417,0.228,0.2526,0.8661,0.079,1
0.0,0.0,0.5,0.5,0,0,0.34285714285714286,8.079181246047625,8.544068044350276,-3.5,-0.5,79.5,0.0,0.0,0.0,0,-1,-5,0.0,-4.0,-500.0,-0.09999999999999998,0.020000000000000004,-0.28,0.0,-0.15000000000000002,1.798,1.7559999999999998,1.513,1.164,0.285,0.592,0.1019999999999999,0.244,1.082179702707457,1.1196847912652483,0.401214821926276,0.1581981879373676,0.5274,0.2251,0.2516,0.7901,0.0668,0
0.0,0.0,0.5,0.5,0,0,2.2222222222222223,9.0,8.653212513775344,5.5,2.0,87.5,0.0,0.0,0.0,5,11,19,0.3000000000000007,13.0,-2500.0,0.09999999999999998,-0.04000000000000001,0.41999999999999993,0.5,0.09999999999999998,2.451,1.6330000000000002,0.825,1.3030000000000002,1.626,0.33,0.349,0.567,1.1980330911358643,1.4576317234223708,0.3834478089938996,0.3969620748747779,0.6748,0.297,0.1307,0.8196,0.0699,0
0.0,0.0,0.5,0.5,0,0,1.0,7.698970004336019,7.698970004336019,0.0,0.0,70.0,0.0,0.0,0.0,0,0,0,0.0,0.0,0.0,0.0,0.15,0.44999999999999996,0.0,0.0,0.0,0.0,0.0,0.0,0.0,0.0,0.0,0.0,0.0,0.0,0.0,0.0,0.0,0.232,0.0,0.0,0.0,0
0.0,0.0,0.5,0.5,0,0,0.2777777777777778,7.698970004336019,8.255272505103306,-7.0,-5.0,70.0,0.0,0.0,0.0,0,0,1,0.0,0.0,0.0,0.0,0.0,0.0,0.0,0.0,0.0,2.008,0.0,1.38,0.0,0.6280000000000001,0.0,0.1919999999999999,0.0,1.0959572566962812,0.0,0.4442921961452345,0.5138,0.3453,0.2154,0.6021,0.0655,0
0.0,0.0,0.5,0.5,0,0,0.2777777777777778,7.698970004336019,8.255272505103306,-7.0,-5.0,70.0,0.0,0.0,0.0,0,0,-6,0.0,0.0,0.0,0.0,0.0,0.0,0.0,0.0,0.0,2.008,0.0,1.38,0.0,0.6280000000000001,0.0,0.1919999999999999,0.0,1.0959572566962812,0.0,0.4442921961452345,0.4794,0.3453,0.2886,0.8789,0.0804,0
0.0,0.0,0.5,0.5,0,0,1.0,7.698970004336019,7.698970004336019,0.0,0.0,70.0,0.0,0.0,0.0,0,0,-7,0.0,0.0,0.0,0.0,0.15,0.44999999999999996,0.0,0.0,0.0,0.0,0.0,0.0,0.0,0.0,0.0,0.0,0.0,0.0,0.0,0.0,0.0,0.2709,0.0,0.0,0.0,1
0.0,0.0,0.5,0.5,0,0,0.2777777777777778,7.698970004336019,8.255272505103306,-7.0,-5.0,70.0,0.0,0.0,0.0,0,0,-6,0.0,0.0,0.0,0.0,0.15,0.44999999999999996,0.0,0.0,0.0,2.008,0.0,1.38,0.0,0.6280000000000001,0.0,0.1919999999999999,0.0,1.0959572566962812,0.0,0.4442921961452345,0.0,0.3453,0.0,0.0,0.0,1
0.0,0.0,0.5,0.5,0,0,1.0,7.698970004336019,7.698970004336019,0.0,0.0,70.0,0.0,0.0,0.0,0,0,-7,0.0,0.0,0.0,0.0,0.0,0.0,0.0,0.0,0.0,0.0,0.0,0.0,0.0,0.0,0.0,0.0,0.0,0.0,0.0,0.0,0.4794,0.2709,0.2886,0.8789,0.0804,0
0.0,0.0,0.5,0.5,0,0,0.7,7.544068044350276,7.698970004336019,1.5,-1.5,74.5,0.0,0.0,0.0,0,0,5,0.0,0.0,0.0,0.0,0.55,-0.38,0.0,0.0,1.287,0.0,1.825,0.0,-0.5379999999999999,0.0,-0.187,0.0,0.9046575994599472,0.0,0.3522010158354963,0.0,0.3822,0.2308,0.3501,0.6855,0.0418,0
0.0,0.0,0.5,0.5,0,0,27.5,9.041392685158225,7.6020599913279625,13.5,10.5,89.0,0.0,0.0,0.0,2,7,13,-0.3000000000000007,10.0,-200.0,0.0,0.0,0.52,0.7000000000000002,0.09999999999999998,2.804,1.369,0.5599999999999999,1.686,2.244,-0.317,0.296,-0.169,1.0649770760444726,0.8614395670308376,0.2852756951130297,0.5644751741416288,0.7185,0.0,0.05,0.6062,0.0885,1
0.0,0.0,0.5,0.5,0,0,0.8,7.6020599913279625,7.698970004336019,1.0,-1.0,74.0,0.0,0.0,0.0,0,0,2,0.0,0.0,0.0,0.0,0.0,0.0,0.0,0.0,1.369,0.0,1.686,0.0,-0.317,0.0,-0.169,0.0,0.8614395670308376,0.0,0.5644751741416288,0.0,0.0,0.2308,0.0,0.0,0.0,0
0.0,0.0,0.5,0.5,0,0,31.428571428571427,9.041392685158225,7.544068044350276,13.0,11.0,89.0,0.0,0.0,0.0,2,7,10,-0.3000000000000007,10.0,-200.0,0.0,-0.55,0.9,0.7000000000000002,0.09999999999999998,2.804,1.287,0.5599999999999999,1.825,2.244,-0.5379999999999999,0.296,-0.187,1.0649770760444726,0.9046575994599472,0.2852756951130297,0.3522010158354963,0.7185,0.2677,0.05,0.6062,0.0885,1
0.0,0.0,0.5,0.5,0,0,1.0,7.698970004336019,7.698970004336019,0.0,0.0,70.0,0.0,0.0,0.0,0,0,0,0.0,0.0,0.0,0.0,0.0,0.0,0.0,0.0,0.0,0.0,0.0,0.0,0.0,0.0,0.0,0.0,0.0,0.0,0.0,0.0,0.423,0.2308,0.3313,0.636,0.0569,0
0.0,0.0,0.5,0.5,0,0,9.166666666666666,9.041392685158225,8.079181246047625,10.0,6.0,89.0,0.0,0.0,0.0,2,7,8,-0.3000000000000007,10.0,-200.0,0.0,0.0,0.52,0.7000000000000002,0.09999999999999998,2.804,1.6,0.5599999999999999,1.705,2.244,-0.1049999999999999,0.296,0.7,1.0649770760444726,1.397464068315691,0.2852756951130297,0.4263279905841928,0.7185,0.0,0.05,0.6062,0.0885,1
0.0,0.0,0.5,0.5,0,0,20.0,9.0,7.698970004336019,13.5,7.0,87.5,0.0,0.0,0.0,5,11,21,0.3000000000000007,13.0,-2500.0,0.09999999999999998,-0.04000000000000001,0.41999999999999993,0.5,0.09999999999999998,2.451,0.0,0.825,0.0,1.626,0.0,0.349,0.0,1.1980330911358643,0.0,0.3834478089938996,0.0,0.6748,0.232,0.1307,0.8196,0.0699,1
0.0,0.0,0.5,0.5,0,0,0.1111111111111111,7.698970004336019,8.653212513775344,-8.0,-5.0,70.0,0.0,0.0,0.0,0,0,-2,0.0,0.0,0.0,0.0,0.15,0.44999999999999996,0.0,0.0,0.0,1.6330000000000002,0.0,1.3030000000000002,0.0,0.33,0.0,0.567,0.0,1.4576317234223708,0.0,0.3969620748747779,0.0,0.297,0.0,0.0,0.0,1
0.0,0.0,0.5,0.5,0,0,5.0,8.397940008672037,7.698970004336019,7.5,1.0,80.5,0.0,0.0,0.0,0,0,6,-0.1999999999999993,3.0,1500.0,-0.050000000000000044,-0.04000000000000001,0.21999999999999997,0.8000000000000003,0.04999999999999999,2.019,0.0,1.24,0.0,0.7789999999999999,0.0,0.6809999999999999,0.0,1.3873215883112155,0.0,0.4047893828208005,0.0,0.5328,0.0,0.2094,0.6017,0.0808,0
0.0,0.0,0.5,0.5,0,0,3.0357142857142856,8.929418925714293,8.44715803134222,4.5,5.5,88.0,0.0,0.0,0.0,3,3,12,-0.6999999999999993,3.0,-1500.0,0.04999999999999993,-0.020000000000000004,0.15000000000000002,0.8000000000000003,0.19999999999999996,2.884,2.037,0.95,1.185,1.934,0.852,0.616,-0.737,1.2457596956683417,0.6589823082323523,0.4170851232062826,0.3983312412776303,0.6331,0.1764,0.1742,0.6174,0.0833,1
0.0,0.0,0.5,0.5,0,0,17.0,8.929418925714293,7.698970004336019,14.0,8.5,88.0,0.0,0.0,0.0,3,6,17,1.0,20.0,-1500.0,0.04999999999999993,-0.020000000000000004,0.44999999999999996,0.8000000000000003,0.19999999999999996,2.884,0.0,0.95,0.0,1.934,0.0,0.616,0.0,1.2457596956683417,0.0,0.4170851232062826,0.0,0.6331,0.0,0.1742,0.6174,0.0833,1
0.0,0.0,0.5,0.5,0,0,0.8928571428571429,8.397940008672037,8.44715803134222,-2.0,-2.0,80.5,0.0,0.0,0.0,0,-3,1,-1.8999999999999986,-14.0,1500.0,-0.050000000000000044,-0.04000000000000001,-0.07999999999999996,0.8000000000000003,0.04999999999999999,2.019,2.037,1.24,1.185,0.7789999999999999,0.852,0.6809999999999999,-0.737,1.3873215883112155,0.6589823082323523,0.4047893828208005,0.3983312412776303,0.5328,0.1764,0.2094,0.6017,0.0808,0
0.0,0.0,0.5,0.5,0,0,0.17857142857142858,7.698970004336019,8.44715803134222,-9.5,-3.0,70.0,0.0,0.0,0.0,0,-3,-5,-1.6999999999999993,-17.0,0.0,0.0,0.0,-0.29999999999999993,0.0,0.0,0.0,2.037,0.0,1.185,0.0,0.852,0.0,-0.737,0.0,0.6589823082323523,0.0,0.3983312412776303,0.0,0.1764,0.0,0.0,0.0,0
0.0,0.0,0.5,0.5,0,0,3.4,8.929418925714293,8.397940008672037,6.5,7.5,88.0,0.0,0.0,0.0,3,6,11,1.1999999999999993,17.0,-3000.0,0.09999999999999998,0.020000000000000004,0.22999999999999998,0.0,0.14999999999999997,2.884,2.019,0.95,1.24,1.934,0.7789999999999999,0.616,0.6809999999999999,1.2457596956683417,1.3873215883112155,0.4170851232062826,0.4047893828208005,0.6331,0.2578,0.1742,0.6174,0.0833,1
0.0,0.0,0.5,0.5,0,0,0.8333333333333334,7.698970004336019,7.778151250383644,-2.5,-1.0,70.0,0.0,0.0,0.0,0,0,-5,0.0,0.0,0.0,0.0,0.0,0.0,0.0,0.0,0.0,1.372,0.0,1.892,0.0,-0.5199999999999999,0.0,0.628,0.0,1.5354699312272966,0.0,0.2863098554596634,0.4417,0.0,0.2526,0.8661,0.079,0
0.0,0.0,0.5,0.5,0,0,0.25,8.477121254719663,9.079181246047625,-5.5,-1.5,82.0,0.0,0.0,0.0,-1,-3,-10,0.3000000000000007,-2.0,-3500.0,0.15000000000000002,-0.22000000000000003,-0.42999999999999994,-0.19999999999999996,-0.04999999999999999,1.959,2.341,1.329,1.067,0.63,1.274,0.741,0.359,1.3862285654790514,1.1426634743995732,0.2850516522394571,0.2724559087673128,0.514,0.228,0.2217,0.7231,0.0778,0
0.0,0.0,0.5,0.5,0,0,1.0,7.698970004336019,7.698970004336019,0.0,0.0,70.0,0.0,0.0,0.0,0,0,0,0.0,0.0,0.0,0.0,0.0,0.0,0.0,0.0,0.0,0.0,0.0,0.0,0.0,0.0,0.0,0.0,0.0,0.0,0.0,0.0,0.423,0.0,0.3313,0.636,0.0569,1
0.0,0.0,0.5,0.5,0,0,7.083333333333333,8.929418925714293,8.079181246047625,9.299999999999997,1.5,87.5,0.0,0.0,0.0,1,2,8,-1.0,3.0,0.0,0.04999999999999993,0.13999999999999999,0.48,0.6000000000000001,0.19999999999999996,2.592,1.6,0.939,1.705,1.653,-0.1049999999999999,0.108,0.7,0.9731844800911872,1.397464068315691,0.4399949494659632,0.4263279905841928,0.6413,0.0,0.2269,0.7296,0.0546,0
0.0,0.0,0.5,0.5,0,0,0.4166666666666667,7.698970004336019,8.079181246047625,-4.5,-3.5,70.0,0.0,0.0,0.0,0,0,-7,0.0,0.0,0.0,0.0,0.0,0.0,0.0,0.0,0.0,1.6,0.0,1.705,0.0,-0.1049999999999999,0.0,0.7,0.0,1.397464068315691,0.0,0.4263279905841928,0.423,0.0,0.3313,0.636,0.0569,0
0.0,0.0,0.5,0.5,0,0,17.0,8.929418925714293,7.698970004336019,13.799999999999997,5.0,87.5,0.0,0.0,0.0,1,2,15,-1.0,3.0,0.0,0.04999999999999993,0.13999999999999999,0.48,0.6000000000000001,0.19999999999999996,2.592,0.0,0.939,0.0,1.653,0.0,0.108,0.0,0.9731844800911872,0.0,0.4399949494659632,0.0,0.6413,0.0,0.2269,0.7296,0.0546,1
0.0,0.0,0.5,0.5,0,0,6.4,8.505149978319906,7.698970004336019,8.0,5.0,81.5,0.0,0.0,0.0,0,1,10,-1.3999999999999986,1.0,-7000.0,0.25,-0.020000000000000004,0.17999999999999994,0.10000000000000009,0.0,1.7120000000000002,0.0,1.179,0.0,0.5329999999999999,0.0,0.088,0.0,1.1043395370402465,0.0,0.3105121217887923,0.0,0.5541,0.0,0.1745,0.6843,0.0671,0
0.0,0.0,0.5,0.5,0,0,16.666666666666668,8.8750612633917,7.653212513775344,10.5,6.0,86.5,0.0,0.0,0.0,4,13,19,0.6999999999999993,9.0,200.0,-0.050000000000000044,0.12,0.44999999999999996,0.30000000000000004,0.0,2.428,1.375,0.876,1.632,1.552,-0.257,-0.0279999999999999,0.125,0.9223655810598944,1.078173606970716,0.4258533915693417,0.5094932122544257,0.5733,0.3694,0.2037,0.6876,0.0583,1
0.0,0.0,0.5,0.5,0,0,7.111111111111111,8.505149978319906,7.653212513775344,5.5,3.5,81.5,0.0,0.0,0.0,0,1,10,-1.3999999999999986,1.0,-7000.0,0.25,-0.020000000000000004,0.17999999999999994,0.10000000000000009,0.0,1.7120000000000002,1.375,1.179,1.632,0.5329999999999999,-0.257,0.088,0.125,1.1043395370402465,1.078173606970716,0.3105121217887923,0.5094932122544257,0.5541,0.3694,0.1745,0.6843,0.0671,0
0.0,0.0,0.5,0.5,0,0,15.0,8.8750612633917,7.698970004336019,13.0,7.5,86.5,0.0,0.0,0.0,4,13,19,0.6999999999999993,9.0,200.0,-0.050000000000000044,0.12,0.44999999999999996,0.30000000000000004,0.0,2.428,0.0,0.876,0.0,1.552,0.0,-0.0279999999999999,0.0,0.9223655810598944,0.0,0.4258533915693417,0.0,0.5733,0.0,0.2037,0.6876,0.0583,0
0.0,0.0,0.5,0.5,0,0,2.34375,8.8750612633917,8.505149978319906,5.0,2.5,86.5,0.0,0.0,0.0,4,12,9,2.099999999999998,8.0,7200.0,-0.30000000000000004,0.14,0.27,0.19999999999999996,0.0,2.428,1.7120000000000002,0.876,1.179,1.552,0.5329999999999999,-0.0279999999999999,0.088,0.9223655810598944,1.1043395370402465,0.4258533915693417,0.3105121217887923,0.5733,0.2715,0.2037,0.6876,0.0583,1
0.0,0.0,0.5,0.5,0,0,1.1111111111111112,7.698970004336019,7.653212513775344,-2.5,-1.5,70.0,0.0,0.0,0.0,0,0,0,0.0,0.0,0.0,0.0,0.0,0.0,0.0,0.0,0.0,1.375,0.0,1.632,0.0,-0.257,0.0,0.125,0.0,1.078173606970716,0.0,0.5094932122544257,0.0,0.3694,0.0,0.0,0.0,1
0.0,0.0,0.5,0.5,0,0,2.7777777777777777,8.698970004336019,8.255272505103306,4.5,2.5,84.5,0.0,0.0,0.0,0,1,3,1.3000000000000007,15.0,-1700.0,0.0,0.0,0.37,0.0,0.04999999999999999,2.002,1.7420000000000002,1.323,1.473,0.6789999999999999,0.269,-0.1019999999999999,0.758,0.9431066534244954,1.5093139957020203,0.3376651859131732,0.4204177816305003,0.5783,0.2727,0.2167,0.8053,0.062,0
0.0,0.0,0.5,0.5,0,0,2.9545454545454546,8.812913356642856,8.342422680822207,5.5,5.0,86.0,0.0,0.0,0.0,0,5,-6,-0.29999999999999716,-7.0,7700.0,-0.35,-0.19999999999999998,0.5,0.5999999999999999,0.050000000000000044,2.645,1.7739999999999998,0.751,1.399,1.894,0.375,-0.2449999999999999,-0.2739999999999999,0.9060118494310764,0.8012143853944391,0.3351699403122077,0.301485212462126,0.5863,0.215,0.1947,0.7823,0.0485,0
0.0,0.0,0.5,0.5,0,0,3.611111111111111,8.812913356642856,8.255272505103306,6.5,6.5,86.0,0.0,0.0,0.0,0,4,0,0.10000000000000142,4.0,-1800.0,0.0,0.06999999999999999,0.4,0.2999999999999998,0.0,2.645,1.7420000000000002,0.751,1.473,1.894,0.269,-0.2449999999999999,0.758,0.9060118494310764,1.5093139957020203,0.3351699403122077,0.4204177816305003,0.5863,0.2727,0.1947,0.7823,0.0485,1
0.0,0.0,0.5,0.5,0,0,2.272727272727273,8.698970004336019,8.342422680822207,3.5,1.0,84.5,0.0,0.0,0.0,0,2,-3,0.9000000000000021,4.0,7800.0,-0.35,-0.26999999999999996,0.47,0.30000000000000004,0.10000000000000003,2.002,1.7739999999999998,1.323,1.399,0.6789999999999999,0.375,-0.1019999999999999,-0.2739999999999999,0.9431066534244954,0.8012143853944391,0.3376651859131732,0.301485212462126,0.5783,0.215,0.2167,0.8053,0.062,0
0.0,0.0,0.5,0.5,0,0,1.3,8.812913356642856,8.698970004336019,2.0,4.0,86.0,0.0,0.0,0.0,0,3,-3,-1.1999999999999993,-11.0,-100.0,0.0,0.06999999999999999,0.030000000000000027,0.2999999999999998,-0.04999999999999999,2.645,2.002,0.751,1.323,1.894,0.6789999999999999,-0.2449999999999999,-0.1019999999999999,0.9060118494310764,0.9431066534244954,0.3351699403122077,0.3376651859131732,0.5863,0.205,0.1947,0.7823,0.0485,0
0.0,0.0,0.5,0.5,0,0,0.8181818181818182,8.255272505103306,8.342422680822207,-1.0,-1.5,81.0,0.0,0.0,0.0,0,1,-6,-0.3999999999999986,-11.0,9500.0,-0.35,-0.26999999999999996,0.09999999999999998,0.30000000000000004,0.050000000000000044,1.7420000000000002,1.7739999999999998,1.473,1.399,0.269,0.375,0.758,-0.2739999999999999,1.5093139957020203,0.8012143853944391,0.4204177816305003,0.301485212462126,0.613,0.215,0.1143,0.8314,0.0437,0
0.0,0.0,0.5,0.5,0,0,22.0,9.041392685158225,7.698970004336019,14.5,9.5,89.0,0.0,0.0,0.0,2,7,15,-0.3000000000000007,10.0,-200.0,0.0,0.0,0.52,0.7000000000000002,0.09999999999999998,2.804,0.0,0.5599999999999999,0.0,2.244,0.0,0.296,0.0,1.0649770760444726,0.0,0.2852756951130297,0.0,0.7185,0.2308,0.05,0.6062,0.0885,1
0.0,0.0,0.5,0.5,0,0,1.1428571428571428,7.6020599913279625,7.544068044350276,-0.5,0.5,74.0,0.0,0.0,0.0,0,0,-3,0.0,0.0,0.0,0.0,-0.55,0.38,0.0,0.0,1.369,1.287,1.686,1.825,-0.317,-0.5379999999999999,-0.169,-0.187,0.8614395670308376,0.9046575994599472,0.5644751741416288,0.3522010158354963,0.0,0.2677,0.0,0.0,0.0,0
0.0,0.0,0.5,0.5,0,0,2.4,8.079181246047625,7.698970004336019,4.5,3.5,78.0,0.0,0.0,0.0,0,0,7,0.0,0.0,0.0,0.0,0.0,0.0,0.0,0.0,1.6,0.0,1.705,0.0,-0.1049999999999999,0.0,0.7,0.0,1.397464068315691,0.0,0.4263279905841928,0.0,0.0,0.0,0.0,0.0,0.0,0
0.0,0.0,0.5,0.5,0,0,17.0,8.929418925714293,7.698970004336019,13.799999999999997,5.0,87.5,0.0,0.0,0.0,1,2,15,-1.0,3.0,0.0,0.04999999999999993,0.13999999999999999,0.48,0.6000000000000001,0.19999999999999996,2.592,0.0,0.939,0.0,1.653,0.0,0.108,0.0,0.9731844800911872,0.0,0.4399949494659632,0.0,0.6413,0.2457,0.2269,0.7296,0.0546,0
0.0,0.0,0.5,0.5,0,0,4.166666666666667,8.8750612633917,8.255272505103306,7.0,5.5,86.5,0.0,0.0,0.0,4,12,9,0.6999999999999993,9.0,-1800.0,0.0,0.14,0.47,0.09999999999999987,0.0,2.428,1.7420000000000002,0.876,1.473,1.552,0.269,-0.0279999999999999,0.758,0.9223655810598944,1.5093139957020203,0.4258533915693417,0.4204177816305003,0.5733,0.2727,0.2037,0.6876,0.0583,1
0.0,0.0,0.5,0.5,0,0,20.0,9.0,7.698970004336019,13.5,7.0,87.5,0.0,0.0,0.0,5,11,21,0.3000000000000007,13.0,-2500.0,0.09999999999999998,-0.04000000000000001,0.41999999999999993,0.5,0.09999999999999998,2.451,0.0,0.825,0.0,1.626,0.0,0.349,0.0,1.1980330911358643,0.0,0.3834478089938996,0.0,0.6748,0.2565,0.1307,0.8196,0.0699,1
0.0,0.0,0.5,0.5,0,0,3.6,8.255272505103306,7.698970004336019,6.0,2.0,81.0,0.0,0.0,0.0,0,1,10,0.0,0.0,2000.0,-0.050000000000000044,-0.020000000000000004,-0.020000000000000018,0.20000000000000018,0.0,1.7420000000000002,0.0,1.473,0.0,0.269,0.0,0.758,0.0,1.5093139957020203,0.0,0.4204177816305003,0.0,0.613,0.2565,0.1143,0.8314,0.0437,0
0.0,0.0,0.5,0.5,0,0,0.75,8.8750612633917,9.0,-0.5,0.5,86.5,0.0,0.0,0.0,-1,2,-2,0.3999999999999986,-4.0,2700.0,-0.15000000000000002,0.16,0.030000000000000027,-0.19999999999999996,-0.09999999999999998,2.428,2.451,0.876,0.825,1.552,1.626,-0.0279999999999999,0.349,0.9223655810598944,1.1980330911358643,0.4258533915693417,0.3834478089938996,0.5733,0.1945,0.2037,0.6876,0.0583,0
0.0,0.0,0.5,0.5,0,0,1.2,9.079181246047625,9.0,0.5,1.0,88.5,0.0,0.0,0.0,-4,-8,-6,-0.40000000000000213,-6.0,2000.0,-0.09999999999999998,0.22000000000000003,0.16000000000000003,-0.09999999999999987,0.0,2.341,2.451,1.067,0.825,1.274,1.626,0.359,0.349,1.1426634743995732,1.1980330911358643,0.2724559087673128,0.3834478089938996,0.6109,0.1945,0.1611,0.6545,0.0492,0
0.0,0.0,0.5,0.5,0,0,2.34375,8.8750612633917,8.505149978319906,5.0,2.5,86.5,0.0,0.0,0.0,4,12,9,2.099999999999998,8.0,7200.0,-0.30000000000000004,0.14,0.27,0.19999999999999996,0.0,2.428,1.7120000000000002,0.876,1.179,1.552,0.5329999999999999,-0.0279999999999999,0.088,0.9223655810598944,1.1043395370402465,0.4258533915693417,0.3105121217887923,0.5733,0.2715,0.2037,0.6876,0.0583,1
0.0,0.0,0.5,0.5,0,0,4.722222222222222,8.929418925714293,8.255272505103306,7.799999999999997,3.0,87.5,0.0,0.0,0.0,1,1,5,-1.0,3.0,-2000.0,0.09999999999999998,0.15999999999999998,0.5,0.3999999999999999,0.19999999999999996,2.592,1.7420000000000002,0.939,1.473,1.653,0.269,0.108,0.758,0.9731844800911872,1.5093139957020203,0.4399949494659632,0.4204177816305003,0.6413,0.2727,0.2269,0.7296,0.0546,0
0.0,0.0,0.5,0.5,0,0,5.0,8.397940008672037,7.698970004336019,7.0,6.0,81.0,0.0,0.0,0.0,0,0,2,0.8999999999999986,7.0,0.0,0.0,0.0,0.0,0.0,0.0,1.752,0.0,1.546,0.0,0.206,0.0,0.048,0.0,0.9886736370672355,0.0,0.4680645729431405,0.0,0.5271,0.2565,0.2408,0.6933,0.0563,0
0.0,0.0,0.5,0.5,0,0,3.6,8.255272505103306,7.698970004336019,6.0,2.0,81.0,0.0,0.0,0.0,0,1,10,0.0,0.0,2000.0,-0.050000000000000044,-0.16999999999999998,-0.47,0.20000000000000018,0.0,1.7420000000000002,0.0,1.473,0.0,0.269,0.0,0.758,0.0,1.5093139957020203,0.0,0.4204177816305003,0.0,0.613,0.0,0.1143,0.8314,0.0437,1
0.0,0.0,0.5,0.5,0,0,5.0,8.397940008672037,7.698970004336019,7.5,1.0,80.5,0.0,0.0,0.0,0,0,6,-0.1999999999999993,3.0,1500.0,-0.050000000000000044,-0.04000000000000001,0.21999999999999997,0.8000000000000003,0.04999999999999999,2.019,0.0,1.24,0.0,0.7789999999999999,0.0,0.6809999999999999,0.0,1.3873215883112155,0.0,0.4047893828208005,0.0,0.5328,0.2565,0.2094,0.6017,0.0808,0
0.0,0.0,0.5,0.5,0,0,2.0,9.0,8.698970004336019,3.0,2.5,87.5,0.0,0.0,0.0,5,9,8,-1.0,-2.0,-2800.0,0.15000000000000002,-0.020000000000000004,0.06999999999999995,0.2999999999999998,0.04999999999999999,2.451,2.002,0.825,1.323,1.626,0.6789999999999999,0.349,-0.1019999999999999,1.1980330911358643,0.9431066534244954,0.3834478089938996,0.3376651859131732,0.6748,0.205,0.1307,0.8196,0.0699,1
0.0,0.0,0.5,0.5,0,0,0.6875,8.342422680822207,8.505149978319906,-1.0,-1.5,80.0,0.0,0.0,0.0,0,-1,6,1.7999999999999972,10.0,-500.0,0.04999999999999993,0.26999999999999996,-0.29999999999999993,-0.19999999999999996,-0.050000000000000044,1.7739999999999998,1.7120000000000002,1.399,1.179,0.375,0.5329999999999999,-0.2739999999999999,0.088,0.8012143853944391,1.1043395370402465,0.301485212462126,0.3105121217887923,0.5765,0.2715,0.2085,0.7166,0.0536,0
0.0,0.0,0.5,0.5,0,0,2.4444444444444446,9.041392685158225,8.653212513775344,4.5,0.5,89.0,0.0,0.0,0.0,0,2,2,0.1999999999999993,4.0,1300.0,-0.04999999999999993,0.020000000000000004,0.27,0.40000000000000013,0.0,2.804,2.161,0.5599999999999999,1.17,2.244,0.991,0.296,0.439,1.0649770760444726,1.0807602735652382,0.2852756951130297,0.5795295026523193,0.7185,0.172,0.05,0.6062,0.0885,0
0.0,0.0,0.5,0.5,0,0,0.2,7.698970004336019,8.397940008672037,-7.0,-6.0,70.0,0.0,0.0,0.0,0,0,-2,-0.8999999999999986,-7.0,0.0,0.0,0.0,0.0,0.0,0.0,0.0,1.752,0.0,1.546,0.0,0.206,0.0,0.048,0.0,0.9886736370672355,0.0,0.4680645729431405,0.5263,0.2322,0.2429,0.8909,0.0788,0
0.0,0.0,0.5,0.5,0,0,9.0,8.653212513775344,7.698970004336019,10.0,9.0,84.0,0.0,0.0,0.0,2,5,13,-0.5,6.0,-1500.0,0.04999999999999993,-0.020000000000000004,0.25,0.30000000000000004,0.09999999999999998,2.161,0.0,1.17,0.0,0.991,0.0,0.439,0.0,1.0807602735652382,0.0,0.5795295026523193,0.0,0.639,0.2308,0.189,0.6935,0.066,0
0.0,0.0,0.5,0.5,0,0,4.4,9.041392685158225,8.397940008672037,7.5,3.5,89.0,0.0,0.0,0.0,2,7,13,-1.1999999999999993,3.0,-200.0,0.0,0.0,0.52,0.7000000000000002,0.09999999999999998,2.804,1.752,0.5599999999999999,1.546,2.244,0.206,0.296,0.048,1.0649770760444726,0.9886736370672355,0.2852756951130297,0.4680645729431405,0.7185,0.2322,0.05,0.6062,0.0885,0
0.0,0.0,0.5,0.5,0,0,0.35555555555555557,8.505149978319906,8.954242509439325,-5.5,-1.5,81.5,0.0,0.0,0.0,0,-1,3,-2.099999999999998,-12.0,-7000.0,0.20000000000000007,-0.039999999999999994,-0.22000000000000008,-0.8999999999999999,-0.09999999999999998,1.7120000000000002,2.591,1.179,0.97,0.5329999999999999,1.621,0.088,0.709,1.1043395370402465,1.1798394922132849,0.3105121217887923,0.3362356977544835,0.5541,0.2035,0.1745,0.6843,0.0671,1
0.0,0.0,0.5,0.5,0,0,3.6,8.255272505103306,7.698970004336019,6.0,2.0,81.0,0.0,0.0,0.0,0,1,10,0.0,0.0,2000.0,-0.050000000000000044,-0.020000000000000004,-0.020000000000000018,0.20000000000000018,0.0,1.7420000000000002,0.0,1.473,0.0,0.269,0.0,0.758,0.0,1.5093139957020203,0.0,0.4204177816305003,0.0,0.613,0.2179,0.1143,0.8314,0.0437,1
0.0,0.0,0.5,0.5,0,0,1.0,7.698970004336019,7.698970004336019,0.0,0.0,70.0,0.0,0.0,0.0,0,0,0,0.0,0.0,0.0,0.0,0.0,0.0,0.0,0.0,0.0,0.0,0.0,0.0,0.0,0.0,0.0,0.0,0.0,0.0,0.0,0.0,0.4026,0.0,0.3409,0.6122,0.0695,1
0.0,0.0,0.5,0.5,0,0,0.05,7.698970004336019,9.0,-13.5,-7.0,70.0,0.0,0.0,0.0,-5,-11,-21,-0.3000000000000007,-13.0,2500.0,-0.09999999999999998,0.04000000000000001,-0.41999999999999993,-0.5,-0.09999999999999998,0.0,2.451,0.0,0.825,0.0,1.626,0.0,0.349,0.0,1.1980330911358643,0.0,0.3834478089938996,0.0,0.1945,0.0,0.0,0.0,0
0.0,0.0,0.5,0.5,0,0,1.0,7.698970004336019,7.698970004336019,0.0,0.0,70.0,0.0,0.0,0.0,0,0,0,0.0,0.0,0.0,0.0,0.0,0.0,0.0,0.0,0.0,0.0,0.0,0.0,0.0,0.0,0.0,0.0,0.0,0.0,0.0,0.0,0.0,0.2565,0.0,0.0,0.0,0
0.0,0.0,0.5,0.5,0,0,20.0,9.0,7.698970004336019,13.5,7.0,87.5,0.0,0.0,0.0,5,11,21,0.3000000000000007,13.0,-2500.0,0.09999999999999998,-0.04000000000000001,0.41999999999999993,0.5,0.09999999999999998,2.451,0.0,0.825,0.0,1.626,0.0,0.349,0.0,1.1980330911358643,0.0,0.3834478089938996,0.0,0.6748,0.0,0.1307,0.8196,0.0699,1
0.0,0.0,0.5,0.5,0,0,1.0,7.698970004336019,7.698970004336019,0.0,0.0,70.0,0.0,0.0,0.0,0,0,0,0.0,0.0,0.0,0.0,0.0,0.0,0.0,0.0,0.0,0.0,0.0,0.0,0.0,0.0,0.0,0.0,0.0,0.0,0.0,0.0,0.0,0.0,0.0,0.0,0.0,0
0.0,0.0,0.5,0.5,0,0,20.0,9.0,7.698970004336019,13.5,7.0,87.5,0.0,0.0,0.0,5,11,21,0.3000000000000007,13.0,-2500.0,0.09999999999999998,-0.04000000000000001,0.41999999999999993,0.5,0.09999999999999998,2.451,0.0,0.825,0.0,1.626,0.0,0.349,0.0,1.1980330911358643,0.0,0.3834478089938996,0.0,0.6748,0.2565,0.1307,0.8196,0.0699,1
0.0,0.0,0.5,0.5,0,0,0.4166666666666667,7.698970004336019,8.079181246047625,-4.5,-3.5,70.0,0.0,0.0,0.0,0,0,-7,0.0,0.0,0.0,0.0,0.0,0.0,0.0,0.0,0.0,1.6,0.0,1.705,0.0,-0.1049999999999999,0.0,0.7,0.0,1.397464068315691,0.0,0.4263279905841928,0.4199,0.0,0.3108,0.6015,0.048,0
0.0,0.0,0.5,0.5,0,0,0.047058823529411764,7.6020599913279625,8.929418925714293,-12.799999999999997,-6.0,74.0,0.0,0.0,0.0,-1,-2,-13,1.0,-3.0,0.0,-0.04999999999999993,-0.13999999999999999,-0.48,-0.6000000000000001,-0.19999999999999996,1.369,2.592,1.686,0.939,-0.317,1.653,-0.169,0.108,0.8614395670308376,0.9731844800911872,0.5644751741416288,0.4399949494659632,0.0,0.1318,0.0,0.0,0.0,0
0.0,0.0,0.5,0.5,0,0,0.8,7.6020599913279625,7.698970004336019,1.0,-1.0,74.0,0.0,0.0,0.0,0,0,2,0.0,0.0,0.0,0.0,0.0,0.0,0.0,0.0,1.369,0.0,1.686,0.0,-0.317,0.0,-0.169,0.0,0.8614395670308376,0.0,0.5644751741416288,0.0,0.0,0.2693,0.0,0.0,0.0,1
0.0,0.0,0.5,0.5,0,0,7.083333333333333,8.929418925714293,8.079181246047625,9.299999999999997,1.5,87.5,0.0,0.0,0.0,1,2,8,-1.0,3.0,0.0,0.04999999999999993,0.13999999999999999,0.48,0.6000000000000001,0.19999999999999996,2.592,1.6,0.939,1.705,1.653,-0.1049999999999999,0.108,0.7,0.9731844800911872,1.397464068315691,0.4399949494659632,0.4263279905841928,0.6413,0.0,0.2269,0.7296,0.0546,1
0.0,0.0,0.5,0.5,0,0,17.0,8.929418925714293,7.698970004336019,13.799999999999997,5.0,87.5,0.0,0.0,0.0,1,2,15,-1.0,3.0,0.0,0.04999999999999993,0.13999999999999999,0.48,0.6000000000000001,0.19999999999999996,2.592,0.0,0.939,0.0,1.653,0.0,0.108,0.0,0.9731844800911872,0.0,0.4399949494659632,0.0,0.6413,0.2693,0.2269,0.7296,0.0546,1
0.0,0.0,0.5,0.5,0,0,3.0,8.079181246047625,7.6020599913279625,3.5,4.5,78.0,0.0,0.0,0.0,0,0,5,0.0,0.0,0.0,0.0,0.0,0.0,0.0,0.0,1.6,1.369,1.705,1.686,-0.1049999999999999,-0.317,0.7,-0.169,1.397464068315691,0.8614395670308376,0.4263279905841928,0.5644751741416288,0.0,0.0,0.0,0.0,0.0,0
0.0,0.0,0.5,0.5,0,0,0.5555555555555556,8.397940008672037,8.653212513775344,-3.0,-3.0,81.0,0.0,0.0,0.0,-2,-5,-11,1.3999999999999986,1.0,1500.0,-0.04999999999999993,0.020000000000000004,-0.25,-0.30000000000000004,-0.09999999999999998,1.752,2.161,1.546,1.17,0.206,0.991,0.048,0.439,0.9886736370672355,1.0807602735652382,0.4680645729431405,0.5795295026523193,0.5271,0.172,0.2408,0.6933,0.0563,0
0.0,0.0,0.5,0.5,0,0,0.045454545454545456,7.698970004336019,9.041392685158225,-14.5,-9.5,70.0,0.0,0.0,0.0,-2,-7,-15,0.3000000000000007,-10.0,200.0,0.0,0.0,-0.52,-0.7000000000000002,-0.09999999999999998,0.0,2.804,0.0,0.5599999999999999,0.0,2.244,0.0,0.296,0.0,1.0649770760444726,0.0,0.2852756951130297,0.5263,0.2349,0.2429,0.8909,0.0788,1
0.0,0.0,0.5,0.5,0,0,0.041666666666666664,7.698970004336019,9.079181246047625,-14.0,-8.0,70.0,0.0,0.0,0.0,-1,-3,-15,0.10000000000000142,-7.0,500.0,0.0,-0.18000000000000002,-0.58,-0.40000000000000013,-0.09999999999999998,0.0,2.341,0.0,1.067,0.0,1.274,0.0,0.359,0.0,1.1426634743995732,0.0,0.2724559087673128,0.423,0.228,0.3313,0.636,0.0569,0
0.0,0.0,0.5,0.5,0,0,0.23529411764705882,8.301029995663981,8.929418925714293,-7.0,-4.5,81.0,0.0,0.0,0.0,-3,-2,-6,-1.0,-20.0,1500.0,-0.04999999999999993,0.020000000000000004,-0.44999999999999996,-0.8000000000000003,-0.19999999999999996,1.599,2.884,1.173,0.95,0.426,1.934,0.1009999999999999,0.616,0.9320745946735548,1.2457596956683417,0.3812100616603805,0.4170851232062826,0.4719,0.1927,0.2898,0.8452,0.0678,0
0.0,0.0,0.5,0.5,0,0,0.7083333333333334,8.929418925714293,9.079181246047625,0.0,0.5,88.0,0.0,0.0,0.0,2,3,2,1.1000000000000014,13.0,-1000.0,0.04999999999999993,-0.2,-0.13,0.40000000000000013,0.09999999999999998,2.884,2.341,0.95,1.067,1.934,1.274,0.616,0.359,1.2457596956683417,1.1426634743995732,0.4170851232062826,0.2724559087673128,0.6331,0.228,0.1742,0.6174,0.0833,0
0.0,0.0,0.5,0.5,0,0,4.0,8.301029995663981,7.698970004336019,7.0,4.0,81.0,0.0,0.0,0.0,0,4,11,0.0,0.0,0.0,0.0,0.0,0.0,0.0,0.0,1.599,0.0,1.173,0.0,0.426,0.0,0.1009999999999999,0.0,0.9320745946735548,0.0,0.3812100616603805,0.0,0.4719,0.2457,0.2898,0.8452,0.0678,1
0.0,0.0,0.5,0.5,0,0,6.0,9.079181246047625,8.301029995663981,7.0,4.0,88.5,0.0,0.0,0.0,1,-1,4,-0.10000000000000142,7.0,-500.0,0.0,0.18000000000000002,0.58,0.40000000000000013,0.09999999999999998,2.341,1.599,1.067,1.173,1.274,0.426,0.359,0.1009999999999999,1.1426634743995732,0.9320745946735548,0.2724559087673128,0.3812100616603805,0.6109,0.2383,0.1611,0.6545,0.0492,0
0.0,0.0,0.5,0.5,0,0,17.0,8.929418925714293,7.698970004336019,14.0,8.5,88.0,0.0,0.0,0.0,3,6,17,1.0,20.0,-1500.0,0.04999999999999993,-0.020000000000000004,0.44999999999999996,0.8000000000000003,0.19999999999999996,2.884,0.0,0.95,0.0,1.934,0.0,0.616,0.0,1.2457596956683417,0.0,0.4170851232062826,0.0,0.6331,0.2457,0.1742,0.6174,0.0833,1
0.0,0.0,0.5,0.5,0,0,0.7,7.544068044350276,7.698970004336019,1.5,-1.5,74.5,0.0,0.0,0.0,0,0,5,0.0,0.0,0.0,0.0,0.55,-0.38,0.0,0.0,1.287,0.0,1.825,0.0,-0.5379999999999999,0.0,-0.187,0.0,0.9046575994599472,0.0,0.3522010158354963,0.0,0.3822,0.0,0.3501,0.6855,0.0418,0
0.0,0.0,0.5,0.5,0,0,0.06666666666666667,7.698970004336019,8.8750612633917,-13.0,-7.5,70.0,0.0,0.0,0.0,-4,-13,-12,-0.6999999999999993,-9.0,-200.0,0.050000000000000044,-0.12,-0.44999999999999996,-0.30000000000000004,0.0,0.0,2.428,0.0,0.876,0.0,1.552,0.0,-0.0279999999999999,0.0,0.9223655810598944,0.0,0.4258533915693417,0.5138,0.223,0.2154,0.6021,0.0655,0
0.0,0.0,0.5,0.5,0,0,1.4285714285714286,7.698970004336019,7.544068044350276,-1.5,1.5,70.0,0.0,0.0,0.0,0,0,2,0.0,0.0,0.0,0.0,-0.55,0.38,0.0,0.0,0.0,1.287,0.0,1.825,0.0,-0.5379999999999999,0.0,-0.187,0.0,0.9046575994599472,0.0,0.3522010158354963,0.5138,0.2677,0.2154,0.6021,0.0655,1
0.0,0.0,0.5,0.5,0,0,15.0,8.8750612633917,7.698970004336019,13.0,7.5,86.5,0.0,0.0,0.0,4,13,19,0.6999999999999993,9.0,200.0,-0.050000000000000044,0.12,0.44999999999999996,0.30000000000000004,0.0,2.428,0.0,0.876,0.0,1.552,0.0,-0.0279999999999999,0.0,0.9223655810598944,0.0,0.4258533915693417,0.0,0.5733,0.0,0.2037,0.6876,0.0583,0
0.0,0.0,0.5,0.5,0,0,21.428571428571427,8.8750612633917,7.544068044350276,11.5,9.0,86.5,0.0,0.0,0.0,4,13,14,0.6999999999999993,9.0,200.0,-0.050000000000000044,-0.43000000000000005,0.83,0.30000000000000004,0.0,2.428,1.287,0.876,1.825,1.552,-0.5379999999999999,-0.0279999999999999,-0.187,0.9223655810598944,0.9046575994599472,0.4258533915693417,0.3522010158354963,0.5733,0.2677,0.2037,0.6876,0.0583,1
0.0,0.0,0.5,0.5,0,0,1.0,7.698970004336019,7.698970004336019,0.0,0.0,70.0,0.0,0.0,0.0,0,0,-7,0.0,0.0,0.0,0.0,0.0,0.0,0.0,0.0,0.0,0.0,0.0,0.0,0.0,0.0,0.0,0.0,0.0,0.0,0.0,0.0,0.0,0.2709,0.0,0.0,0.0,0
0.0,0.0,0.5,0.5,0,0,0.15625,7.698970004336019,8.505149978319906,-8.0,-5.0,70.0,0.0,0.0,0.0,0,-1,-10,1.3999999999999986,-1.0,7000.0,-0.25,0.020000000000000004,-0.17999999999999994,-0.10000000000000009,0.0,0.0,1.7120000000000002,0.0,1.179,0.0,0.5329999999999999,0.0,0.088,0.0,1.1043395370402465,0.0,0.3105121217887923,0.5587,0.2715,0.2233,0.8282,0.0681,1
0.0,0.0,0.5,0.5,0,0,5.0,8.954242509439325,8.255272505103306,7.5,4.5,87.0,0.0,0.0,0.0,0,1,-3,0.6999999999999993,13.0,-2000.0,0.09999999999999998,0.039999999999999994,0.42000000000000004,0.7999999999999998,0.09999999999999998,2.591,1.7420000000000002,0.97,1.473,1.621,0.269,0.709,0.758,1.1798394922132849,1.5093139957020203,0.3362356977544835,0.4204177816305003,0.692,0.2727,0.1045,0.6599,0.0657,0
0.0,0.0,0.5,0.5,0,0,18.0,8.954242509439325,7.698970004336019,13.5,6.5,87.0,0.0,0.0,0.0,0,2,7,0.6999999999999993,13.0,0.0,0.04999999999999993,0.01999999999999999,0.4,1.0,0.09999999999999998,2.591,0.0,0.97,0.0,1.621,0.0,0.709,0.0,1.1798394922132849,0.0,0.3362356977544835,0.0,0.692,0.2179,0.1045,0.6599,0.0657,1
0.0,0.0,0.5,0.5,0,0,0.5625,8.255272505103306,8.505149978319906,-2.0,-3.0,81.0,0.0,0.0,0.0,0,0,0,1.3999999999999986,-1.0,9000.0,-0.30000000000000004,0.0,-0.19999999999999996,0.10000000000000009,0.0,1.7420000000000002,1.7120000000000002,1.473,1.179,0.269,0.5329999999999999,0.758,0.088,1.5093139957020203,1.1043395370402465,0.4204177816305003,0.3105121217887923,0.613,0.2715,0.1143,0.8314,0.0437,0
0.0,0.0,0.5,0.5,0,0,17.0,8.929418925714293,7.698970004336019,13.799999999999997,5.0,87.5,0.0,0.0,0.0,1,2,15,-1.0,3.0,0.0,0.04999999999999993,0.13999999999999999,0.48,0.6000000000000001,0.19999999999999996,2.592,0.0,0.939,0.0,1.653,0.0,0.108,0.0,0.9731844800911872,0.0,0.4399949494659632,0.0,0.6413,0.0,0.2269,0.7296,0.0546,0
0.0,0.0,0.5,0.5,0,0,0.8,8.301029995663981,8.397940008672037,0.0,-2.0,81.0,0.0,0.0,0.0,0,4,9,-0.8999999999999986,-7.0,0.0,0.0,0.0,0.0,0.0,0.0,1.599,1.752,1.173,1.546,0.426,0.206,0.1009999999999999,0.048,0.9320745946735548,0.9886736370672355,0.3812100616603805,0.4680645729431405,0.4719,0.2322,0.2898,0.8452,0.0678,0
0.0,0.0,0.5,0.5,0,0,0.041666666666666664,7.698970004336019,9.079181246047625,-14.0,-8.0,70.0,0.0,0.0,0.0,-1,-3,-15,0.10000000000000142,-7.0,500.0,0.0,-0.18000000000000002,-0.58,-0.40000000000000013,-0.09999999999999998,0.0,2.341,0.0,1.067,0.0,1.274,0.0,0.359,0.0,1.1426634743995732,0.0,0.2724559087673128,0.5263,0.228,0.2429,0.8909,0.0788,0
0.0,0.0,0.5,0.5,0,0,6.25,8.8750612633917,8.079181246047625,8.5,4.0,86.5,0.0,0.0,0.0,4,13,12,0.6999999999999993,9.0,200.0,-0.050000000000000044,0.12,0.44999999999999996,0.30000000000000004,0.0,2.428,1.6,0.876,1.705,1.552,-0.1049999999999999,-0.0279999999999999,0.7,0.9223655810598944,1.397464068315691,0.4258533915693417,0.4263279905841928,0.5733,0.0,0.2037,0.6876,0.0583,1
0.0,0.0,0.5,0.5,0,0,10.0,8.698970004336019,7.698970004336019,10.5,4.5,84.5,0.0,0.0,0.0,0,2,13,1.3000000000000007,15.0,300.0,-0.050000000000000044,-0.020000000000000004,0.35,0.20000000000000018,0.04999999999999999,2.002,0.0,1.323,0.0,0.6789999999999999,0.0,-0.1019999999999999,0.0,0.9431066534244954,0.0,0.3376651859131732,0.0,0.5783,0.0,0.2167,0.8053,0.062,1
0.0,0.0,0.5,0.5,0,0,0.24,7.778151250383644,8.397940008672037,-5.0,0.0,76.0,0.0,0.0,0.0,0,0,-1,0.1999999999999993,-3.0,-1500.0,0.050000000000000044,0.04000000000000001,-0.21999999999999997,-0.8000000000000003,-0.04999999999999999,1.372,2.019,1.892,1.24,-0.5199999999999999,0.7789999999999999,0.628,0.6809999999999999,1.5354699312272966,1.3873215883112155,0.2863098554596634,0.4047893828208005,0.0,0.2578,0.0,0.0,0.0,0
0.0,0.0,0.5,0.5,0,0,0.12,7.778151250383644,8.698970004336019,-8.0,-3.5,76.0,0.0,0.0,0.0,0,-2,-8,-1.3000000000000007,-15.0,-300.0,0.050000000000000044,0.020000000000000004,-0.35,-0.20000000000000018,-0.04999999999999999,1.372,2.002,1.892,1.323,-0.5199999999999999,0.6789999999999999,0.628,-0.1019999999999999,1.5354699312272966,0.9431066534244954,0.2863098554596634,0.3376651859131732,0.0,0.205,0.0,0.0,0.0,0
0.0,0.0,0.5,0.5,0,0,5.0,8.397940008672037,7.698970004336019,7.5,1.0,80.5,0.0,0.0,0.0,0,0,6,-0.1999999999999993,3.0,1500.0,-0.050000000000000044,-0.04000000000000001,0.21999999999999997,0.8000000000000003,0.04999999999999999,2.019,0.0,1.24,0.0,0.7789999999999999,0.0,0.6809999999999999,0.0,1.3873215883112155,0.0,0.4047893828208005,0.0,0.5328,0.0,0.2094,0.6017,0.0808,1
0.0,0.0,0.5,0.5,0,0,0.8333333333333334,7.698970004336019,7.778151250383644,-2.5,-1.0,70.0,0.0,0.0,0.0,0,0,-5,0.0,0.0,0.0,0.0,0.0,0.0,0.0,0.0,0.0,1.372,0.0,1.892,0.0,-0.5199999999999999,0.0,0.628,0.0,1.5354699312272966,0.0,0.2863098554596634,0.0,0.0,0.0,0.0,0.0,1
0.0,0.0,0.5,0.5,0,0,0.5,8.397940008672037,8.698970004336019,-3.0,-3.5,80.5,0.0,0.0,0.0,0,-2,-7,-1.5,-12.0,1200.0,0.0,-0.020000000000000004,-0.13,0.6000000000000001,0.0,2.019,2.002,1.24,1.323,0.7789999999999999,0.6789999999999999,0.6809999999999999,-0.1019999999999999,1.3873215883112155,0.9431066534244954,0.4047893828208005,0.3376651859131732,0.5328,0.205,0.2094,0.6017,0.0808,0
0.0,0.0,0.5,0.5,0,0,0.7142857142857143,8.301029995663981,8.44715803134222,-3.0,3.0,80.0,0.0,0.0,0.0,0,-3,-2,-2.8999999999999986,-18.0,-3500.0,0.15000000000000002,0.0,-0.29999999999999993,0.0,0.0,1.939,2.037,1.535,1.185,0.404,0.852,0.461,-0.737,1.1305019881189966,0.6589823082323523,0.3306374315033177,0.3983312412776303,0.5346,0.1764,0.2295,0.6943,0.0654,1
0.0,0.0,0.5,0.5,0,0,4.4,8.342422680822207,7.698970004336019,7.0,3.5,80.0,0.0,0.0,0.0,0,0,16,0.3999999999999986,11.0,-7500.0,0.29999999999999993,0.09999999999999998,-0.57,-0.09999999999999987,-0.050000000000000044,1.7739999999999998,0.0,1.399,0.0,0.375,0.0,-0.2739999999999999,0.0,0.8012143853944391,0.0,0.301485212462126,0.0,0.5765,0.0,0.2085,0.7166,0.0536,0
0.0,0.0,0.5,0.5,0,0,1.1,8.342422680822207,8.301029995663981,0.5,-2.5,80.0,0.0,0.0,0.0,0,0,13,1.5999999999999979,12.0,-4000.0,0.1499999999999999,0.24999999999999997,-0.12,-0.09999999999999987,-0.050000000000000044,1.7739999999999998,1.939,1.399,1.535,0.375,0.404,-0.2739999999999999,0.461,0.8012143853944391,1.1305019881189966,0.301485212462126,0.3306374315033177,0.5765,0.236,0.2085,0.7166,0.0536,1
0.0,0.0,0.5,0.5,0,0,0.17857142857142858,7.698970004336019,8.44715803134222,-9.5,-3.0,70.0,0.0,0.0,0.0,0,-3,-5,-1.6999999999999993,-17.0,0.0,0.0,0.15,0.15000000000000002,0.0,0.0,0.0,2.037,0.0,1.185,0.0,0.852,0.0,-0.737,0.0,0.6589823082323523,0.0,0.3983312412776303,0.0,0.1764,0.0,0.0,0.0,0
0.0,0.0,0.5,0.5,0,0,0.25,7.698970004336019,8.301029995663981,-6.5,-6.0,70.0,0.0,0.0,0.0,0,0,-3,1.1999999999999993,1.0,3500.0,-0.15000000000000002,0.15,0.44999999999999996,0.0,0.0,0.0,1.939,0.0,1.535,0.0,0.404,0.0,0.461,0.0,1.1305019881189966,0.0,0.3306374315033177,0.0,0.236,0.0,0.0,0.0,1
0.0,0.0,0.5,0.5,0,0,1.2727272727272727,8.44715803134222,8.342422680822207,2.5,-0.5,83.5,0.0,0.0,0.0,0,3,-11,1.3000000000000007,6.0,7500.0,-0.29999999999999993,-0.24999999999999997,0.41999999999999993,0.09999999999999987,0.050000000000000044,2.037,1.7739999999999998,1.185,1.399,0.852,0.375,-0.737,-0.2739999999999999,0.6589823082323523,0.8012143853944391,0.3983312412776303,0.301485212462126,0.6025,0.215,0.2211,0.6103,0.0855,0
0.0,0.0,0.5,0.5,0,0,3.6,8.255272505103306,7.698970004336019,6.0,2.0,81.0,0.0,0.0,0.0,0,1,10,0.0,0.0,2000.0,-0.050000000000000044,-0.020000000000000004,-0.020000000000000018,0.20000000000000018,0.0,1.7420000000000002,0.0,1.473,0.0,0.269,0.0,0.758,0.0,1.5093139957020203,0.0,0.4204177816305003,0.0,0.613,0.0,0.1143,0.8314,0.0437,1
0.0,0.0,0.5,0.5,0,0,4.583333333333333,9.041392685158225,8.380211241711606,7.0,5.0,89.0,0.0,0.0,0.0,2,7,4,-0.9000000000000021,0.0,-200.0,0.0,0.0,0.52,0.7000000000000002,0.09999999999999998,2.804,1.6960000000000002,0.5599999999999999,1.391,2.244,0.305,0.296,-0.196,1.0649770760444726,0.8891132124050513,0.2852756951130297,0.3092715455532385,0.7185,0.2319,0.05,0.6062,0.0885,0
0.0,0.0,0.5,0.5,0,0,6.111111111111111,9.041392685158225,8.255272505103306,8.5,7.5,89.0,0.0,0.0,0.0,2,6,5,-0.3000000000000007,10.0,-2200.0,0.050000000000000044,0.020000000000000004,0.54,0.5,0.09999999999999998,2.804,1.7420000000000002,0.5599999999999999,1.473,2.244,0.269,0.296,0.758,1.0649770760444726,1.5093139957020203,0.2852756951130297,0.4204177816305003,0.7185,0.2727,0.05,0.6062,0.0885,0
0.0,0.0,0.5,0.5,0,0,0.20833333333333334,7.698970004336019,8.380211241711606,-7.5,-4.5,70.0,0.0,0.0,0.0,0,0,-11,-0.6000000000000014,-10.0,0.0,0.0,0.0,0.0,0.0,0.0,0.0,1.6960000000000002,0.0,1.391,0.0,0.305,0.0,-0.196,0.0,0.8891132124050513,0.0,0.3092715455532385,0.0,0.2319,0.0,0.0,0.0,0
0.0,0.0,0.5,0.5,0,0,0.045454545454545456,7.698970004336019,9.041392685158225,-14.5,-9.5,70.0,0.0,0.0,0.0,-2,-7,-15,0.3000000000000007,-10.0,200.0,0.0,0.0,-0.52,-0.7000000000000002,-0.09999999999999998,0.0,2.804,0.0,0.5599999999999999,0.0,2.244,0.0,0.296,0.0,1.0649770760444726,0.0,0.2852756951130297,0.0,0.2349,0.0,0.0,0.0,0
0.0,0.0,0.5,0.5,0,0,1.3333333333333333,8.380211241711606,8.255272505103306,1.5,2.5,81.5,0.0,0.0,0.0,0,-1,1,0.6000000000000014,10.0,-2000.0,0.050000000000000044,0.020000000000000004,0.020000000000000018,-0.20000000000000018,0.0,1.6960000000000002,1.7420000000000002,1.391,1.473,0.305,0.269,-0.196,0.758,0.8891132124050513,1.5093139957020203,0.3092715455532385,0.4204177816305003,0.6244,0.2727,0.1437,0.6265,0.0498,1
0.0,0.0,0.5,0.5,0,0,17.0,8.929418925714293,7.698970004336019,13.799999999999997,5.0,87.5,0.0,0.0,0.0,1,2,15,-1.0,3.0,0.0,0.04999999999999993,0.13999999999999999,0.48,0.6000000000000001,0.19999999999999996,2.592,0.0,0.939,0.0,1.653,0.0,0.108,0.0,0.9731844800911872,0.0,0.4399949494659632,0.0,0.6413,0.3229,0.2269,0.7296,0.0546,1
0.0,0.0,0.5,0.5,0,0,1.7142857142857142,7.778151250383644,7.544068044350276,1.0,2.5,76.0,0.0,0.0,0.0,0,0,0,0.0,0.0,0.0,0.0,-0.55,0.38,0.0,0.0,1.372,1.287,1.892,1.825,-0.5199999999999999,-0.5379999999999999,0.628,-0.187,1.5354699312272966,0.9046575994599472,0.2863098554596634,0.3522010158354963,0.0,0.2677,0.0,0.0,0.0,0
0.0,0.0,0.5,0.5,0,0,0.7,7.544068044350276,7.698970004336019,1.5,-1.5,74.5,0.0,0.0,0.0,0,0,5,0.0,0.0,0.0,0.0,0.55,-0.38,0.0,0.0,1.287,0.0,1.825,0.0,-0.5379999999999999,0.0,-0.187,0.0,0.9046575994599472,0.0,0.3522010158354963,0.0,0.3822,0.3229,0.3501,0.6855,0.0418,0
0.0,0.0,0.5,0.5,0,0,14.166666666666666,8.929418925714293,7.778151250383644,11.299999999999997,4.0,87.5,0.0,0.0,0.0,1,2,10,-1.0,3.0,0.0,0.04999999999999993,0.13999999999999999,0.48,0.6000000000000001,0.19999999999999996,2.592,1.372,0.939,1.892,1.653,-0.5199999999999999,0.108,0.628,0.9731844800911872,1.5354699312272966,0.4399949494659632,0.2863098554596634,0.6413,0.0,0.2269,0.7296,0.0546,1
0.0,0.0,0.5,0.5,0,0,0.041176470588235294,7.544068044350276,8.929418925714293,-12.299999999999997,-6.5,74.5,0.0,0.0,0.0,-1,-2,-10,1.0,-3.0,0.0,-0.04999999999999993,0.41000000000000003,-0.86,-0.6000000000000001,-0.19999999999999996,1.287,2.592,1.825,0.939,-0.5379999999999999,1.653,-0.187,0.108,0.9046575994599472,0.9731844800911872,0.3522010158354963,0.4399949494659632,0.3822,0.1318,0.3501,0.6855,0.0418,0
0.0,0.0,0.5,0.5,0,0,0.8333333333333334,7.698970004336019,7.778151250383644,-2.5,-1.0,70.0,0.0,0.0,0.0,0,0,-5,0.0,0.0,0.0,0.0,0.0,0.0,0.0,0.0,0.0,1.372,0.0,1.892,0.0,-0.5199999999999999,0.0,0.628,0.0,1.5354699312272966,0.0,0.2863098554596634,0.4338,0.0,0.2432,0.7017,0.0575,1
0.0,0.0,0.5,0.5,0,0,3.75,8.8750612633917,8.301029995663981,6.0,3.5,86.5,0.0,0.0,0.0,4,9,8,0.6999999999999993,9.0,200.0,-0.050000000000000044,0.12,0.44999999999999996,0.30000000000000004,0.0,2.428,1.599,0.876,1.173,1.552,0.426,-0.0279999999999999,0.1009999999999999,0.9223655810598944,0.9320745946735548,0.4258533915693417,0.3812100616603805,0.5733,0.2383,0.2037,0.6876,0.0583,1
0.0,0.0,0.5,0.5,0,0,3.8636363636363638,8.929418925714293,8.342422680822207,7.0,5.0,88.0,0.0,0.0,0.0,3,6,1,0.6000000000000014,9.0,6000.0,-0.25,-0.26999999999999996,0.57,0.9000000000000001,0.25,2.884,1.7739999999999998,0.95,1.399,1.934,0.375,0.616,-0.2739999999999999,1.2457596956683417,0.8012143853944391,0.4170851232062826,0.301485212462126,0.6331,0.215,0.1742,0.6174,0.0833,1
0.0,0.0,0.5,0.5,0,0,6.0,9.079181246047625,8.301029995663981,7.5,2.0,88.5,0.0,0.0,0.0,1,3,12,1.0999999999999979,8.0,3000.0,-0.15000000000000002,0.18000000000000002,0.58,0.40000000000000013,0.09999999999999998,2.341,1.939,1.067,1.535,1.274,0.404,0.359,0.461,1.1426634743995732,1.1305019881189966,0.2724559087673128,0.3306374315033177,0.6109,0.236,0.1611,0.6545,0.0492,1
0.0,0.0,0.5,0.5,0,0,1.3846153846153846,8.954242509439325,8.812913356642856,1.0,-2.0,87.0,0.0,0.0,0.0,0,-3,-3,0.5999999999999979,9.0,-200.0,0.09999999999999998,-0.03,0.020000000000000018,0.5,0.09999999999999998,2.591,2.645,0.97,0.751,1.621,1.894,0.709,-0.2449999999999999,1.1798394922132849,0.9060118494310764,0.3362356977544835,0.3351699403122077,0.692,0.219,0.1045,0.6599,0.0657,1
0.0,0.0,0.5,0.5,0,0,4.4,8.342422680822207,7.698970004336019,7.0,3.5,80.0,0.0,0.0,0.0,0,0,16,0.3999999999999986,11.0,-7500.0,0.29999999999999993,0.24999999999999997,-0.12,-0.09999999999999987,-0.050000000000000044,1.7739999999999998,0.0,1.399,0.0,0.375,0.0,-0.2739999999999999,0.0,0.8012143853944391,0.0,0.301485212462126,0.0,0.5765,0.0,0.2085,0.7166,0.0536,0
0.0,0.0,0.5,0.5,0,0,20.0,8.954242509439325,7.653212513775344,11.0,5.0,87.0,0.0,0.0,0.0,0,2,7,0.6999999999999993,13.0,0.0,0.04999999999999993,0.01999999999999999,0.4,1.0,0.09999999999999998,2.591,1.375,0.97,1.632,1.621,-0.257,0.709,0.125,1.1798394922132849,1.078173606970716,0.3362356977544835,0.5094932122544257,0.692,0.3694,0.1045,0.6599,0.0657,1
0.0,0.0,0.5,0.5,0,0,4.090909090909091,8.954242509439325,8.342422680822207,6.5,3.0,87.0,0.0,0.0,0.0,0,2,-9,0.3000000000000007,2.0,7500.0,-0.25,-0.22999999999999998,0.52,1.0999999999999999,0.15000000000000002,2.591,1.7739999999999998,0.97,1.399,1.621,0.375,0.709,-0.2739999999999999,1.1798394922132849,0.8012143853944391,0.3362356977544835,0.301485212462126,0.692,0.215,0.1045,0.6599,0.0657,1
0.0,0.0,0.5,0.5,0,0,0.9,7.653212513775344,7.698970004336019,2.5,1.5,76.5,0.0,0.0,0.0,0,0,0,0.0,0.0,0.0,0.0,0.0,0.0,0.0,0.0,1.375,0.0,1.632,0.0,-0.257,0.0,0.125,0.0,1.078173606970716,0.0,0.5094932122544257,0.0,0.4759,0.0,0.1547,0.6154,0.0539,0
0.0,0.0,0.5,0.5,0,0,2.2857142857142856,8.505149978319906,8.146128035678238,2.200000000000003,0.5,81.5,0.0,0.0,0.0,0,1,2,-1.3999999999999986,1.0,-7000.0,0.25,-0.020000000000000004,0.17999999999999994,0.10000000000000009,0.0,1.7120000000000002,1.703,1.179,1.254,0.5329999999999999,0.449,0.088,-0.003,1.1043395370402465,0.9933921093956526,0.3105121217887923,0.3840153353419336,0.5541,0.284,0.1745,0.6843,0.0671,0
0.0,0.0,0.5,0.5,0,0,0.2777777777777778,7.698970004336019,8.255272505103306,-5.5,-4.0,70.0,0.0,0.0,0.0,0,0,-3,0.0,0.0,0.0,0.0,0.15,0.44999999999999996,0.0,0.0,0.0,1.722,0.0,1.303,0.0,0.4189999999999999,0.0,-0.3219999999999999,0.0,0.8146990443402252,0.0,0.2966779024089556,0.0,0.2452,0.0,0.0,0.0,1
0.0,0.0,0.5,0.5,0,0,0.7777777777777778,8.146128035678238,8.255272505103306,0.29999999999999716,0.5,79.5,0.0,0.0,0.0,0,0,5,0.0,0.0,0.0,0.0,0.0,0.0,0.0,0.0,1.703,1.722,1.254,1.303,0.449,0.4189999999999999,-0.003,-0.3219999999999999,0.9933921093956526,0.8146990443402252,0.3840153353419336,0.2966779024089556,0.3693,0.2452,0.3467,0.7936,0.0487,0
0.0,0.0,0.5,0.5,0,0,0.15625,7.698970004336019,8.505149978319906,-8.0,-5.0,70.0,0.0,0.0,0.0,0,-1,-10,1.3999999999999986,-1.0,7000.0,-0.25,0.16999999999999998,0.27,-0.10000000000000009,0.0,0.0,1.7120000000000002,0.0,1.179,0.0,0.5329999999999999,0.0,0.088,0.0,1.1043395370402465,0.0,0.3105121217887923,0.0,0.2715,0.0,0.0,0.0,0
0.0,0.0,0.5,0.5,0,0,2.8,8.146128035678238,7.698970004336019,5.799999999999997,4.5,79.5,0.0,0.0,0.0,0,0,8,0.0,0.0,0.0,0.0,-0.15,-0.44999999999999996,0.0,0.0,1.703,0.0,1.254,0.0,0.449,0.0,-0.003,0.0,0.9933921093956526,0.0,0.3840153353419336,0.0,0.3693,0.0,0.3467,0.7936,0.0487,0
0.0,0.0,0.5,0.5,0,0,0.5625,8.255272505103306,8.505149978319906,-2.5,-1.0,79.5,0.0,0.0,0.0,0,-1,-7,1.3999999999999986,-1.0,7000.0,-0.25,0.020000000000000004,-0.17999999999999994,-0.10000000000000009,0.0,1.722,1.7120000000000002,1.303,1.179,0.4189999999999999,0.5329999999999999,-0.3219999999999999,0.088,0.8146990443402252,1.1043395370402465,0.2966779024089556,0.3105121217887923,0.4691,0.2715,0.2857,0.6684,0.0614,1
0.0,0.0,0.5,0.5,0,0,0.18,7.653212513775344,8.397940008672037,-5.5,1.0,75.5,0.0,0.0,0.0,0,0,-1,0.1999999999999993,-3.0,-1500.0,0.050000000000000044,0.04000000000000001,-0.21999999999999997,-0.8000000000000003,-0.04999999999999999,1.298,2.019,1.684,1.24,-0.386,0.7789999999999999,0.202,0.6809999999999999,1.2667385824722657,1.3873215883112155,0.4647293118938521,0.4047893828208005,0.5865,0.2578,0.1176,0.8662,0.0636,1
0.0,0.0,0.5,0.5,0,0,3.5714285714285716,9.0,8.44715803134222,4.0,4.0,87.5,0.0,0.0,0.0,5,8,16,-1.3999999999999986,-4.0,-2500.0,0.09999999999999998,-0.04000000000000001,0.12,0.5,0.09999999999999998,2.451,2.037,0.825,1.185,1.626,0.852,0.349,-0.737,1.1980330911358643,0.6589823082323523,0.3834478089938996,0.3983312412776303,0.6748,0.1764,0.1307,0.8196,0.0699,1
0.0,0.0,0.5,0.5,0,0,0.8928571428571429,8.397940008672037,8.44715803134222,-2.0,-2.0,80.5,0.0,0.0,0.0,0,-3,1,-1.8999999999999986,-14.0,1500.0,-0.050000000000000044,-0.04000000000000001,-0.07999999999999996,0.8000000000000003,0.04999999999999999,2.019,2.037,1.24,1.185,0.7789999999999999,0.852,0.6809999999999999,-0.737,1.3873215883112155,0.6589823082323523,0.4047893828208005,0.3983312412776303,0.5328,0.1764,0.2094,0.6017,0.0808,0
0.0,0.0,0.5,0.5,0,0,22.22222222222222,9.0,7.653212513775344,11.5,5.0,87.5,0.0,0.0,0.0,5,11,16,0.3000000000000007,13.0,-2500.0,0.09999999999999998,-0.04000000000000001,0.41999999999999993,0.5,0.09999999999999998,2.451,1.298,0.825,1.684,1.626,-0.386,0.349,0.202,1.1980330911358643,1.2667385824722657,0.3834478089938996,0.4647293118938521,0.6748,0.2959,0.1307,0.8196,0.0699,1
0.0,0.0,0.5,0.5,0,0,0.25,8.397940008672037,9.0,-6.0,-6.0,80.5,0.0,0.0,0.0,-5,-11,-15,-0.5,-10.0,4000.0,-0.15000000000000002,0.0,-0.19999999999999996,0.30000000000000027,-0.04999999999999999,2.019,2.451,1.24,0.825,0.7789999999999999,1.626,0.6809999999999999,0.349,1.3873215883112155,1.1980330911358643,0.4047893828208005,0.3834478089938996,0.5328,0.1945,0.2094,0.6017,0.0808,0
0.0,0.0,0.5,0.5,0,0,6.222222222222222,8.44715803134222,7.653212513775344,7.5,1.0,83.5,0.0,0.0,0.0,0,3,0,1.6999999999999993,17.0,0.0,0.0,0.0,0.29999999999999993,0.0,0.0,2.037,1.298,1.185,1.684,0.852,-0.386,-0.737,0.202,0.6589823082323523,1.2667385824722657,0.3983312412776303,0.4647293118938521,0.6025,0.2959,0.2211,0.6103,0.0855,0
0.0,0.0,0.5,0.5,0,0,0.26666666666666666,8.301029995663981,8.8750612633917,-6.5,-1.5,80.0,0.0,0.0,0.0,-4,-13,-16,-1.8999999999999986,-10.0,-3700.0,0.20000000000000007,-0.12,-0.44999999999999996,-0.30000000000000004,0.0,1.939,2.428,1.535,0.876,0.404,1.552,0.461,-0.0279999999999999,1.1305019881189966,0.9223655810598944,0.3306374315033177,0.4258533915693417,0.5346,0.223,0.2295,0.6943,0.0654,0
0.0,0.0,0.5,0.5,0,0,1.0,7.698970004336019,7.698970004336019,0.0,0.0,70.0,0.0,0.0,0.0,0,0,0,0.0,0.0,0.0,0.0,0.0,0.0,0.0,0.0,0.0,0.0,0.0,0.0,0.0,0.0,0.0,0.0,0.0,0.0,0.0,0.0,0.0,0.2179,0.0,0.0,0.0,0
0.0,0.0,0.5,0.5,0,0,10.0,9.079181246047625,8.079181246047625,9.5,4.5,88.5,0.0,0.0,0.0,1,3,8,-0.10000000000000142,7.0,-500.0,0.0,0.18000000000000002,0.58,0.40000000000000013,0.09999999999999998,2.341,1.6,1.067,1.705,1.274,-0.1049999999999999,0.359,0.7,1.1426634743995732,1.397464068315691,0.2724559087673128,0.4263279905841928,0.6109,0.0,0.1611,0.6545,0.0492,1
0.0,0.0,0.5,0.5,0,0,0.25,7.698970004336019,8.301029995663981,-7.0,-4.0,70.0,0.0,0.0,0.0,0,-4,-11,0.0,0.0,0.0,0.0,0.0,0.0,0.0,0.0,0.0,1.599,0.0,1.173,0.0,0.426,0.0,0.1009999999999999,0.0,0.9320745946735548,0.0,0.3812100616603805,0.0,0.2383,0.0,0.0,0.0,0
0.0,0.0,0.5,0.5,0,0,24.0,9.079181246047625,7.698970004336019,14.0,8.0,88.5,0.0,0.0,0.0,1,3,15,-0.10000000000000142,7.0,-500.0,0.0,0.18000000000000002,0.58,0.40000000000000013,0.09999999999999998,2.341,0.0,1.067,0.0,1.274,0.0,0.359,0.0,1.1426634743995732,0.0,0.2724559087673128,0.0,0.6109,0.0,0.1611,0.6545,0.0492,1
0.0,0.0,0.5,0.5,0,0,1.6666666666666667,8.301029995663981,8.079181246047625,2.5,0.5,81.0,0.0,0.0,0.0,0,4,4,0.0,0.0,0.0,0.0,0.0,0.0,0.0,0.0,1.599,1.6,1.173,1.705,0.426,-0.1049999999999999,0.1009999999999999,0.7,0.9320745946735548,1.397464068315691,0.3812100616603805,0.4263279905841928,0.4719,0.0,0.2898,0.8452,0.0678,1
0.0,0.0,0.5,0.5,0,0,0.16666666666666666,8.301029995663981,9.079181246047625,-7.0,-4.0,81.0,0.0,0.0,0.0,-1,1,-4,0.10000000000000142,-7.0,500.0,0.0,-0.18000000000000002,-0.58,-0.40000000000000013,-0.09999999999999998,1.599,2.341,1.173,1.067,0.426,1.274,0.1009999999999999,0.359,0.9320745946735548,1.1426634743995732,0.3812100616603805,0.2724559087673128,0.4719,0.228,0.2898,0.8452,0.0678,0
0.0,0.0,0.5,0.5,0,0,2.4,8.079181246047625,7.698970004336019,4.5,3.5,78.0,0.0,0.0,0.0,0,0,7,0.0,0.0,0.0,0.0,0.0,0.0,0.0,0.0,1.6,0.0,1.705,0.0,-0.1049999999999999,0.0,0.7,0.0,1.397464068315691,0.0,0.4263279905841928,0.0,0.0,0.0,0.0,0.0,0.0,1
0.0,0.0,0.5,0.5,0,0,3.4,8.929418925714293,8.397940008672037,6.5,1.5,88.0,0.0,0.0,0.0,3,6,15,1.0,20.0,-1500.0,0.04999999999999993,-0.020000000000000004,0.44999999999999996,0.8000000000000003,0.19999999999999996,2.884,2.05,0.95,1.34,1.934,0.71,0.616,-0.0499999999999999,1.2457596956683417,0.9690345848123084,0.4170851232062826,0.3163682804721246,0.6331,0.0,0.1742,0.6174,0.0833,1
0.0,0.0,0.5,0.5,0,0,0.07692307692307693,7.698970004336019,8.812913356642856,-12.5,-8.5,70.0,0.0,0.0,0.0,0,-5,-10,-0.10000000000000142,-4.0,-200.0,0.050000000000000044,-0.04999999999999999,-0.38,-0.5,0.0,0.0,2.645,0.0,0.751,0.0,1.894,0.0,-0.2449999999999999,0.0,0.9060118494310764,0.0,0.3351699403122077,0.0,0.219,0.0,0.0,0.0,0
0.0,0.0,0.5,0.5,0,0,17.0,8.929418925714293,7.698970004336019,14.0,8.5,88.0,0.0,0.0,0.0,3,6,17,1.0,20.0,-1500.0,0.04999999999999993,-0.020000000000000004,0.44999999999999996,0.8000000000000003,0.19999999999999996,2.884,0.0,0.95,0.0,1.934,0.0,0.616,0.0,1.2457596956683417,0.0,0.4170851232062826,0.0,0.6331,0.0,0.1742,0.6174,0.0833,1
0.0,0.0,0.5,0.5,0,0,2.6,8.812913356642856,8.397940008672037,5.0,1.5,86.0,0.0,0.0,0.0,0,5,8,0.10000000000000142,4.0,200.0,-0.050000000000000044,0.04999999999999999,0.38,0.5,0.0,2.645,2.05,0.751,1.34,1.894,0.71,-0.2449999999999999,-0.0499999999999999,0.9060118494310764,0.9690345848123084,0.3351699403122077,0.3163682804721246,0.5863,0.0,0.1947,0.7823,0.0485,1
0.0,0.0,0.5,0.5,0,0,0.7647058823529411,8.812913356642856,8.929418925714293,-1.5,0.0,86.0,0.0,0.0,0.0,-3,-1,-7,-0.8999999999999986,-16.0,1700.0,-0.09999999999999998,0.06999999999999999,-0.06999999999999995,-0.30000000000000027,-0.19999999999999996,2.645,2.884,0.751,0.95,1.894,1.934,-0.2449999999999999,0.616,0.9060118494310764,1.2457596956683417,0.3351699403122077,0.4170851232062826,0.5863,0.1927,0.1947,0.7823,0.0485,0
0.0,0.0,0.5,0.5,0,0,5.0,8.397940008672037,7.698970004336019,7.5,7.0,81.5,0.0,0.0,0.0,0,0,2,0.0,0.0,0.0,0.0,0.0,0.0,0.0,0.0,2.05,0.0,1.34,0.0,0.71,0.0,-0.0499999999999999,0.0,0.9690345848123084,0.0,0.3163682804721246,0.0,0.0,0.0,0.0,0.0,0.0,1
0.0,0.0,0.5,0.5,0,0,4.888888888888889,8.342422680822207,7.653212513775344,4.5,2.0,80.0,0.0,0.0,0.0,0,0,16,0.3999999999999986,11.0,-7500.0,0.29999999999999993,0.24999999999999997,-0.12,-0.09999999999999987,-0.050000000000000044,1.7739999999999998,1.375,1.399,1.632,0.375,-0.257,-0.2739999999999999,0.125,0.8012143853944391,1.078173606970716,0.301485212462126,0.5094932122544257,0.5765,0.3694,0.2085,0.7166,0.0536,1
0.0,0.0,0.5,0.5,0,0,0.05555555555555555,7.698970004336019,8.954242509439325,-13.5,-6.5,70.0,0.0,0.0,0.0,0,-2,-7,-0.6999999999999993,-13.0,0.0,-0.04999999999999993,-0.01999999999999999,-0.4,-1.0,-0.09999999999999998,0.0,2.591,0.0,0.97,0.0,1.621,0.0,0.709,0.0,1.1798394922132849,0.0,0.3362356977544835,0.0,0.2035,0.0,0.0,0.0,0
0.0,0.0,0.5,0.5,0,0,15.0,8.8750612633917,7.698970004336019,13.0,7.5,86.5,0.0,0.0,0.0,4,13,19,0.6999999999999993,9.0,200.0,-0.050000000000000044,0.12,0.44999999999999996,0.30000000000000004,0.0,2.428,0.0,0.876,0.0,1.552,0.0,-0.0279999999999999,0.0,0.9223655810598944,0.0,0.4258533915693417,0.0,0.5733,0.0,0.2037,0.6876,0.0583,1
0.0,0.0,0.5,0.5,0,0,0.25,7.698970004336019,8.301029995663981,-6.5,-6.0,70.0,0.0,0.0,0.0,0,0,-3,1.1999999999999993,1.0,3500.0,-0.15000000000000002,0.0,0.0,0.0,0.0,0.0,1.939,0.0,1.535,0.0,0.404,0.0,0.461,0.0,1.1305019881189966,0.0,0.3306374315033177,0.5587,0.236,0.2233,0.8282,0.0681,0
0.0,0.0,0.5,0.5,0,0,15.0,8.8750612633917,7.698970004336019,13.0,7.5,86.5,0.0,0.0,0.0,4,13,19,0.6999999999999993,9.0,200.0,-0.050000000000000044,0.12,0.44999999999999996,0.30000000000000004,0.0,2.428,0.0,0.876,0.0,1.552,0.0,-0.0279999999999999,0.0,0.9223655810598944,0.0,0.4258533915693417,0.0,0.5733,0.2179,0.2037,0.6876,0.0583,1
0.0,0.0,0.5,0.5,0,0,4.0,8.301029995663981,7.698970004336019,6.5,6.0,80.0,0.0,0.0,0.0,0,0,3,-1.1999999999999993,-1.0,-3500.0,0.15000000000000002,0.0,0.0,0.0,0.0,1.939,0.0,1.535,0.0,0.404,0.0,0.461,0.0,1.1305019881189966,0.0,0.3306374315033177,0.0,0.5346,0.0,0.2295,0.6943,0.0654,1
0.0,0.0,0.5,0.5,0,0,0.8823529411764706,8.8750612633917,8.929418925714293,-1.0,-1.0,86.5,0.0,0.0,0.0,1,7,2,-0.3000000000000007,-11.0,1700.0,-0.09999999999999998,0.14,0.0,-0.5000000000000002,-0.19999999999999996,2.428,2.884,0.876,0.95,1.552,1.934,-0.0279999999999999,0.616,0.9223655810598944,1.2457596956683417,0.4258533915693417,0.4170851232062826,0.5733,0.1927,0.2037,0.6876,0.0583,0
0.0,0.0,0.5,0.5,0,0,1.0,7.698970004336019,7.698970004336019,0.0,0.0,70.0,0.0,0.0,0.0,0,0,0,0.0,0.0,0.0,0.0,0.15,0.44999999999999996,0.0,0.0,0.0,0.0,0.0,0.0,0.0,0.0,0.0,0.0,0.0,0.0,0.0,0.0,0.0,0.3229,0.0,0.0,0.0,1
0.0,0.0,0.5,0.5,0,0,1.3333333333333333,9.079181246047625,8.954242509439325,0.5,1.5,88.5,0.0,0.0,0.0,1,1,8,-0.8000000000000007,-6.0,-500.0,-0.04999999999999993,0.16000000000000003,0.17999999999999994,-0.5999999999999999,0.0,2.341,2.591,1.067,0.97,1.274,1.621,0.359,0.709,1.1426634743995732,1.1798394922132849,0.2724559087673128,0.3362356977544835,0.6109,0.2035,0.1611,0.6545,0.0492,0
0.0,0.0,0.5,0.5,0,0,0.9090909090909091,9.0,9.041392685158225,-1.0,-2.5,87.5,0.0,0.0,0.0,3,4,6,0.6000000000000014,3.0,-2300.0,0.09999999999999998,-0.04000000000000001,-0.10000000000000009,-0.20000000000000018,0.0,2.451,2.804,0.825,0.5599999999999999,1.626,2.244,0.349,0.296,1.1980330911358643,1.0649770760444726,0.3834478089938996,0.2852756951130297,0.6748,0.2349,0.1307,0.8196,0.0699,0
0.0,0.0,0.5,0.5,0,0,1.1111111111111112,7.698970004336019,7.653212513775344,-2.0,-2.0,70.0,0.0,0.0,0.0,0,0,-5,0.0,0.0,0.0,0.0,0.15,0.44999999999999996,0.0,0.0,0.0,1.298,0.0,1.684,0.0,-0.386,0.0,0.202,0.0,1.2667385824722657,0.0,0.4647293118938521,0.0,0.2959,0.0,0.0,0.0,1
0.0,0.0,0.5,0.5,0,0,4.8,8.380211241711606,7.698970004336019,7.5,4.5,81.5,0.0,0.0,0.0,0,0,11,0.6000000000000014,10.0,0.0,0.0,0.0,0.0,0.0,0.0,1.6960000000000002,0.0,1.391,0.0,0.305,0.0,-0.196,0.0,0.8891132124050513,0.0,0.3092715455532385,0.0,0.6244,0.3229,0.1437,0.6265,0.0498,0
0.0,0.0,0.5,0.5,0,0,5.555555555555555,9.0,8.255272505103306,8.0,3.0,87.5,0.0,0.0,0.0,5,11,18,0.3000000000000007,13.0,-2500.0,0.09999999999999998,-0.04000000000000001,0.41999999999999993,0.5,0.09999999999999998,2.451,1.722,0.825,1.303,1.626,0.4189999999999999,0.349,-0.3219999999999999,1.1980330911358643,0.8146990443402252,0.3834478089938996,0.2966779024089556,0.6748,0.2452,0.1307,0.8196,0.0699,1
0.0,0.0,0.5,0.5,0,0,0.7727272727272727,8.929418925714293,9.041392685158225,-0.7000000000000028,-4.5,87.5,0.0,0.0,0.0,-1,-5,0,-0.6999999999999993,-7.0,200.0,0.04999999999999993,0.13999999999999999,-0.040000000000000036,-0.10000000000000009,0.09999999999999998,2.592,2.804,0.939,0.5599999999999999,1.653,2.244,0.108,0.296,0.9731844800911872,1.0649770760444726,0.4399949494659632,0.2852756951130297,0.6413,0.2349,0.2269,0.7296,0.0546,0
0.0,0.0,0.5,0.5,0,0,0.045454545454545456,7.698970004336019,9.041392685158225,-14.5,-9.5,70.0,0.0,0.0,0.0,-2,-7,-15,0.3000000000000007,-10.0,200.0,0.0,0.15,-0.07000000000000006,-0.7000000000000002,-0.09999999999999998,0.0,2.804,0.0,0.5599999999999999,0.0,2.244,0.0,0.296,0.0,1.0649770760444726,0.0,0.2852756951130297,0.0,0.2349,0.0,0.0,0.0,0
0.0,0.0,0.5,0.5,0,0,0.8333333333333334,8.8750612633917,8.954242509439325,-0.5,1.0,86.5,0.0,0.0,0.0,4,11,12,0.0,-4.0,200.0,-0.09999999999999998,0.1,0.04999999999999993,-0.7,-0.09999999999999998,2.428,2.591,0.876,0.97,1.552,1.621,-0.0279999999999999,0.709,0.9223655810598944,1.1798394922132849,0.4258533915693417,0.3362356977544835,0.5733,0.2035,0.2037,0.6876,0.0583,1
0.0,0.0,0.5,0.5,0,0,0.8181818181818182,8.954242509439325,9.041392685158225,-1.0,-3.0,87.0,0.0,0.0,0.0,-2,-5,-8,1.0,3.0,200.0,0.04999999999999993,0.01999999999999999,-0.12,0.2999999999999998,0.0,2.591,2.804,0.97,0.5599999999999999,1.621,2.244,0.709,0.296,1.1798394922132849,1.0649770760444726,0.3362356977544835,0.2852756951130297,0.692,0.2349,0.1045,0.6599,0.0657,0
0.0,0.0,0.5,0.5,0,0,15.0,8.8750612633917,7.698970004336019,13.0,7.5,86.5,0.0,0.0,0.0,4,13,19,0.6999999999999993,9.0,200.0,-0.050000000000000044,-0.03,0.0,0.30000000000000004,0.0,2.428,0.0,0.876,0.0,1.552,0.0,-0.0279999999999999,0.0,0.9223655810598944,0.0,0.4258533915693417,0.0,0.5733,0.0,0.2037,0.6876,0.0583,0
0.0,0.0,0.5,0.5,0,0,0.2777777777777778,8.397940008672037,8.954242509439325,-6.0,0.5,81.5,0.0,0.0,0.0,0,-2,-5,-0.6999999999999993,-13.0,0.0,-0.04999999999999993,-0.01999999999999999,-0.4,-1.0,-0.09999999999999998,2.05,2.591,1.34,0.97,0.71,1.621,-0.0499999999999999,0.709,0.9690345848123084,1.1798394922132849,0.3163682804721246,0.3362356977544835,0.0,0.2035,0.0,0.0,0.0,0
0.0,0.0,0.5,0.5,0,0,20.0,9.0,7.698970004336019,13.5,7.0,87.5,0.0,0.0,0.0,5,11,21,0.3000000000000007,13.0,-2500.0,0.09999999999999998,-0.04000000000000001,0.41999999999999993,0.5,0.09999999999999998,2.451,0.0,0.825,0.0,1.626,0.0,0.349,0.0,1.1980330911358643,0.0,0.3834478089938996,0.0,0.6748,0.0,0.1307,0.8196,0.0699,1
0.0,0.0,0.5,0.5,0,0,4.0,9.0,8.397940008672037,6.0,0.0,87.5,0.0,0.0,0.0,5,11,19,0.3000000000000007,13.0,-2500.0,0.09999999999999998,-0.04000000000000001,0.41999999999999993,0.5,0.09999999999999998,2.451,2.05,0.825,1.34,1.626,0.71,0.349,-0.0499999999999999,1.1980330911358643,0.9690345848123084,0.3834478089938996,0.3163682804721246,0.6748,0.0,0.1307,0.8196,0.0699,1
0.0,0.0,0.5,0.5,0,0,18.0,8.954242509439325,7.698970004336019,13.5,6.5,87.0,0.0,0.0,0.0,0,2,7,0.6999999999999993,13.0,0.0,0.04999999999999993,0.01999999999999999,0.4,1.0,0.09999999999999998,2.591,0.0,0.97,0.0,1.621,0.0,0.709,0.0,1.1798394922132849,0.0,0.3362356977544835,0.0,0.692,0.0,0.1045,0.6599,0.0657,1
0.0,0.0,0.5,0.5,0,0,0.9,8.954242509439325,9.0,0.0,-0.5,87.0,0.0,0.0,0.0,-5,-9,-14,0.3999999999999986,0.0,2500.0,-0.050000000000000044,0.06,-0.019999999999999907,0.5,0.0,2.591,2.451,0.97,0.825,1.621,1.626,0.709,0.349,1.1798394922132849,1.1980330911358643,0.3362356977544835,0.3834478089938996,0.692,0.1945,0.1045,0.6599,0.0657,0
0.0,0.0,0.5,0.5,0,0,0.2,7.698970004336019,8.397940008672037,-7.5,-7.0,70.0,0.0,0.0,0.0,0,0,-2,0.0,0.0,0.0,0.0,0.0,0.0,0.0,0.0,0.0,2.05,0.0,1.34,0.0,0.71,0.0,-0.0499999999999999,0.0,0.9690345848123084,0.0,0.3163682804721246,0.0,0.0,0.0,0.0,0.0,0
0.0,0.0,0.5,0.5,0,0,1.0,7.698970004336019,7.698970004336019,0.0,0.0,70.0,0.0,0.0,0.0,0,0,0,0.0,0.0,0.0,0.0,0.0,0.0,0.0,0.0,0.0,0.0,0.0,0.0,0.0,0.0,0.0,0.0,0.0,0.0,0.0,0.0,0.0,0.232,0.0,0.0,0.0,0
0.0,0.0,0.5,0.5,0,0,3.5416666666666665,8.929418925714293,8.380211241711606,6.299999999999997,0.5,87.5,0.0,0.0,0.0,1,2,4,-1.6000000000000014,-7.0,0.0,0.04999999999999993,0.13999999999999999,0.48,0.6000000000000001,0.19999999999999996,2.592,1.6960000000000002,0.939,1.391,1.653,0.305,0.108,-0.196,0.9731844800911872,0.8891132124050513,0.4399949494659632,0.3092715455532385,0.6413,0.2319,0.2269,0.7296,0.0546,0
0.0,0.0,0.5,0.5,0,0,0.20833333333333334,7.698970004336019,8.380211241711606,-7.5,-4.5,70.0,0.0,0.0,0.0,0,0,-11,-0.6000000000000014,-10.0,0.0,0.0,0.0,0.0,0.0,0.0,0.0,1.6960000000000002,0.0,1.391,0.0,0.305,0.0,-0.196,0.0,0.8891132124050513,0.0,0.3092715455532385,0.4794,0.2319,0.2886,0.8789,0.0804,1
0.0,0.0,0.5,0.5,0,0,17.0,8.929418925714293,7.698970004336019,13.799999999999997,5.0,87.5,0.0,0.0,0.0,1,2,15,-1.0,3.0,0.0,0.04999999999999993,0.13999999999999999,0.48,0.6000000000000001,0.19999999999999996,2.592,0.0,0.939,0.0,1.653,0.0,0.108,0.0,0.9731844800911872,0.0,0.4399949494659632,0.0,0.6413,0.0,0.2269,0.7296,0.0546,1
0.0,0.0,0.5,0.5,0,0,0.058823529411764705,7.698970004336019,8.929418925714293,-13.799999999999997,-5.0,70.0,0.0,0.0,0.0,-1,-2,-15,1.0,-3.0,0.0,-0.04999999999999993,-0.13999999999999999,-0.48,-0.6000000000000001,-0.19999999999999996,0.0,2.592,0.0,0.939,0.0,1.653,0.0,0.108,0.0,0.9731844800911872,0.0,0.4399949494659632,0.4794,0.1318,0.2886,0.8789,0.0804,0
0.0,0.0,0.5,0.5,0,0,4.8,8.380211241711606,7.698970004336019,7.5,4.5,81.5,0.0,0.0,0.0,0,0,11,0.6000000000000014,10.0,0.0,0.0,0.0,0.0,0.0,0.0,1.6960000000000002,0.0,1.391,0.0,0.305,0.0,-0.196,0.0,0.8891132124050513,0.0,0.3092715455532385,0.0,0.6244,0.0,0.1437,0.6265,0.0498,0
0.0,0.0,0.5,0.5,0,0,2.5,8.653212513775344,8.255272505103306,4.0,7.0,84.0,0.0,0.0,0.0,2,4,3,-0.5,6.0,-3500.0,0.09999999999999998,0.0,0.27,0.09999999999999987,0.09999999999999998,2.161,1.7420000000000002,1.17,1.473,0.991,0.269,0.439,0.758,1.0807602735652382,1.5093139957020203,0.5795295026523193,0.4204177816305003,0.639,0.2727,0.189,0.6935,0.066,1
0.0,0.0,0.5,0.5,0,0,1.7777777777777777,8.505149978319906,8.255272505103306,2.5,1.0,81.5,0.0,0.0,0.0,0,1,7,-1.3999999999999986,1.0,-7000.0,0.25,-0.020000000000000004,0.17999999999999994,0.10000000000000009,0.0,1.7120000000000002,1.722,1.179,1.303,0.5329999999999999,0.4189999999999999,0.088,-0.3219999999999999,1.1043395370402465,0.8146990443402252,0.3105121217887923,0.2966779024089556,0.5541,0.2452,0.1745,0.6843,0.0671,0
0.0,0.0,0.5,0.5,0,0,0.625,8.8750612633917,9.079181246047625,-1.0,-0.5,86.5,0.0,0.0,0.0,3,10,4,0.8000000000000007,2.0,700.0,-0.050000000000000044,-0.060000000000000026,-0.13,-0.10000000000000009,-0.09999999999999998,2.428,2.341,0.876,1.067,1.552,1.274,-0.0279999999999999,0.359,0.9223655810598944,1.1426634743995732,0.4258533915693417,0.2724559087673128,0.5733,0.228,0.2037,0.6876,0.0583,1
0.0,0.0,0.5,0.5,0,0,3.8636363636363638,8.929418925714293,8.342422680822207,7.0,5.0,88.0,0.0,0.0,0.0,3,6,1,0.6000000000000014,9.0,6000.0,-0.25,-0.26999999999999996,0.57,0.9000000000000001,0.25,2.884,1.7739999999999998,0.95,1.399,1.934,0.375,0.616,-0.2739999999999999,1.2457596956683417,0.8012143853944391,0.4170851232062826,0.301485212462126,0.6331,0.215,0.1742,0.6174,0.0833,1
0.0,0.0,0.5,0.5,0,0,13.0,8.812913356642856,7.698970004336019,12.5,8.5,86.0,0.0,0.0,0.0,0,5,10,0.10000000000000142,4.0,200.0,-0.050000000000000044,0.04999999999999999,0.38,0.5,0.0,2.645,0.0,0.751,0.0,1.894,0.0,-0.2449999999999999,0.0,0.9060118494310764,0.0,0.3351699403122077,0.0,0.5863,0.3051,0.1947,0.7823,0.0485,1
0.0,0.0,0.5,0.5,0,0,20.0,9.0,7.698970004336019,13.5,7.0,87.5,0.0,0.0,0.0,5,11,21,0.3000000000000007,13.0,-2500.0,0.09999999999999998,-0.04000000000000001,0.41999999999999993,0.5,0.09999999999999998,2.451,0.0,0.825,0.0,1.626,0.0,0.349,0.0,1.1980330911358643,0.0,0.3834478089938996,0.0,0.6748,0.232,0.1307,0.8196,0.0699,1
0.0,0.0,0.5,0.5,0,0,0.48,8.079181246047625,8.397940008672037,-3.0,2.5,78.0,0.0,0.0,0.0,0,0,1,0.1999999999999993,-3.0,-1500.0,0.050000000000000044,0.04000000000000001,-0.21999999999999997,-0.8000000000000003,-0.04999999999999999,1.6,2.019,1.705,1.24,-0.1049999999999999,0.7789999999999999,0.7,0.6809999999999999,1.397464068315691,1.3873215883112155,0.4263279905841928,0.4047893828208005,0.0,0.2578,0.0,0.0,0.0,0
0.0,0.0,0.5,0.5,0,0,0.9444444444444444,8.929418925714293,8.954242509439325,0.29999999999999716,-1.5,87.5,0.0,0.0,0.0,1,0,8,-1.6999999999999993,-10.0,0.0,0.0,0.12,0.07999999999999996,-0.3999999999999999,0.09999999999999998,2.592,2.591,0.939,0.97,1.653,1.621,0.108,0.709,0.9731844800911872,1.1798394922132849,0.4399949494659632,0.3362356977544835,0.6413,0.2035,0.2269,0.7296,0.0546,1
0.0,0.0,0.5,0.5,0,0,0.65,8.812913356642856,9.0,-1.0,1.5,86.0,0.0,0.0,0.0,-5,-6,-11,-0.1999999999999993,-9.0,2700.0,-0.15000000000000002,0.09,-0.039999999999999925,0.0,-0.09999999999999998,2.645,2.451,0.751,0.825,1.894,1.626,-0.2449999999999999,0.349,0.9060118494310764,1.1980330911358643,0.3351699403122077,0.3834478089938996,0.5863,0.1945,0.1947,0.7823,0.0485,1
0.0,0.0,0.5,0.5,0,0,2.5,8.653212513775344,8.255272505103306,4.5,5.0,84.0,0.0,0.0,0.0,2,5,10,-0.5,6.0,-1500.0,0.04999999999999993,-0.020000000000000004,0.25,0.30000000000000004,0.09999999999999998,2.161,1.722,1.17,1.303,0.991,0.4189999999999999,0.439,-0.3219999999999999,1.0807602735652382,0.8146990443402252,0.5795295026523193,0.2966779024089556,0.639,0.2452,0.189,0.6935,0.066,0
0.0,0.0,0.5,0.5,0,0,1.1333333333333333,8.929418925714293,8.8750612633917,1.0,1.0,88.0,0.0,0.0,0.0,-1,-7,-2,0.3000000000000007,11.0,-1700.0,0.09999999999999998,-0.14,0.0,0.5000000000000002,0.19999999999999996,2.884,2.428,0.95,0.876,1.934,1.552,0.616,-0.0279999999999999,1.2457596956683417,0.9223655810598944,0.4170851232062826,0.4258533915693417,0.6331,0.223,0.1742,0.6174,0.0833,0
0.0,0.0,0.5,0.5,0,0,0.1411764705882353,8.079181246047625,8.929418925714293,-9.299999999999997,-1.5,78.0,0.0,0.0,0.0,-1,-2,-8,1.0,-3.0,0.0,-0.04999999999999993,-0.13999999999999999,-0.48,-0.6000000000000001,-0.19999999999999996,1.6,2.592,1.705,0.939,-0.1049999999999999,1.653,0.7,0.108,1.397464068315691,0.9731844800911872,0.4263279905841928,0.4399949494659632,0.0,0.1318,0.0,0.0,0.0,0
0.0,0.0,0.5,0.5,0,0,0.6923076923076923,8.653212513775344,8.812913356642856,-2.5,0.5,84.0,0.0,0.0,0.0,2,0,3,-0.6000000000000014,2.0,-1700.0,0.09999999999999998,-0.06999999999999999,-0.13,-0.19999999999999996,0.09999999999999998,2.161,2.645,1.17,0.751,0.991,1.894,0.439,-0.2449999999999999,1.0807602735652382,0.9060118494310764,0.5795295026523193,0.3351699403122077,0.639,0.219,0.189,0.6935,0.066,0
0.0,0.0,0.5,0.5,0,0,0.8823529411764706,8.8750612633917,8.929418925714293,-0.7999999999999972,2.5,86.5,0.0,0.0,0.0,3,11,4,1.6999999999999993,6.0,200.0,-0.09999999999999998,-0.01999999999999999,-0.030000000000000027,-0.30000000000000004,-0.19999999999999996,2.428,2.592,0.876,0.939,1.552,1.653,-0.0279999999999999,0.108,0.9223655810598944,0.9731844800911872,0.4258533915693417,0.4399949494659632,0.5733,0.1318,0.2037,0.6876,0.0583,0
0.0,0.0,0.5,0.5,0,0,0.6,8.653212513775344,8.8750612633917,-3.0,1.5,84.0,0.0,0.0,0.0,-2,-8,-6,-1.1999999999999993,-3.0,-1700.0,0.09999999999999998,-0.14,-0.19999999999999996,0.0,0.09999999999999998,2.161,2.428,1.17,0.876,0.991,1.552,0.439,-0.0279999999999999,1.0807602735652382,0.9223655810598944,0.5795295026523193,0.4258533915693417,0.639,0.223,0.189,0.6935,0.066,0
0.0,0.0,0.5,0.5,0,0,0.7647058823529411,8.812913356642856,8.929418925714293,-1.2999999999999972,3.5,86.0,0.0,0.0,0.0,-1,3,-5,1.1000000000000014,1.0,200.0,-0.09999999999999998,-0.09,-0.09999999999999998,-0.10000000000000009,-0.19999999999999996,2.645,2.592,0.751,0.939,1.894,1.653,-0.2449999999999999,0.108,0.9060118494310764,0.9731844800911872,0.3351699403122077,0.4399949494659632,0.5863,0.1318,0.1947,0.7823,0.0485,0
0.0,0.0,0.5,0.5,0,0,4.8,8.079181246047625,7.3979400086720375,5.5,3.5,78.0,0.0,0.0,0.0,0,0,6,0.0,0.0,0.0,0.0,0.0,0.0,0.0,0.0,1.6,1.105,1.705,1.845,-0.1049999999999999,-0.74,0.7,0.195,1.397464068315691,1.20716299119675,0.4263279905841928,0.3729238826117498,0.0,0.0,0.0,0.0,0.0,0
0.0,0.0,0.5,0.5,0,0,1.0,7.698970004336019,7.698970004336019,0.0,0.0,70.0,0.0,0.0,0.0,0,0,0,0.0,0.0,0.0,0.0,-0.15,-0.44999999999999996,0.0,0.0,0.0,0.0,0.0,0.0,0.0,0.0,0.0,0.0,0.0,0.0,0.0,0.0,0.3764,0.0,0.3185,0.6485,0.0849,1
0.0,0.0,0.5,0.5,0,0,2.0,7.698970004336019,7.3979400086720375,1.0,0.0,70.0,0.0,0.0,0.0,0,0,-1,0.0,0.0,0.0,0.0,0.15,0.44999999999999996,0.0,0.0,0.0,1.105,0.0,1.845,0.0,-0.74,0.0,0.195,0.0,1.20716299119675,0.0,0.3729238826117498,0.0,0.0,0.0,0.0,0.0,0
0.0,0.0,0.5,0.5,0,0,0.4166666666666667,7.698970004336019,8.079181246047625,-4.5,-3.5,70.0,0.0,0.0,0.0,0,0,-7,0.0,0.0,0.0,0.0,0.0,0.0,0.0,0.0,0.0,1.6,0.0,1.705,0.0,-0.1049999999999999,0.0,0.7,0.0,1.397464068315691,0.0,0.4263279905841928,0.3764,0.0,0.3185,0.6485,0.0849,0
0.0,0.0,0.5,0.5,0,0,0.18181818181818182,7.6020599913279625,8.342422680822207,-6.0,-4.5,74.0,0.0,0.0,0.0,0,0,-14,-0.3999999999999986,-11.0,7500.0,-0.29999999999999993,-0.24999999999999997,0.12,0.09999999999999987,0.050000000000000044,1.369,1.7739999999999998,1.686,1.399,-0.317,0.375,-0.169,-0.2739999999999999,0.8614395670308376,0.8012143853944391,0.5644751741416288,0.301485212462126,0.0,0.215,0.0,0.0,0.0,0
0.0,0.0,0.5,0.5,0,0,0.4090909090909091,8.653212513775344,9.041392685158225,-4.5,-0.5,84.0,0.0,0.0,0.0,0,-2,-2,-0.1999999999999993,-4.0,-1300.0,0.04999999999999993,-0.020000000000000004,-0.27,-0.40000000000000013,0.0,2.161,2.804,1.17,0.5599999999999999,0.991,2.244,0.439,0.296,1.0807602735652382,1.0649770760444726,0.5795295026523193,0.2852756951130297,0.639,0.2349,0.189,0.6935,0.066,0
0.0,0.0,0.5,0.5,0,0,0.08888888888888889,7.6020599913279625,8.653212513775344,-9.0,-10.0,74.0,0.0,0.0,0.0,-2,-5,-11,0.5,-6.0,1500.0,-0.04999999999999993,0.020000000000000004,-0.25,-0.30000000000000004,-0.09999999999999998,1.369,2.161,1.686,1.17,-0.317,0.991,-0.169,0.439,0.8614395670308376,1.0807602735652382,0.5644751741416288,0.5795295026523193,0.0,0.172,0.0,0.0,0.0,0
0.0,0.0,0.5,0.5,0,0,5.0,9.041392685158225,8.342422680822207,7.5,6.0,89.0,0.0,0.0,0.0,2,7,-1,-0.6999999999999993,-1.0,7300.0,-0.29999999999999993,-0.24999999999999997,0.64,0.8,0.15000000000000002,2.804,1.7739999999999998,0.5599999999999999,1.399,2.244,0.375,0.296,-0.2739999999999999,1.0649770760444726,0.8012143853944391,0.2852756951130297,0.301485212462126,0.7185,0.215,0.05,0.6062,0.0885,0
0.0,0.0,0.5,0.5,0,0,0.5,7.3979400086720375,7.698970004336019,-1.0,0.0,73.5,0.0,0.0,0.0,0,0,1,0.0,0.0,0.0,0.0,0.0,0.0,0.0,0.0,1.105,0.0,1.845,0.0,-0.74,0.0,0.195,0.0,1.20716299119675,0.0,0.3729238826117498,0.0,0.0,0.3051,0.0,0.0,0.0,0
0.0,0.0,0.5,0.5,0,0,0.4166666666666667,7.698970004336019,8.079181246047625,-4.5,-3.5,70.0,0.0,0.0,0.0,0,0,-7,0.0,0.0,0.0,0.0,0.15,0.44999999999999996,0.0,0.0,0.0,1.6,0.0,1.705,0.0,-0.1049999999999999,0.0,0.7,0.0,1.397464068315691,0.0,0.4263279905841928,0.0,0.0,0.0,0.0,0.0,0
0.0,0.0,0.5,0.5,0,0,0.07692307692307693,7.698970004336019,8.812913356642856,-12.5,-8.5,70.0,0.0,0.0,0.0,0,-5,-3,-0.10000000000000142,-4.0,-200.0,0.050000000000000044,-0.04999999999999999,-0.38,-0.5,0.0,0.0,2.645,0.0,0.751,0.0,1.894,0.0,-0.2449999999999999,0.0,0.9060118494310764,0.0,0.3351699403122077,0.5138,0.219,0.2154,0.6021,0.0655,0
0.0,0.0,0.5,0.5,0,0,0.2,7.698970004336019,8.397940008672037,-7.5,-1.0,70.0,0.0,0.0,0.0,0,0,-6,0.1999999999999993,-3.0,-1500.0,0.050000000000000044,0.04000000000000001,-0.21999999999999997,-0.8000000000000003,-0.04999999999999999,0.0,2.019,0.0,1.24,0.0,0.7789999999999999,0.0,0.6809999999999999,0.0,1.3873215883112155,0.0,0.4047893828208005,0.5263,0.2578,0.2429,0.8909,0.0788,0
0.0,0.0,0.5,0.5,0,0,1.0,7.698970004336019,7.698970004336019,0.0,0.0,70.0,0.0,0.0,0.0,0,0,7,0.0,0.0,0.0,0.0,0.0,0.0,0.0,0.0,0.0,0.0,0.0,0.0,0.0,0.0,0.0,0.0,0.0,0.0,0.0,0.0,0.5138,0.2308,0.2154,0.6021,0.0655,0
0.0,0.0,0.5,0.5,0,0,2.6,8.812913356642856,8.397940008672037,5.0,7.5,86.0,0.0,0.0,0.0,0,5,4,0.3000000000000007,1.0,-1300.0,0.0,0.09,0.16000000000000003,-0.30000000000000027,-0.04999999999999999,2.645,2.019,0.751,1.24,1.894,0.7789999999999999,-0.2449999999999999,0.6809999999999999,0.9060118494310764,1.3873215883112155,0.3351699403122077,0.4047893828208005,0.5863,0.2578,0.1947,0.7823,0.0485,1
0.0,0.0,0.5,0.5,0,0,5.0,8.397940008672037,7.698970004336019,7.5,1.0,80.5,0.0,0.0,0.0,0,0,-1,-0.1999999999999993,3.0,1500.0,-0.050000000000000044,-0.04000000000000001,0.21999999999999997,0.8000000000000003,0.04999999999999999,2.019,0.0,1.24,0.0,0.7789999999999999,0.0,0.6809999999999999,0.0,1.3873215883112155,0.0,0.4047893828208005,0.0,0.5328,0.2709,0.2094,0.6017,0.0808,1
0.0,0.0,0.5,0.5,0,0,13.0,8.812913356642856,7.698970004336019,12.5,8.5,86.0,0.0,0.0,0.0,0,5,10,0.10000000000000142,4.0,200.0,-0.050000000000000044,0.04999999999999999,0.38,0.5,0.0,2.645,0.0,0.751,0.0,1.894,0.0,-0.2449999999999999,0.0,0.9060118494310764,0.0,0.3351699403122077,0.0,0.5863,0.2308,0.1947,0.7823,0.0485,1
0.0,0.0,0.5,0.5,0,0,0.9,7.653212513775344,7.698970004336019,2.0,2.0,75.5,0.0,0.0,0.0,0,0,5,0.0,0.0,0.0,0.0,0.0,0.0,0.0,0.0,1.298,0.0,1.684,0.0,-0.386,0.0,0.202,0.0,1.2667385824722657,0.0,0.4647293118938521,0.0,0.5865,0.3084,0.1176,0.8662,0.0636,1
0.0,0.0,0.5,0.5,0,0,0.24,8.255272505103306,8.8750612633917,-7.5,-3.5,79.5,0.0,0.0,0.0,-4,-13,-16,-0.6999999999999993,-9.0,-200.0,0.050000000000000044,-0.12,-0.44999999999999996,-0.30000000000000004,0.0,1.722,2.428,1.303,0.876,0.4189999999999999,1.552,-0.3219999999999999,-0.0279999999999999,0.8146990443402252,0.9223655810598944,0.2966779024089556,0.4258533915693417,0.4691,0.223,0.2857,0.6684,0.0614,0
0.0,0.0,0.5,0.5,0,0,4.0,8.255272505103306,7.653212513775344,3.5,2.0,79.5,0.0,0.0,0.0,0,0,-2,0.0,0.0,0.0,0.0,0.0,0.0,0.0,0.0,1.722,1.298,1.303,1.684,0.4189999999999999,-0.386,-0.3219999999999999,0.202,0.8146990443402252,1.2667385824722657,0.2966779024089556,0.4647293118938521,0.4691,0.2959,0.2857,0.6684,0.0614,0
0.0,0.0,0.5,0.5,0,0,15.0,8.8750612633917,7.698970004336019,13.0,7.5,86.5,0.0,0.0,0.0,4,13,19,0.6999999999999993,9.0,200.0,-0.050000000000000044,0.12,0.44999999999999996,0.30000000000000004,0.0,2.428,0.0,0.876,0.0,1.552,0.0,-0.0279999999999999,0.0,0.9223655810598944,0.0,0.4258533915693417,0.0,0.5733,0.3084,0.2037,0.6876,0.0583,0
0.0,0.0,0.5,0.5,0,0,16.666666666666668,8.8750612633917,7.653212513775344,11.0,5.5,86.5,0.0,0.0,0.0,4,13,14,0.6999999999999993,9.0,200.0,-0.050000000000000044,0.12,0.44999999999999996,0.30000000000000004,0.0,2.428,1.298,0.876,1.684,1.552,-0.386,-0.0279999999999999,0.202,0.9223655810598944,1.2667385824722657,0.4258533915693417,0.4647293118938521,0.5733,0.2959,0.2037,0.6876,0.0583,1
0.0,0.0,0.5,0.5,0,0,0.2777777777777778,7.698970004336019,8.255272505103306,-5.5,-4.0,70.0,0.0,0.0,0.0,0,0,-3,0.0,0.0,0.0,0.0,0.0,0.0,0.0,0.0,0.0,1.722,0.0,1.303,0.0,0.4189999999999999,0.0,-0.3219999999999999,0.0,0.8146990443402252,0.0,0.2966779024089556,0.5336,0.2452,0.158,0.7568,0.0614,0
0.0,0.0,0.5,0.5,0,0,2.1333333333333333,8.505149978319906,8.176091259055681,2.0,2.0,81.5,0.0,0.0,0.0,0,1,7,-1.3999999999999986,1.0,-7000.0,0.25,-0.020000000000000004,0.17999999999999994,0.10000000000000009,0.0,1.7120000000000002,1.593,1.179,1.442,0.5329999999999999,0.151,0.088,0.207,1.1043395370402465,1.1826885206737323,0.3105121217887923,0.3051793643817426,0.5541,0.2637,0.1745,0.6843,0.0671,1
0.0,0.0,0.5,0.5,0,0,0.041666666666666664,7.698970004336019,9.079181246047625,-14.0,-8.0,70.0,0.0,0.0,0.0,-1,-3,-15,0.10000000000000142,-7.0,500.0,0.0,-0.18000000000000002,-0.58,-0.40000000000000013,-0.09999999999999998,0.0,2.341,0.0,1.067,0.0,1.274,0.0,0.359,0.0,1.1426634743995732,0.0,0.2724559087673128,0.4199,0.228,0.3108,0.6015,0.048,0
0.0,0.0,0.5,0.5,0,0,8.0,9.079181246047625,8.176091259055681,8.0,5.0,88.5,0.0,0.0,0.0,1,3,12,-0.10000000000000142,7.0,-500.0,0.0,0.18000000000000002,0.58,0.40000000000000013,0.09999999999999998,2.341,1.593,1.067,1.442,1.274,0.151,0.359,0.207,1.1426634743995732,1.1826885206737323,0.2724559087673128,0.3051793643817426,0.6109,0.2637,0.1611,0.6545,0.0492,0
0.0,0.0,0.5,0.5,0,0,0.15625,7.698970004336019,8.505149978319906,-8.0,-5.0,70.0,0.0,0.0,0.0,0,-1,-10,1.3999999999999986,-1.0,7000.0,-0.25,0.020000000000000004,-0.17999999999999994,-0.10000000000000009,0.0,0.0,1.7120000000000002,0.0,1.179,0.0,0.5329999999999999,0.0,0.088,0.0,1.1043395370402465,0.0,0.3105121217887923,0.4199,0.2715,0.3108,0.6015,0.048,0
0.0,0.0,0.5,0.5,0,0,3.0,8.176091259055681,7.698970004336019,6.0,3.0,80.0,0.0,0.0,0.0,0,0,3,0.0,0.0,0.0,0.0,0.0,0.0,0.0,0.0,1.593,0.0,1.442,0.0,0.151,0.0,0.207,0.0,1.1826885206737323,0.0,0.3051793643817426,0.0,0.4962,0.2693,0.2401,0.8887,0.0526,0
0.0,0.0,0.5,0.5,0,0,3.75,9.079181246047625,8.505149978319906,6.0,3.0,88.5,0.0,0.0,0.0,1,2,5,1.2999999999999972,6.0,6500.0,-0.25,0.2,0.4,0.30000000000000004,0.09999999999999998,2.341,1.7120000000000002,1.067,1.179,1.274,0.5329999999999999,0.359,0.088,1.1426634743995732,1.1043395370402465,0.2724559087673128,0.3105121217887923,0.6109,0.2715,0.1611,0.6545,0.0492,0
0.0,0.0,0.5,0.5,0,0,0.058823529411764705,7.698970004336019,8.929418925714293,-14.0,-8.5,70.0,0.0,0.0,0.0,-3,-6,-17,-1.0,-20.0,1500.0,-0.04999999999999993,0.020000000000000004,-0.44999999999999996,-0.8000000000000003,-0.19999999999999996,0.0,2.884,0.0,0.95,0.0,1.934,0.0,0.616,0.0,1.2457596956683417,0.0,0.4170851232062826,0.0,0.1927,0.0,0.0,0.0,0
0.0,0.0,0.5,0.5,0,0,0.2777777777777778,7.698970004336019,8.255272505103306,-6.0,-2.0,70.0,0.0,0.0,0.0,0,-1,-10,0.0,0.0,-2000.0,0.050000000000000044,0.020000000000000004,0.020000000000000018,-0.20000000000000018,0.0,0.0,1.7420000000000002,0.0,1.473,0.0,0.269,0.0,0.758,0.0,1.5093139957020203,0.0,0.4204177816305003,0.423,0.2727,0.3313,0.636,0.0569,0
0.0,0.0,0.5,0.5,0,0,1.0,7.698970004336019,7.698970004336019,0.0,0.0,70.0,0.0,0.0,0.0,0,0,0,0.0,0.0,0.0,0.0,0.0,0.0,0.0,0.0,0.0,0.0,0.0,0.0,0.0,0.0,0.0,0.0,0.0,0.0,0.0,0.0,0.0,0.2457,0.0,0.0,0.0,1
0.0,0.0,0.5,0.5,0,0,4.722222222222222,8.929418925714293,8.255272505103306,8.0,6.5,88.0,0.0,0.0,0.0,3,5,7,1.0,20.0,-3500.0,0.09999999999999998,0.0,0.47,0.6000000000000001,0.19999999999999996,2.884,1.7420000000000002,0.95,1.473,1.934,0.269,0.616,0.758,1.2457596956683417,1.5093139957020203,0.4170851232062826,0.4204177816305003,0.6331,0.2727,0.1742,0.6174,0.0833,1
0.0,0.0,0.5,0.5,0,0,17.0,8.929418925714293,7.698970004336019,14.0,8.5,88.0,0.0,0.0,0.0,3,6,17,1.0,20.0,-1500.0,0.04999999999999993,-0.020000000000000004,0.44999999999999996,0.8000000000000003,0.19999999999999996,2.884,0.0,0.95,0.0,1.934,0.0,0.616,0.0,1.2457596956683417,0.0,0.4170851232062826,0.0,0.6331,0.2457,0.1742,0.6174,0.0833,1
0.0,0.0,0.5,0.5,0,0,3.6,8.255272505103306,7.698970004336019,6.0,2.0,81.0,0.0,0.0,0.0,0,1,10,0.0,0.0,2000.0,-0.050000000000000044,-0.020000000000000004,-0.020000000000000018,0.20000000000000018,0.0,1.7420000000000002,0.0,1.473,0.0,0.269,0.0,0.758,0.0,1.5093139957020203,0.0,0.4204177816305003,0.0,0.613,0.0,0.1143,0.8314,0.0437,1
0.0,0.0,0.5,0.5,0,0,27.5,9.041392685158225,7.6020599913279625,13.5,10.5,89.0,0.0,0.0,0.0,2,7,13,-0.3000000000000007,10.0,-200.0,0.0,0.0,0.52,0.7000000000000002,0.09999999999999998,2.804,1.369,0.5599999999999999,1.686,2.244,-0.317,0.296,-0.169,1.0649770760444726,0.8614395670308376,0.2852756951130297,0.5644751741416288,0.7185,0.0,0.05,0.6062,0.0885,0
0.0,0.0,0.5,0.5,0,0,0.4888888888888889,8.342422680822207,8.653212513775344,-3.0,-5.5,80.0,0.0,0.0,0.0,-2,-5,3,0.8999999999999986,5.0,-6000.0,0.25,0.26999999999999996,-0.37,-0.3999999999999999,-0.15000000000000002,1.7739999999999998,2.161,1.399,1.17,0.375,0.991,-0.2739999999999999,0.439,0.8012143853944391,1.0807602735652382,0.301485212462126,0.5795295026523193,0.5765,0.172,0.2085,0.7166,0.0536,0
0.0,0.0,0.5,0.5,0,0,0.8333333333333334,8.8750612633917,8.954242509439325,-0.5,1.0,86.5,0.0,0.0,0.0,4,11,12,0.0,-4.0,200.0,-0.09999999999999998,0.1,0.04999999999999993,-0.7,-0.09999999999999998,2.428,2.591,0.876,0.97,1.552,1.621,-0.0279999999999999,0.709,0.9223655810598944,1.1798394922132849,0.4258533915693417,0.3362356977544835,0.5733,0.2035,0.2037,0.6876,0.0583,1
0.0,0.0,0.5,0.5,0,0,0.5625,8.255272505103306,8.505149978319906,-2.5,-1.0,79.5,0.0,0.0,0.0,0,-1,-7,1.3999999999999986,-1.0,7000.0,-0.25,0.020000000000000004,-0.17999999999999994,-0.10000000000000009,0.0,1.722,1.7120000000000002,1.303,1.179,0.4189999999999999,0.5329999999999999,-0.3219999999999999,0.088,0.8146990443402252,1.1043395370402465,0.2966779024089556,0.3105121217887923,0.4691,0.2715,0.2857,0.6684,0.0614,0
0.0,0.0,0.5,0.5,0,0,4.166666666666667,8.8750612633917,8.255272505103306,7.5,3.5,86.5,0.0,0.0,0.0,4,13,16,0.6999999999999993,9.0,200.0,-0.050000000000000044,0.12,0.44999999999999996,0.30000000000000004,0.0,2.428,1.722,0.876,1.303,1.552,0.4189999999999999,-0.0279999999999999,-0.3219999999999999,0.9223655810598944,0.8146990443402252,0.4258533915693417,0.2966779024089556,0.5733,0.2452,0.2037,0.6876,0.0583,0
0.0,0.0,0.5,0.5,0,0,0.35555555555555557,8.505149978319906,8.954242509439325,-5.5,-1.5,81.5,0.0,0.0,0.0,0,-1,3,-2.099999999999998,-12.0,-7000.0,0.20000000000000007,-0.039999999999999994,-0.22000000000000008,-0.8999999999999999,-0.09999999999999998,1.7120000000000002,2.591,1.179,0.97,0.5329999999999999,1.621,0.088,0.709,1.1043395370402465,1.1798394922132849,0.3105121217887923,0.3362356977544835,0.5541,0.2035,0.1745,0.6843,0.0671,0
0.0,0.0,0.5,0.5,0,0,0.4266666666666667,8.505149978319906,8.8750612633917,-5.0,-2.5,81.5,0.0,0.0,0.0,-4,-12,-9,-2.099999999999998,-8.0,-7200.0,0.30000000000000004,-0.14,-0.27,-0.19999999999999996,0.0,1.7120000000000002,2.428,1.179,0.876,0.5329999999999999,1.552,0.088,-0.0279999999999999,1.1043395370402465,0.9223655810598944,0.3105121217887923,0.4258533915693417,0.5541,0.223,0.1745,0.6843,0.0671,0
0.0,0.0,0.5,0.5,0,0,5.0,8.954242509439325,8.255272505103306,8.0,2.5,87.0,0.0,0.0,0.0,0,2,4,0.6999999999999993,13.0,0.0,0.04999999999999993,0.01999999999999999,0.4,1.0,0.09999999999999998,2.591,1.722,0.97,1.303,1.621,0.4189999999999999,0.709,-0.3219999999999999,1.1798394922132849,0.8146990443402252,0.3362356977544835,0.2966779024089556,0.692,0.2452,0.1045,0.6599,0.0657,1
0.0,0.0,0.5,0.5,0,0,3.3333333333333335,8.698970004336019,8.176091259055681,4.5,1.5,84.5,0.0,0.0,0.0,0,2,10,1.3000000000000007,15.0,300.0,-0.050000000000000044,-0.020000000000000004,0.35,0.20000000000000018,0.04999999999999999,2.002,1.593,1.323,1.442,0.6789999999999999,0.151,-0.1019999999999999,0.207,0.9431066534244954,1.1826885206737323,0.3376651859131732,0.3051793643817426,0.5783,0.2637,0.2167,0.8053,0.062,1
0.0,0.0,0.5,0.5,0,0,0.2777777777777778,7.698970004336019,8.255272505103306,-6.0,-2.0,70.0,0.0,0.0,0.0,0,-1,-10,0.0,0.0,-2000.0,0.050000000000000044,0.020000000000000004,0.020000000000000018,-0.20000000000000018,0.0,0.0,1.7420000000000002,0.0,1.473,0.0,0.269,0.0,0.758,0.0,1.5093139957020203,0.0,0.4204177816305003,0.0,0.2727,0.0,0.0,0.0,0
0.0,0.0,0.5,0.5,0,0,10.0,8.698970004336019,7.698970004336019,10.5,4.5,84.5,0.0,0.0,0.0,0,2,13,1.3000000000000007,15.0,300.0,-0.050000000000000044,-0.020000000000000004,0.35,0.20000000000000018,0.04999999999999999,2.002,0.0,1.323,0.0,0.6789999999999999,0.0,-0.1019999999999999,0.0,0.9431066534244954,0.0,0.3376651859131732,0.0,0.5783,0.0,0.2167,0.8053,0.062,1
0.0,0.0,0.5,0.5,0,0,1.2,8.255272505103306,8.176091259055681,0.0,-1.0,81.0,0.0,0.0,0.0,0,1,7,0.0,0.0,2000.0,-0.050000000000000044,-0.020000000000000004,-0.020000000000000018,0.20000000000000018,0.0,1.7420000000000002,1.593,1.473,1.442,0.269,0.151,0.758,0.207,1.5093139957020203,1.1826885206737323,0.4204177816305003,0.3051793643817426,0.613,0.2637,0.1143,0.8314,0.0437,0
0.0,0.0,0.5,0.5,0,0,0.36,8.255272505103306,8.698970004336019,-4.5,-2.5,81.0,0.0,0.0,0.0,0,-1,-3,-1.3000000000000007,-15.0,1700.0,0.0,0.0,-0.37,0.0,-0.04999999999999999,1.7420000000000002,2.002,1.473,1.323,0.269,0.6789999999999999,0.758,-0.1019999999999999,1.5093139957020203,0.9431066534244954,0.4204177816305003,0.3376651859131732,0.613,0.205,0.1143,0.8314,0.0437,0
0.0,0.0,0.5,0.5,0,0,3.0,8.176091259055681,7.698970004336019,6.0,3.0,80.0,0.0,0.0,0.0,0,0,3,0.0,0.0,0.0,0.0,0.0,0.0,0.0,0.0,1.593,0.0,1.442,0.0,0.151,0.0,0.207,0.0,1.1826885206737323,0.0,0.3051793643817426,0.0,0.4962,0.0,0.2401,0.8887,0.0526,0
0.0,0.0,0.5,0.5,0,0,20.0,9.0,7.698970004336019,13.5,7.0,87.5,0.0,0.0,0.0,5,11,21,0.3000000000000007,13.0,-2500.0,0.09999999999999998,-0.04000000000000001,0.41999999999999993,0.5,0.09999999999999998,2.451,0.0,0.825,0.0,1.626,0.0,0.349,0.0,1.1980330911358643,0.0,0.3834478089938996,0.0,0.6748,0.232,0.1307,0.8196,0.0699,0
0.0,0.0,0.5,0.5,0,0,0.6666666666666666,8.477121254719663,8.653212513775344,-1.5,-2.5,82.0,0.0,0.0,0.0,-2,-5,-8,0.6999999999999993,-1.0,-2500.0,0.10000000000000009,-0.020000000000000004,-0.09999999999999998,-0.09999999999999987,-0.04999999999999999,1.959,2.161,1.329,1.17,0.63,0.991,0.741,0.439,1.3862285654790514,1.0807602735652382,0.2850516522394571,0.5795295026523193,0.514,0.172,0.2217,0.7231,0.0778,1
0.0,0.0,0.5,0.5,0,0,2.9545454545454546,8.812913356642856,8.342422680822207,5.5,5.0,86.0,0.0,0.0,0.0,0,5,-6,-0.29999999999999716,-7.0,7700.0,-0.35,-0.19999999999999998,0.5,0.5999999999999999,0.050000000000000044,2.645,1.7739999999999998,0.751,1.399,1.894,0.375,-0.2449999999999999,-0.2739999999999999,0.9060118494310764,0.8012143853944391,0.3351699403122077,0.301485212462126,0.5863,0.215,0.1947,0.7823,0.0485,1
0.0,0.0,0.5,0.5,0,0,1.0,7.698970004336019,7.698970004336019,0.0,0.0,70.0,0.0,0.0,0.0,0,0,0,0.0,0.0,0.0,0.0,0.0,0.0,0.0,0.0,0.0,0.0,0.0,0.0,0.0,0.0,0.0,0.0,0.0,0.0,0.0,0.0,0.0,0.0,0.0,0.0,0.0,0
0.0,0.0,0.5,0.5,0,0,22.0,9.041392685158225,7.698970004336019,14.5,9.5,89.0,0.0,0.0,0.0,2,7,15,-0.3000000000000007,10.0,-200.0,0.0,0.0,0.52,0.7000000000000002,0.09999999999999998,2.804,0.0,0.5599999999999999,0.0,2.244,0.0,0.296,0.0,1.0649770760444726,0.0,0.2852756951130297,0.0,0.7185,0.2457,0.05,0.6062,0.0885,1
0.0,0.0,0.5,0.5,0,0,5.0,8.8750612633917,8.176091259055681,7.0,4.5,86.5,0.0,0.0,0.0,4,13,16,0.6999999999999993,9.0,200.0,-0.050000000000000044,0.12,0.44999999999999996,0.30000000000000004,0.0,2.428,1.593,0.876,1.442,1.552,0.151,-0.0279999999999999,0.207,0.9223655810598944,1.1826885206737323,0.4258533915693417,0.3051793643817426,0.5733,0.2637,0.2037,0.6876,0.0583,1
0.0,0.0,0.5,0.5,0,0,3.5416666666666665,8.929418925714293,8.380211241711606,6.5,4.0,88.0,0.0,0.0,0.0,3,6,6,0.3999999999999986,10.0,-1500.0,0.04999999999999993,-0.020000000000000004,0.44999999999999996,0.8000000000000003,0.19999999999999996,2.884,1.6960000000000002,0.95,1.391,1.934,0.305,0.616,-0.196,1.2457596956683417,0.8891132124050513,0.4170851232062826,0.3092715455532385,0.6331,0.2319,0.1742,0.6174,0.0833,1
0.0,0.0,0.5,0.5,0,0,1.5625,8.698970004336019,8.505149978319906,2.5,-0.5,84.5,0.0,0.0,0.0,0,1,3,2.6999999999999993,14.0,7300.0,-0.30000000000000004,0.0,0.17000000000000004,0.10000000000000009,0.04999999999999999,2.002,1.7120000000000002,1.323,1.179,0.6789999999999999,0.5329999999999999,-0.1019999999999999,0.088,0.9431066534244954,1.1043395370402465,0.3376651859131732,0.3105121217887923,0.5783,0.2715,0.2167,0.8053,0.062,1
0.0,0.0,0.5,0.5,0,0,1.4666666666666666,9.041392685158225,8.8750612633917,1.5,2.0,89.0,0.0,0.0,0.0,-2,-6,-4,-1.0,1.0,-400.0,0.050000000000000044,-0.12,0.07000000000000006,0.40000000000000013,0.09999999999999998,2.804,2.428,0.5599999999999999,0.876,2.244,1.552,0.296,-0.0279999999999999,1.0649770760444726,0.9223655810598944,0.2852756951130297,0.4258533915693417,0.7185,0.223,0.05,0.6062,0.0885,0
0.0,0.0,0.5,0.5,0,0,3.3333333333333335,9.0,8.477121254719663,5.0,0.5,87.5,0.0,0.0,0.0,5,11,16,0.10000000000000142,8.0,1500.0,-0.050000000000000044,0.0,0.2699999999999999,0.2999999999999998,0.04999999999999999,2.451,1.959,0.825,1.329,1.626,0.63,0.349,0.741,1.1980330911358643,1.3862285654790514,0.3834478089938996,0.2850516522394571,0.6748,0.2643,0.1307,0.8196,0.0699,1
0.0,0.0,0.5,0.5,0,0,1.7,8.929418925714293,8.698970004336019,3.5,4.0,88.0,0.0,0.0,0.0,3,4,4,-0.3000000000000007,5.0,-1800.0,0.09999999999999998,0.0,0.09999999999999998,0.6000000000000001,0.14999999999999997,2.884,2.002,0.95,1.323,1.934,0.6789999999999999,0.616,-0.1019999999999999,1.2457596956683417,0.9431066534244954,0.4170851232062826,0.3376651859131732,0.6331,0.205,0.1742,0.6174,0.0833,1
0.0,0.0,0.5,0.5,0,0,13.0,8.812913356642856,7.698970004336019,12.5,8.5,86.0,0.0,0.0,0.0,0,5,10,0.10000000000000142,4.0,200.0,-0.050000000000000044,0.04999999999999999,0.38,0.5,0.0,2.645,0.0,0.751,0.0,1.894,0.0,-0.2449999999999999,0.0,0.9060118494310764,0.0,0.3351699403122077,0.0,0.5863,0.0,0.1947,0.7823,0.0485,0
0.0,0.0,0.5,0.5,0,0,1.3333333333333333,9.0,8.8750612633917,0.5,-0.5,87.5,0.0,0.0,0.0,1,-2,2,-0.3999999999999986,4.0,-2700.0,0.15000000000000002,-0.16,-0.030000000000000027,0.19999999999999996,0.09999999999999998,2.451,2.428,0.825,0.876,1.626,1.552,0.349,-0.0279999999999999,1.1980330911358643,0.9223655810598944,0.3834478089938996,0.4258533915693417,0.6748,0.223,0.1307,0.8196,0.0699,0
0.0,0.0,0.5,0.5,0,0,0.7647058823529411,8.812913356642856,8.929418925714293,-1.5,0.0,86.0,0.0,0.0,0.0,-3,-1,-7,-0.8999999999999986,-16.0,1700.0,-0.09999999999999998,0.06999999999999999,-0.06999999999999995,-0.30000000000000027,-0.19999999999999996,2.645,2.884,0.751,0.95,1.894,1.934,-0.2449999999999999,0.616,0.9060118494310764,1.2457596956683417,0.3351699403122077,0.4170851232062826,0.5863,0.1927,0.1947,0.7823,0.0485,0
0.0,0.0,0.5,0.5,0,0,1.5384615384615385,9.0,8.812913356642856,1.0,-1.5,87.5,0.0,0.0,0.0,5,6,11,0.1999999999999993,9.0,-2700.0,0.15000000000000002,-0.09,0.039999999999999925,0.0,0.09999999999999998,2.451,2.645,0.825,0.751,1.626,1.894,0.349,-0.2449999999999999,1.1980330911358643,0.9060118494310764,0.3834478089938996,0.3351699403122077,0.6748,0.219,0.1307,0.8196,0.0699,0
0.0,0.0,0.5,0.5,0,0,0.8823529411764706,8.8750612633917,8.929418925714293,-1.0,-1.0,86.5,0.0,0.0,0.0,1,7,2,-0.3000000000000007,-11.0,1700.0,-0.09999999999999998,0.14,0.0,-0.5000000000000002,-0.19999999999999996,2.428,2.884,0.876,0.95,1.552,1.934,-0.0279999999999999,0.616,0.9223655810598944,1.2457596956683417,0.4258533915693417,0.4170851232062826,0.5733,0.1927,0.2037,0.6876,0.0583,1
0.0,0.0,0.5,0.5,0,0,3.5714285714285716,9.0,8.44715803134222,4.0,4.0,87.5,0.0,0.0,0.0,5,8,16,-1.3999999999999986,-4.0,-2500.0,0.09999999999999998,-0.04000000000000001,0.12,0.5,0.09999999999999998,2.451,2.037,0.825,1.185,1.626,0.852,0.349,-0.737,1.1980330911358643,0.6589823082323523,0.3834478089938996,0.3983312412776303,0.6748,0.1764,0.1307,0.8196,0.0699,1
0.0,0.0,0.5,0.5,0,0,4.4,8.342422680822207,7.698970004336019,7.0,3.5,80.0,0.0,0.0,0.0,0,0,9,0.3999999999999986,11.0,-7500.0,0.29999999999999993,0.24999999999999997,-0.12,-0.09999999999999987,-0.050000000000000044,1.7739999999999998,0.0,1.399,0.0,0.375,0.0,-0.2739999999999999,0.0,0.8012143853944391,0.0,0.301485212462126,0.0,0.5765,0.2709,0.2085,0.7166,0.0536,1
0.0,0.0,0.5,0.5,0,0,4.545454545454546,9.0,8.342422680822207,6.5,3.5,87.5,0.0,0.0,0.0,5,11,5,-0.09999999999999787,2.0,5000.0,-0.19999999999999996,-0.29,0.5399999999999999,0.5999999999999999,0.15000000000000002,2.451,1.7739999999999998,0.825,1.399,1.626,0.375,0.349,-0.2739999999999999,1.1980330911358643,0.8012143853944391,0.3834478089938996,0.301485212462126,0.6748,0.215,0.1307,0.8196,0.0699,0
0.0,0.0,0.5,0.5,0,0,0.17857142857142858,7.698970004336019,8.44715803134222,-9.5,-3.0,70.0,0.0,0.0,0.0,0,-3,2,-1.6999999999999993,-17.0,0.0,0.0,0.0,-0.29999999999999993,0.0,0.0,0.0,2.037,0.0,1.185,0.0,0.852,0.0,-0.737,0.0,0.6589823082323523,0.0,0.3983312412776303,0.5138,0.1764,0.2154,0.6021,0.0655,0
0.0,0.0,0.5,0.5,0,0,0.05,7.698970004336019,9.0,-13.5,-7.0,70.0,0.0,0.0,0.0,-5,-11,-14,-0.3000000000000007,-13.0,2500.0,-0.09999999999999998,0.04000000000000001,-0.41999999999999993,-0.5,-0.09999999999999998,0.0,2.451,0.0,0.825,0.0,1.626,0.0,0.349,0.0,1.1980330911358643,0.0,0.3834478089938996,0.5138,0.1945,0.2154,0.6021,0.0655,0
0.0,0.0,0.5,0.5,0,0,1.2727272727272727,8.44715803134222,8.342422680822207,2.5,-0.5,83.5,0.0,0.0,0.0,0,3,-11,1.3000000000000007,6.0,7500.0,-0.29999999999999993,-0.24999999999999997,0.41999999999999993,0.09999999999999987,0.050000000000000044,2.037,1.7739999999999998,1.185,1.399,0.852,0.375,-0.737,-0.2739999999999999,0.6589823082323523,0.8012143853944391,0.3983312412776303,0.301485212462126,0.6025,0.215,0.2211,0.6103,0.0855,0
0.0,0.0,0.5,0.5,0,0,1.3076923076923077,8.929418925714293,8.812913356642856,1.2999999999999972,-3.5,87.5,0.0,0.0,0.0,1,-3,5,-1.1000000000000014,-1.0,-200.0,0.09999999999999998,0.09,0.09999999999999998,0.10000000000000009,0.19999999999999996,2.592,2.645,0.939,0.751,1.653,1.894,0.108,-0.2449999999999999,0.9731844800911872,0.9060118494310764,0.4399949494659632,0.3351699403122077,0.6413,0.219,0.2269,0.7296,0.0546,0
0.0,0.0,0.5,0.5,0,0,1.1111111111111112,7.698970004336019,7.653212513775344,-2.0,-2.0,70.0,0.0,0.0,0.0,0,0,-5,0.0,0.0,0.0,0.0,0.0,0.0,0.0,0.0,0.0,1.298,0.0,1.684,0.0,-0.386,0.0,0.202,0.0,1.2667385824722657,0.0,0.4647293118938521,0.4794,0.2959,0.2886,0.8789,0.0804,1
0.0,0.0,0.5,0.5,0,0,0.06923076923076923,7.653212513775344,8.812913356642856,-10.5,-6.5,75.5,0.0,0.0,0.0,0,-5,-5,-0.10000000000000142,-4.0,-200.0,0.050000000000000044,-0.04999999999999999,-0.38,-0.5,0.0,1.298,2.645,1.684,0.751,-0.386,1.894,0.202,-0.2449999999999999,1.2667385824722657,0.9060118494310764,0.4647293118938521,0.3351699403122077,0.5865,0.219,0.1176,0.8662,0.0636,0
0.0,0.0,0.5,0.5,0,0,17.0,8.929418925714293,7.698970004336019,13.799999999999997,5.0,87.5,0.0,0.0,0.0,1,2,15,-1.0,3.0,0.0,0.04999999999999993,0.13999999999999999,0.48,0.6000000000000001,0.19999999999999996,2.592,0.0,0.939,0.0,1.653,0.0,0.108,0.0,0.9731844800911872,0.0,0.4399949494659632,0.0,0.6413,0.232,0.2269,0.7296,0.0546,0
0.0,0.0,0.5,0.5,0,0,0.052941176470588235,7.653212513775344,8.929418925714293,-11.799999999999997,-3.0,75.5,0.0,0.0,0.0,-1,-2,-10,1.0,-3.0,0.0,-0.04999999999999993,-0.13999999999999999,-0.48,-0.6000000000000001,-0.19999999999999996,1.298,2.592,1.684,0.939,-0.386,1.653,0.202,0.108,1.2667385824722657,0.9731844800911872,0.4647293118938521,0.4399949494659632,0.5865,0.1318,0.1176,0.8662,0.0636,0
0.0,0.0,0.5,0.5,0,0,13.0,8.812913356642856,7.698970004336019,12.5,8.5,86.0,0.0,0.0,0.0,0,5,10,0.10000000000000142,4.0,200.0,-0.050000000000000044,0.04999999999999999,0.38,0.5,0.0,2.645,0.0,0.751,0.0,1.894,0.0,-0.2449999999999999,0.0,0.9060118494310764,0.0,0.3351699403122077,0.0,0.5863,0.232,0.1947,0.7823,0.0485,1
0.0,0.0,0.5,0.5,0,0,6.0,8.477121254719663,7.698970004336019,8.5,6.5,82.0,0.0,0.0,0.0,0,0,5,0.1999999999999993,5.0,-4000.0,0.15000000000000002,-0.04000000000000001,0.15000000000000002,0.20000000000000018,0.04999999999999999,1.959,0.0,1.329,0.0,0.63,0.0,0.741,0.0,1.3862285654790514,0.0,0.2850516522394571,0.0,0.514,0.0,0.2217,0.7231,0.0778,1
0.0,0.0,0.5,0.5,0,0,1.0,8.397940008672037,8.397940008672037,0.0,6.0,81.5,0.0,0.0,0.0,0,0,-4,0.1999999999999993,-3.0,-1500.0,0.050000000000000044,0.04000000000000001,-0.21999999999999997,-0.8000000000000003,-0.04999999999999999,2.05,2.019,1.34,1.24,0.71,0.7789999999999999,-0.0499999999999999,0.6809999999999999,0.9690345848123084,1.3873215883112155,0.3163682804721246,0.4047893828208005,0.0,0.2578,0.0,0.0,0.0,1
0.0,0.0,0.5,0.5,0,0,1.2,8.477121254719663,8.397940008672037,1.0,-0.5,82.0,0.0,0.0,0.0,0,0,3,0.1999999999999993,5.0,-4000.0,0.15000000000000002,-0.04000000000000001,0.15000000000000002,0.20000000000000018,0.04999999999999999,1.959,2.05,1.329,1.34,0.63,0.71,0.741,-0.0499999999999999,1.3862285654790514,0.9690345848123084,0.2850516522394571,0.3163682804721246,0.514,0.0,0.2217,0.7231,0.0778,1
0.0,0.0,0.5,0.5,0,0,5.0,8.397940008672037,7.698970004336019,7.5,1.0,80.5,0.0,0.0,0.0,0,0,6,-0.1999999999999993,3.0,1500.0,-0.050000000000000044,-0.04000000000000001,0.21999999999999997,0.8000000000000003,0.04999999999999999,2.019,0.0,1.24,0.0,0.7789999999999999,0.0,0.6809999999999999,0.0,1.3873215883112155,0.0,0.4047893828208005,0.0,0.5328,0.0,0.2094,0.6017,0.0808,0
0.0,0.0,0.5,0.5,0,0,0.8333333333333334,8.397940008672037,8.477121254719663,-1.0,-5.5,80.5,0.0,0.0,0.0,0,0,1,-0.3999999999999986,-2.0,5500.0,-0.20000000000000007,0.0,0.06999999999999995,0.6000000000000001,0.0,2.019,1.959,1.24,1.329,0.7789999999999999,0.63,0.6809999999999999,0.741,1.3873215883112155,1.3862285654790514,0.4047893828208005,0.2850516522394571,0.5328,0.2643,0.2094,0.6017,0.0808,0
0.0,0.0,0.5,0.5,0,0,0.2,7.698970004336019,8.397940008672037,-7.5,-7.0,70.0,0.0,0.0,0.0,0,0,-2,0.0,0.0,0.0,0.0,0.0,0.0,0.0,0.0,0.0,2.05,0.0,1.34,0.0,0.71,0.0,-0.0499999999999999,0.0,0.9690345848123084,0.0,0.3163682804721246,0.0,0.0,0.0,0.0,0.0,1
0.0,0.0,0.5,0.5,0,0,9.0,8.653212513775344,7.698970004336019,10.0,9.0,84.0,0.0,0.0,0.0,2,5,13,-0.5,6.0,-1500.0,0.04999999999999993,-0.020000000000000004,0.25,0.30000000000000004,0.09999999999999998,2.161,0.0,1.17,0.0,0.991,0.0,0.439,0.0,1.0807602735652382,0.0,0.5795295026523193,0.0,0.639,0.0,0.189,0.6935,0.066,0
0.0,0.0,0.5,0.5,0,0,24.0,9.079181246047625,7.698970004336019,14.0,8.0,88.5,0.0,0.0,0.0,1,3,15,-0.10000000000000142,7.0,-500.0,0.0,0.030000000000000027,0.13,0.40000000000000013,0.09999999999999998,2.341,0.0,1.067,0.0,1.274,0.0,0.359,0.0,1.1426634743995732,0.0,0.2724559087673128,0.0,0.6109,0.0,0.1611,0.6545,0.0492,0
0.0,0.0,0.5,0.5,0,0,0.375,8.653212513775344,9.079181246047625,-4.0,1.0,84.0,0.0,0.0,0.0,1,2,-2,-0.3999999999999986,-1.0,-1000.0,0.04999999999999993,-0.2,-0.32999999999999996,-0.10000000000000009,0.0,2.161,2.341,1.17,1.067,0.991,1.274,0.439,0.359,1.0807602735652382,1.1426634743995732,0.5795295026523193,0.2724559087673128,0.639,0.228,0.189,0.6935,0.066,1
0.0,0.0,0.5,0.5,0,0,1.0,7.698970004336019,7.698970004336019,0.0,0.0,70.0,0.0,0.0,0.0,0,0,0,0.0,0.0,0.0,0.0,0.15,0.44999999999999996,0.0,0.0,0.0,0.0,0.0,0.0,0.0,0.0,0.0,0.0,0.0,0.0,0.0,0.0,0.0,0.0,0.0,0.0,0.0,0
0.0,0.0,0.5,0.5,0,0,0.1111111111111111,7.698970004336019,8.653212513775344,-10.0,-9.0,70.0,0.0,0.0,0.0,-2,-5,-13,0.5,-6.0,1500.0,-0.04999999999999993,0.16999999999999998,0.19999999999999996,-0.30000000000000004,-0.09999999999999998,0.0,2.161,0.0,1.17,0.0,0.991,0.0,0.439,0.0,1.0807602735652382,0.0,0.5795295026523193,0.0,0.172,0.0,0.0,0.0,0
0.0,0.0,0.5,0.5,0,0,0.041666666666666664,7.698970004336019,9.079181246047625,-14.0,-8.0,70.0,0.0,0.0,0.0,-1,-3,-15,0.10000000000000142,-7.0,500.0,0.0,-0.18000000000000002,-0.58,-0.40000000000000013,-0.09999999999999998,0.0,2.341,0.0,1.067,0.0,1.274,0.0,0.359,0.0,1.1426634743995732,0.0,0.2724559087673128,0.0,0.228,0.0,0.0,0.0,0
0.0,0.0,0.5,0.5,0,0,1.2,8.380211241711606,8.301029995663981,1.0,-1.5,81.5,0.0,0.0,0.0,0,0,8,1.8000000000000007,11.0,3500.0,-0.15000000000000002,0.0,0.0,0.0,0.0,1.6960000000000002,1.939,1.391,1.535,0.305,0.404,-0.196,0.461,0.8891132124050513,1.1305019881189966,0.3092715455532385,0.3306374315033177,0.6244,0.236,0.1437,0.6265,0.0498,1
0.0,0.0,0.5,0.5,0,0,22.0,9.041392685158225,7.698970004336019,14.5,9.5,89.0,0.0,0.0,0.0,2,7,15,-0.3000000000000007,10.0,-200.0,0.0,0.0,0.52,0.7000000000000002,0.09999999999999998,2.804,0.0,0.5599999999999999,0.0,2.244,0.0,0.296,0.0,1.0649770760444726,0.0,0.2852756951130297,0.0,0.7185,0.0,0.05,0.6062,0.0885,1
0.0,0.0,0.5,0.5,0,0,0.21818181818181817,8.380211241711606,9.041392685158225,-7.0,-5.0,81.5,0.0,0.0,0.0,-2,-7,-4,0.9000000000000021,0.0,200.0,0.0,0.0,-0.52,-0.7000000000000002,-0.09999999999999998,1.6960000000000002,2.804,1.391,0.5599999999999999,0.305,2.244,-0.196,0.296,0.8891132124050513,1.0649770760444726,0.3092715455532385,0.2852756951130297,0.6244,0.2349,0.1437,0.6265,0.0498,0
0.0,0.0,0.5,0.5,0,0,0.25,7.698970004336019,8.301029995663981,-6.5,-6.0,70.0,0.0,0.0,0.0,0,0,-3,1.1999999999999993,1.0,3500.0,-0.15000000000000002,0.0,0.0,0.0,0.0,0.0,1.939,0.0,1.535,0.0,0.404,0.0,0.461,0.0,1.1305019881189966,0.0,0.3306374315033177,0.0,0.236,0.0,0.0,0.0,0
0.0,0.0,0.5,0.5,0,0,0.20833333333333334,7.698970004336019,8.380211241711606,-7.5,-4.5,70.0,0.0,0.0,0.0,0,0,-11,-0.6000000000000014,-10.0,0.0,0.0,0.0,0.0,0.0,0.0,0.0,1.6960000000000002,0.0,1.391,0.0,0.305,0.0,-0.196,0.0,0.8891132124050513,0.0,0.3092715455532385,0.0,0.2319,0.0,0.0,0.0,0
0.0,0.0,0.5,0.5,0,0,0.18181818181818182,8.301029995663981,9.041392685158225,-8.0,-3.5,80.0,0.0,0.0,0.0,-2,-7,-12,-0.8999999999999986,-11.0,-3300.0,0.15000000000000002,0.0,-0.52,-0.7000000000000002,-0.09999999999999998,1.939,2.804,1.535,0.5599999999999999,0.404,2.244,0.461,0.296,1.1305019881189966,1.0649770760444726,0.3306374315033177,0.2852756951130297,0.5346,0.2349,0.2295,0.6943,0.0654,0
0.0,0.0,0.5,0.5,0,0,9.444444444444445,8.929418925714293,7.954242509439325,10.5,7.5,88.0,0.0,0.0,0.0,3,6,17,1.0,20.0,-1500.0,0.04999999999999993,-0.020000000000000004,0.44999999999999996,0.8000000000000003,0.19999999999999996,2.884,1.301,0.95,1.702,1.934,-0.4009999999999999,0.616,-0.2009999999999999,1.2457596956683417,0.737245876731336,0.4170851232062826,0.4377327952073045,0.6331,0.0,0.1742,0.6174,0.0833,1
0.0,0.0,0.5,0.5,0,0,0.9,7.653212513775344,7.698970004336019,2.5,1.5,76.5,0.0,0.0,0.0,0,0,0,0.0,0.0,0.0,0.0,0.0,0.0,0.0,0.0,1.375,0.0,1.632,0.0,-0.257,0.0,0.125,0.0,1.078173606970716,0.0,0.5094932122544257,0.0,0.4759,0.2457,0.1547,0.6154,0.0539,0
0.0,0.0,0.5,0.5,0,0,18.88888888888889,8.929418925714293,7.653212513775344,11.5,7.0,88.0,0.0,0.0,0.0,3,6,17,1.0,20.0,-1500.0,0.04999999999999993,-0.020000000000000004,0.44999999999999996,0.8000000000000003,0.19999999999999996,2.884,1.375,0.95,1.632,1.934,-0.257,0.616,0.125,1.2457596956683417,1.078173606970716,0.4170851232062826,0.5094932122544257,0.6331,0.3694,0.1742,0.6174,0.0833,1
0.0,0.0,0.5,0.5,0,0,0.5555555555555556,7.698970004336019,7.954242509439325,-3.5,-1.0,70.0,0.0,0.0,0.0,0,0,0,0.0,0.0,0.0,0.0,0.0,0.0,0.0,0.0,0.0,1.301,0.0,1.702,0.0,-0.4009999999999999,0.0,-0.2009999999999999,0.0,0.737245876731336,0.0,0.4377327952073045,0.423,0.0,0.3313,0.636,0.0569,1
0.0,0.0,0.5,0.5,0,0,0.058823529411764705,7.698970004336019,8.929418925714293,-14.0,-8.5,70.0,0.0,0.0,0.0,-3,-6,-17,-1.0,-20.0,1500.0,-0.04999999999999993,0.020000000000000004,-0.44999999999999996,-0.8000000000000003,-0.19999999999999996,0.0,2.884,0.0,0.95,0.0,1.934,0.0,0.616,0.0,1.2457596956683417,0.0,0.4170851232062826,0.423,0.1927,0.3313,0.636,0.0569,0
0.0,0.0,0.5,0.5,0,0,2.0,7.954242509439325,7.653212513775344,1.0,-0.5,77.0,0.0,0.0,0.0,0,0,0,0.0,0.0,0.0,0.0,0.0,0.0,0.0,0.0,1.301,1.375,1.702,1.632,-0.4009999999999999,-0.257,-0.2009999999999999,0.125,0.737245876731336,1.078173606970716,0.4377327952073045,0.5094932122544257,0.0,0.3694,0.0,0.0,0.0,1
0.0,0.0,0.5,0.5,0,0,1.1,8.342422680822207,8.301029995663981,0.0,-0.5,80.0,0.0,0.0,0.0,0,-4,5,0.3999999999999986,11.0,-7500.0,0.29999999999999993,0.24999999999999997,-0.12,-0.09999999999999987,-0.050000000000000044,1.7739999999999998,1.599,1.399,1.173,0.375,0.426,-0.2739999999999999,0.1009999999999999,0.8012143853944391,0.9320745946735548,0.301485212462126,0.3812100616603805,0.5765,0.2383,0.2085,0.7166,0.0536,0
0.0,0.0,0.5,0.5,0,0,0.24,8.255272505103306,8.8750612633917,-7.0,-5.5,81.0,0.0,0.0,0.0,-4,-12,-9,-0.6999999999999993,-9.0,1800.0,0.0,-0.14,-0.47,-0.09999999999999987,0.0,1.7420000000000002,2.428,1.473,0.876,0.269,1.552,0.758,-0.0279999999999999,1.5093139957020203,0.9223655810598944,0.4204177816305003,0.4258533915693417,0.613,0.223,0.1143,0.8314,0.0437,1
0.0,0.0,0.5,0.5,0,0,3.75,8.8750612633917,8.301029995663981,6.0,3.5,86.5,0.0,0.0,0.0,4,9,8,0.6999999999999993,9.0,200.0,-0.050000000000000044,0.12,0.44999999999999996,0.30000000000000004,0.0,2.428,1.599,0.876,1.173,1.552,0.426,-0.0279999999999999,0.1009999999999999,0.9223655810598944,0.9320745946735548,0.4258533915693417,0.3812100616603805,0.5733,0.2383,0.2037,0.6876,0.0583,1
0.0,0.0,0.5,0.5,0,0,0.8181818181818182,8.255272505103306,8.342422680822207,-1.0,-1.5,81.0,0.0,0.0,0.0,0,1,-6,-0.3999999999999986,-11.0,9500.0,-0.35,-0.26999999999999996,0.09999999999999998,0.30000000000000004,0.050000000000000044,1.7420000000000002,1.7739999999999998,1.473,1.399,0.269,0.375,0.758,-0.2739999999999999,1.5093139957020203,0.8012143853944391,0.4204177816305003,0.301485212462126,0.613,0.215,0.1143,0.8314,0.0437,0
0.0,0.0,0.5,0.5,0,0,1.1111111111111112,8.301029995663981,8.255272505103306,1.0,2.0,81.0,0.0,0.0,0.0,0,3,1,0.0,0.0,-2000.0,0.050000000000000044,0.020000000000000004,0.020000000000000018,-0.20000000000000018,0.0,1.599,1.7420000000000002,1.173,1.473,0.426,0.269,0.1009999999999999,0.758,0.9320745946735548,1.5093139957020203,0.3812100616603805,0.4204177816305003,0.4719,0.2727,0.2898,0.8452,0.0678,1
0.0,0.0,0.5,0.5,0,0,3.409090909090909,8.8750612633917,8.342422680822207,6.0,4.0,86.5,0.0,0.0,0.0,4,13,3,0.3000000000000007,-2.0,7700.0,-0.35,-0.12999999999999998,0.57,0.3999999999999999,0.050000000000000044,2.428,1.7739999999999998,0.876,1.399,1.552,0.375,-0.0279999999999999,-0.2739999999999999,0.9223655810598944,0.8012143853944391,0.4258533915693417,0.301485212462126,0.5733,0.215,0.2037,0.6876,0.0583,0
0.0,0.0,0.5,0.5,0,0,4.8,8.380211241711606,7.698970004336019,7.5,4.5,81.5,0.0,0.0,0.0,0,0,11,0.6000000000000014,10.0,0.0,0.0,0.0,0.0,0.0,0.0,1.6960000000000002,0.0,1.391,0.0,0.305,0.0,-0.196,0.0,0.8891132124050513,0.0,0.3092715455532385,0.0,0.6244,0.0,0.1437,0.6265,0.0498,0
0.0,0.0,0.5,0.5,0,0,0.05,7.698970004336019,9.0,-13.5,-7.0,70.0,0.0,0.0,0.0,-5,-11,-21,-0.3000000000000007,-13.0,2500.0,-0.09999999999999998,0.04000000000000001,-0.41999999999999993,-0.5,-0.09999999999999998,0.0,2.451,0.0,0.825,0.0,1.626,0.0,0.349,0.0,1.1980330911358643,0.0,0.3834478089938996,0.5336,0.1945,0.158,0.7568,0.0614,0
0.0,0.0,0.5,0.5,0,0,0.20833333333333334,7.698970004336019,8.380211241711606,-7.5,-4.5,70.0,0.0,0.0,0.0,0,0,-11,-0.6000000000000014,-10.0,0.0,0.0,0.0,0.0,0.0,0.0,0.0,1.6960000000000002,0.0,1.391,0.0,0.305,0.0,-0.196,0.0,0.8891132124050513,0.0,0.3092715455532385,0.5336,0.2319,0.158,0.7568,0.0614,0
0.0,0.0,0.5,0.5,0,0,20.0,9.0,7.698970004336019,13.5,7.0,87.5,0.0,0.0,0.0,5,11,21,0.3000000000000007,13.0,-2500.0,0.09999999999999998,-0.04000000000000001,0.41999999999999993,0.5,0.09999999999999998,2.451,0.0,0.825,0.0,1.626,0.0,0.349,0.0,1.1980330911358643,0.0,0.3834478089938996,0.0,0.6748,0.0,0.1307,0.8196,0.0699,1
0.0,0.0,0.5,0.5,0,0,4.166666666666667,9.0,8.380211241711606,6.0,2.5,87.5,0.0,0.0,0.0,5,11,10,-0.3000000000000007,3.0,-2500.0,0.09999999999999998,-0.04000000000000001,0.41999999999999993,0.5,0.09999999999999998,2.451,1.6960000000000002,0.825,1.391,1.626,0.305,0.349,-0.196,1.1980330911358643,0.8891132124050513,0.3834478089938996,0.3092715455532385,0.6748,0.2319,0.1307,0.8196,0.0699,0
0.0,0.0,0.5,0.5,0,0,1.0,7.698970004336019,7.698970004336019,0.0,0.0,70.0,0.0,0.0,0.0,0,0,0,0.0,0.0,0.0,0.0,0.0,0.0,0.0,0.0,0.0,0.0,0.0,0.0,0.0,0.0,0.0,0.0,0.0,0.0,0.0,0.0,0.0,0.3084,0.0,0.0,0.0,0
0.0,0.0,0.5,0.5,0,0,0.17857142857142858,7.698970004336019,8.44715803134222,-9.5,-3.0,70.0,0.0,0.0,0.0,0,-3,-5,-1.6999999999999993,-17.0,0.0,0.0,0.0,-0.29999999999999993,0.0,0.0,0.0,2.037,0.0,1.185,0.0,0.852,0.0,-0.737,0.0,0.6589823082323523,0.0,0.3983312412776303,0.0,0.1764,0.0,0.0,0.0,0
0.0,0.0,0.5,0.5,0,0,0.058823529411764705,7.698970004336019,8.929418925714293,-14.0,-8.5,70.0,0.0,0.0,0.0,-3,-6,-17,-1.0,-20.0,1500.0,-0.04999999999999993,0.020000000000000004,-0.44999999999999996,-0.8000000000000003,-0.19999999999999996,0.0,2.884,0.0,0.95,0.0,1.934,0.0,0.616,0.0,1.2457596956683417,0.0,0.4170851232062826,0.423,0.1927,0.3313,0.636,0.0569,0
0.0,0.0,0.5,0.5,0,0,1.0,7.698970004336019,7.698970004336019,0.0,0.0,70.0,0.0,0.0,0.0,0,0,0,0.0,0.0,0.0,0.0,0.0,0.0,0.0,0.0,0.0,0.0,0.0,0.0,0.0,0.0,0.0,0.0,0.0,0.0,0.0,0.0,0.423,0.0,0.3313,0.636,0.0569,1
0.0,0.0,0.5,0.5,0,0,3.0357142857142856,8.929418925714293,8.44715803134222,4.5,5.5,88.0,0.0,0.0,0.0,3,3,12,-0.6999999999999993,3.0,-1500.0,0.04999999999999993,-0.020000000000000004,0.15000000000000002,0.8000000000000003,0.19999999999999996,2.884,2.037,0.95,1.185,1.934,0.852,0.616,-0.737,1.2457596956683417,0.6589823082323523,0.4170851232062826,0.3983312412776303,0.6331,0.1764,0.1742,0.6174,0.0833,0
0.0,0.0,0.5,0.5,0,0,5.6,8.44715803134222,7.698970004336019,9.5,3.0,83.5,0.0,0.0,0.0,0,3,5,1.6999999999999993,17.0,0.0,0.0,0.0,0.29999999999999993,0.0,0.0,2.037,0.0,1.185,0.0,0.852,0.0,-0.737,0.0,0.6589823082323523,0.0,0.3983312412776303,0.0,0.6025,0.2457,0.2211,0.6103,0.0855,1
0.0,0.0,0.5,0.5,0,0,17.0,8.929418925714293,7.698970004336019,14.0,8.5,88.0,0.0,0.0,0.0,3,6,17,1.0,20.0,-1500.0,0.04999999999999993,-0.020000000000000004,0.44999999999999996,0.8000000000000003,0.19999999999999996,2.884,0.0,0.95,0.0,1.934,0.0,0.616,0.0,1.2457596956683417,0.0,0.4170851232062826,0.0,0.6331,0.0,0.1742,0.6174,0.0833,0
0.0,0.0,0.5,0.5,0,0,0.9,7.653212513775344,7.698970004336019,2.0,2.0,75.5,0.0,0.0,0.0,0,0,5,0.0,0.0,0.0,0.0,0.0,0.0,0.0,0.0,1.298,0.0,1.684,0.0,-0.386,0.0,0.202,0.0,1.2667385824722657,0.0,0.4647293118938521,0.0,0.5865,0.2673,0.1176,0.8662,0.0636,0
0.0,0.0,0.5,0.5,0,0,0.045454545454545456,7.698970004336019,9.041392685158225,-14.5,-9.5,70.0,0.0,0.0,0.0,-2,-7,-15,0.3000000000000007,-10.0,200.0,0.0,0.0,-0.52,-0.7000000000000002,-0.09999999999999998,0.0,2.804,0.0,0.5599999999999999,0.0,2.244,0.0,0.296,0.0,1.0649770760444726,0.0,0.2852756951130297,0.5263,0.2349,0.2429,0.8909,0.0788,0
0.0,0.0,0.5,0.5,0,0,22.0,9.041392685158225,7.698970004336019,14.5,9.5,89.0,0.0,0.0,0.0,2,7,15,-0.3000000000000007,10.0,-200.0,0.0,0.0,0.52,0.7000000000000002,0.09999999999999998,2.804,0.0,0.5599999999999999,0.0,2.244,0.0,0.296,0.0,1.0649770760444726,0.0,0.2852756951130297,0.0,0.7185,0.2673,0.05,0.6062,0.0885,1
0.0,0.0,0.5,0.5,0,0,1.1111111111111112,7.698970004336019,7.653212513775344,-2.0,-2.0,70.0,0.0,0.0,0.0,0,0,-5,0.0,0.0,0.0,0.0,0.0,0.0,0.0,0.0,0.0,1.298,0.0,1.684,0.0,-0.386,0.0,0.202,0.0,1.2667385824722657,0.0,0.4647293118938521,0.5263,0.2959,0.2429,0.8909,0.0788,0
0.0,0.0,0.5,0.5,0,0,1.0,7.698970004336019,7.698970004336019,0.0,0.0,70.0,0.0,0.0,0.0,0,0,0,0.0,0.0,0.0,0.0,0.0,0.0,0.0,0.0,0.0,0.0,0.0,0.0,0.0,0.0,0.0,0.0,0.0,0.0,0.0,0.0,0.5604,0.2308,0.1723,0.8411,0.0493,0
0.0,0.0,0.5,0.5,0,0,24.444444444444443,9.041392685158225,7.653212513775344,12.5,7.5,89.0,0.0,0.0,0.0,2,7,10,-0.3000000000000007,10.0,-200.0,0.0,0.0,0.52,0.7000000000000002,0.09999999999999998,2.804,1.298,0.5599999999999999,1.684,2.244,-0.386,0.296,0.202,1.0649770760444726,1.2667385824722657,0.2852756951130297,0.4647293118938521,0.7185,0.2959,0.05,0.6062,0.0885,1
0.0,0.0,0.5,0.5,0,0,2.4285714285714284,8.929418925714293,8.544068044350276,4.799999999999997,1.0,87.5,0.0,0.0,0.0,1,1,10,-1.0,-1.0,-500.0,-0.050000000000000044,0.15999999999999998,0.19999999999999996,0.6000000000000001,0.04999999999999993,2.592,1.7559999999999998,0.939,1.164,1.653,0.592,0.108,0.244,0.9731844800911872,1.1196847912652483,0.4399949494659632,0.1581981879373676,0.6413,0.2251,0.2269,0.7296,0.0546,0
0.0,0.0,0.5,0.5,0,0,0.05,7.653212513775344,8.954242509439325,-11.0,-5.0,76.5,0.0,0.0,0.0,0,-2,-7,-0.6999999999999993,-13.0,0.0,-0.04999999999999993,-0.01999999999999999,-0.4,-1.0,-0.09999999999999998,1.375,2.591,1.632,0.97,-0.257,1.621,0.125,0.709,1.078173606970716,1.1798394922132849,0.5094932122544257,0.3362356977544835,0.4759,0.2035,0.1547,0.6154,0.0539,0
0.0,0.0,0.5,0.5,0,0,0.052941176470588235,7.653212513775344,8.929418925714293,-11.299999999999997,-3.5,76.5,0.0,0.0,0.0,-1,-2,-15,1.0,-3.0,0.0,-0.04999999999999993,-0.13999999999999999,-0.48,-0.6000000000000001,-0.19999999999999996,1.375,2.592,1.632,0.939,-0.257,1.653,0.125,0.108,1.078173606970716,0.9731844800911872,0.5094932122544257,0.4399949494659632,0.4759,0.1318,0.1547,0.6154,0.0539,0
0.0,0.0,0.5,0.5,0,0,2.5714285714285716,8.954242509439325,8.544068044350276,4.5,2.5,87.0,0.0,0.0,0.0,0,1,2,0.6999999999999993,9.0,-500.0,-0.050000000000000044,0.039999999999999994,0.12,1.0,-0.050000000000000044,2.591,1.7559999999999998,0.97,1.164,1.621,0.592,0.709,0.244,1.1798394922132849,1.1196847912652483,0.3362356977544835,0.1581981879373676,0.692,0.2251,0.1045,0.6599,0.0657,1
0.0,0.0,0.5,0.5,0,0,1.0588235294117647,8.954242509439325,8.929418925714293,-0.29999999999999716,1.5,87.0,0.0,0.0,0.0,-1,0,-8,1.6999999999999993,10.0,0.0,0.0,-0.12,-0.07999999999999996,0.3999999999999999,-0.09999999999999998,2.591,2.592,0.97,0.939,1.621,1.653,0.709,0.108,1.1798394922132849,0.9731844800911872,0.3362356977544835,0.4399949494659632,0.692,0.1318,0.1045,0.6599,0.0657,0
0.0,0.0,0.5,0.5,0,0,7.777777777777778,8.544068044350276,7.653212513775344,6.5,2.5,83.0,0.0,0.0,0.0,0,1,5,0.0,4.0,500.0,0.09999999999999998,-0.020000000000000004,0.28,0.0,0.15000000000000002,1.7559999999999998,1.375,1.164,1.632,0.592,-0.257,0.244,0.125,1.1196847912652483,1.078173606970716,0.1581981879373676,0.5094932122544257,0.5143,0.3694,0.2606,0.8589,0.0712,0
0.0,0.0,0.5,0.5,0,0,0.2916666666666667,7.544068044350276,8.079181246047625,-3.0,-1.5,74.5,0.0,0.0,0.0,0,0,3,0.0,0.0,0.0,0.0,0.55,-0.38,0.0,0.0,1.287,1.764,1.825,1.675,-0.5379999999999999,0.089,-0.187,-0.064,0.9046575994599472,0.9638575780728784,0.3522010158354963,0.284026602822889,0.3822,0.2807,0.3501,0.6855,0.0418,1
0.0,0.0,0.5,0.5,0,0,9.0,8.653212513775344,7.698970004336019,10.0,9.0,84.0,0.0,0.0,0.0,2,5,13,-0.5,6.0,-1500.0,0.04999999999999993,-0.020000000000000004,0.25,0.30000000000000004,0.09999999999999998,2.161,0.0,1.17,0.0,0.991,0.0,0.439,0.0,1.0807602735652382,0.0,0.5795295026523193,0.0,0.639,0.0,0.189,0.6935,0.066,1
0.0,0.0,0.5,0.5,0,0,12.857142857142858,8.653212513775344,7.544068044350276,8.5,10.5,84.0,0.0,0.0,0.0,2,5,8,-0.5,6.0,-1500.0,0.04999999999999993,-0.5700000000000001,0.63,0.30000000000000004,0.09999999999999998,2.161,1.287,1.17,1.825,0.991,-0.5379999999999999,0.439,-0.187,1.0807602735652382,0.9046575994599472,0.5795295026523193,0.3522010158354963,0.639,0.2677,0.189,0.6935,0.066,1
0.0,0.0,0.5,0.5,0,0,0.4166666666666667,7.698970004336019,8.079181246047625,-4.5,0.0,70.0,0.0,0.0,0.0,0,0,-2,0.0,0.0,0.0,0.0,0.0,0.0,0.0,0.0,0.0,1.764,0.0,1.675,0.0,0.089,0.0,-0.064,0.0,0.9638575780728784,0.0,0.284026602822889,0.0,0.2807,0.0,0.0,0.0,1
0.0,0.0,0.5,0.5,0,0,0.26666666666666666,8.079181246047625,8.653212513775344,-5.5,-9.0,80.5,0.0,0.0,0.0,-2,-5,-11,0.5,-6.0,1500.0,-0.04999999999999993,0.020000000000000004,-0.25,-0.30000000000000004,-0.09999999999999998,1.764,2.161,1.675,1.17,0.089,0.991,-0.064,0.439,0.9638575780728784,1.0807602735652382,0.284026602822889,0.5795295026523193,0.4805,0.172,0.2388,0.7556,0.0752,0
0.0,0.0,0.5,0.5,0,0,1.4285714285714286,7.698970004336019,7.544068044350276,-1.5,1.5,70.0,0.0,0.0,0.0,0,0,-5,0.0,0.0,0.0,0.0,-0.55,0.38,0.0,0.0,0.0,1.287,0.0,1.825,0.0,-0.5379999999999999,0.0,-0.187,0.0,0.9046575994599472,0.0,0.3522010158354963,0.0,0.2677,0.0,0.0,0.0,1
0.0,0.0,0.5,0.5,0,0,20.0,8.698970004336019,7.3979400086720375,11.0,6.5,84.5,0.0,0.0,0.0,0,2,13,1.3000000000000007,15.0,300.0,-0.050000000000000044,-0.020000000000000004,0.35,0.20000000000000018,0.04999999999999999,2.002,1.15,1.323,1.904,0.6789999999999999,-0.7539999999999999,-0.1019999999999999,-0.05,0.9431066534244954,1.1563847112999333,0.3376651859131732,0.4294440850939994,0.5783,0.0,0.2167,0.8053,0.062,1
0.0,0.0,0.5,0.5,0,0,0.05,7.778151250383644,9.079181246047625,-11.5,-7.0,76.0,0.0,0.0,0.0,-1,-3,-10,0.10000000000000142,-7.0,500.0,0.0,-0.18000000000000002,-0.58,-0.40000000000000013,-0.09999999999999998,1.372,2.341,1.892,1.067,-0.5199999999999999,1.274,0.628,0.359,1.5354699312272966,1.1426634743995732,0.2863098554596634,0.2724559087673128,0.0,0.228,0.0,0.0,0.0,0
0.0,0.0,0.5,0.5,0,0,8.333333333333334,8.698970004336019,7.778151250383644,8.0,3.5,84.5,0.0,0.0,0.0,0,2,8,1.3000000000000007,15.0,300.0,-0.050000000000000044,-0.020000000000000004,0.35,0.20000000000000018,0.04999999999999999,2.002,1.372,1.323,1.892,0.6789999999999999,-0.5199999999999999,-0.1019999999999999,0.628,0.9431066534244954,1.5354699312272966,0.3376651859131732,0.2863098554596634,0.5783,0.0,0.2167,0.8053,0.062,1
0.0,0.0,0.5,0.5,0,0,48.0,9.079181246047625,7.3979400086720375,14.5,10.0,88.5,0.0,0.0,0.0,1,3,15,-0.10000000000000142,7.0,-500.0,0.0,0.18000000000000002,0.58,0.40000000000000013,0.09999999999999998,2.341,1.15,1.067,1.904,1.274,-0.7539999999999999,0.359,-0.05,1.1426634743995732,1.1563847112999333,0.2724559087673128,0.4294440850939994,0.6109,0.0,0.1611,0.6545,0.0492,1
0.0,0.0,0.5,0.5,0,0,1.0,8.397940008672037,8.397940008672037,0.5,-5.0,80.5,0.0,0.0,0.0,0,0,4,-1.0999999999999979,-4.0,1500.0,-0.050000000000000044,-0.04000000000000001,0.21999999999999997,0.8000000000000003,0.04999999999999999,2.019,1.752,1.24,1.546,0.7789999999999999,0.206,0.6809999999999999,0.048,1.3873215883112155,0.9886736370672355,0.4047893828208005,0.4680645729431405,0.5328,0.2322,0.2094,0.6017,0.0808,0
0.0,0.0,0.5,0.5,0,0,0.16666666666666666,7.698970004336019,8.477121254719663,-8.5,-6.5,70.0,0.0,0.0,0.0,0,0,-5,-0.1999999999999993,-5.0,4000.0,-0.15000000000000002,0.04000000000000001,-0.15000000000000002,-0.20000000000000018,-0.04999999999999999,0.0,1.959,0.0,1.329,0.0,0.63,0.0,0.741,0.0,1.3862285654790514,0.0,0.2850516522394571,0.5587,0.2643,0.2233,0.8282,0.0681,0
0.0,0.0,0.5,0.5,0,0,5.0,8.397940008672037,7.698970004336019,7.5,1.0,80.5,0.0,0.0,0.0,0,0,6,-0.1999999999999993,3.0,1500.0,-0.050000000000000044,-0.04000000000000001,0.21999999999999997,0.8000000000000003,0.04999999999999999,2.019,0.0,1.24,0.0,0.7789999999999999,0.0,0.6809999999999999,0.0,1.3873215883112155,0.0,0.4047893828208005,0.0,0.5328,0.2179,0.2094,0.6017,0.0808,0
0.0,0.0,0.5,0.5,0,0,0.8333333333333334,8.397940008672037,8.477121254719663,-1.5,-0.5,81.0,0.0,0.0,0.0,0,0,-3,0.6999999999999993,2.0,4000.0,-0.15000000000000002,0.04000000000000001,-0.15000000000000002,-0.20000000000000018,-0.04999999999999999,1.752,1.959,1.546,1.329,0.206,0.63,0.048,0.741,0.9886736370672355,1.3862285654790514,0.4680645729431405,0.2850516522394571,0.5271,0.2643,0.2408,0.6933,0.0563,0
0.0,0.0,0.5,0.5,0,0,2.4,9.079181246047625,8.698970004336019,3.5,3.5,88.5,0.0,0.0,0.0,1,1,2,-1.4000000000000021,-8.0,-800.0,0.050000000000000044,0.2,0.22999999999999998,0.19999999999999996,0.04999999999999999,2.341,2.002,1.067,1.323,1.274,0.6789999999999999,0.359,-0.1019999999999999,1.1426634743995732,0.9431066534244954,0.2724559087673128,0.3376651859131732,0.6109,0.205,0.1611,0.6545,0.0492,0
0.0,0.0,0.5,0.5,0,0,0.4166666666666667,7.3979400086720375,7.778151250383644,-3.0,-3.0,72.5,0.0,0.0,0.0,0,0,-5,0.0,0.0,0.0,0.0,0.0,0.0,0.0,0.0,1.15,1.372,1.904,1.892,-0.7539999999999999,-0.5199999999999999,-0.05,0.628,1.1563847112999333,1.5354699312272966,0.4294440850939994,0.2863098554596634,0.0,0.0,0.0,0.0,0.0,0
0.0,0.0,0.5,0.5,0,0,1.2,8.477121254719663,8.397940008672037,1.0,5.5,82.0,0.0,0.0,0.0,0,0,-1,0.3999999999999986,2.0,-5500.0,0.20000000000000007,0.0,-0.06999999999999995,-0.6000000000000001,0.0,1.959,2.019,1.329,1.24,0.63,0.7789999999999999,0.741,0.6809999999999999,1.3862285654790514,1.3873215883112155,0.2850516522394571,0.4047893828208005,0.514,0.2578,0.2217,0.7231,0.0778,0
0.0,0.0,0.5,0.5,0,0,0.2,7.698970004336019,8.397940008672037,-7.0,-6.0,70.0,0.0,0.0,0.0,0,0,-2,-0.8999999999999986,-7.0,0.0,0.0,0.0,0.0,0.0,0.0,0.0,1.752,0.0,1.546,0.0,0.206,0.0,0.048,0.0,0.9886736370672355,0.0,0.4680645729431405,0.5587,0.2322,0.2233,0.8282,0.0681,0
0.0,0.0,0.5,0.5,0,0,4.545454545454546,9.0,8.342422680822207,6.5,3.5,87.5,0.0,0.0,0.0,5,11,5,-0.09999999999999787,2.0,5000.0,-0.19999999999999996,-0.29,0.5399999999999999,0.5999999999999999,0.15000000000000002,2.451,1.7739999999999998,0.825,1.399,1.626,0.375,0.349,-0.2739999999999999,1.1980330911358643,0.8012143853944391,0.3834478089938996,0.301485212462126,0.6748,0.215,0.1307,0.8196,0.0699,1
0.0,0.0,0.5,0.5,0,0,2.0,8.698970004336019,8.397940008672037,3.0,3.5,84.5,0.0,0.0,0.0,0,2,7,1.5,12.0,-1200.0,0.0,0.020000000000000004,0.13,-0.6000000000000001,0.0,2.002,2.019,1.323,1.24,0.6789999999999999,0.7789999999999999,-0.1019999999999999,0.6809999999999999,0.9431066534244954,1.3873215883112155,0.3376651859131732,0.4047893828208005,0.5783,0.2578,0.2167,0.8053,0.062,1
0.0,0.0,0.5,0.5,0,0,0.8333333333333334,8.301029995663981,8.380211241711606,-0.5,-0.5,81.0,0.0,0.0,0.0,0,4,0,-0.6000000000000014,-10.0,0.0,0.0,0.0,0.0,0.0,0.0,1.599,1.6960000000000002,1.173,1.391,0.426,0.305,0.1009999999999999,-0.196,0.9320745946735548,0.8891132124050513,0.3812100616603805,0.3092715455532385,0.4719,0.2319,0.2898,0.8452,0.0678,1
0.0,0.0,0.5,0.5,0,0,0.25,8.477121254719663,9.079181246047625,-5.5,-1.5,82.0,0.0,0.0,0.0,-1,-3,-10,0.3000000000000007,-2.0,-3500.0,0.15000000000000002,-0.22000000000000003,-0.42999999999999994,-0.19999999999999996,-0.04999999999999999,1.959,2.341,1.329,1.067,0.63,1.274,0.741,0.359,1.3862285654790514,1.1426634743995732,0.2850516522394571,0.2724559087673128,0.514,0.228,0.2217,0.7231,0.0778,0
0.0,0.0,0.5,0.5,0,0,0.4090909090909091,8.653212513775344,9.041392685158225,-4.5,-0.5,84.0,0.0,0.0,0.0,0,-2,-2,-0.1999999999999993,-4.0,-1300.0,0.04999999999999993,-0.020000000000000004,-0.27,-0.40000000000000013,0.0,2.161,2.804,1.17,0.5599999999999999,0.991,2.244,0.439,0.296,1.0807602735652382,1.0649770760444726,0.5795295026523193,0.2852756951130297,0.639,0.2349,0.189,0.6935,0.066,0
0.0,0.0,0.5,0.5,0,0,2.0,9.0,8.698970004336019,3.0,2.5,87.5,0.0,0.0,0.0,5,9,8,-1.0,-2.0,-2800.0,0.15000000000000002,-0.020000000000000004,0.06999999999999995,0.2999999999999998,0.04999999999999999,2.451,2.002,0.825,1.323,1.626,0.6789999999999999,0.349,-0.1019999999999999,1.1980330911358643,0.9431066534244954,0.3834478089938996,0.3376651859131732,0.6748,0.205,0.1307,0.8196,0.0699,0
0.0,0.0,0.5,0.5,0,0,0.16666666666666666,8.301029995663981,9.079181246047625,-7.0,-4.0,81.0,0.0,0.0,0.0,-1,1,-4,0.10000000000000142,-7.0,500.0,0.0,-0.18000000000000002,-0.58,-0.40000000000000013,-0.09999999999999998,1.599,2.341,1.173,1.067,0.426,1.274,0.1009999999999999,0.359,0.9320745946735548,1.1426634743995732,0.3812100616603805,0.2724559087673128,0.4719,0.228,0.2898,0.8452,0.0678,0
0.0,0.0,0.5,0.5,0,0,0.17857142857142858,7.698970004336019,8.44715803134222,-9.5,-3.0,70.0,0.0,0.0,0.0,0,-3,-5,-1.6999999999999993,-17.0,0.0,0.0,0.0,-0.29999999999999993,0.0,0.0,0.0,2.037,0.0,1.185,0.0,0.852,0.0,-0.737,0.0,0.6589823082323523,0.0,0.3983312412776303,0.0,0.1764,0.0,0.0,0.0,0
0.0,0.0,0.5,0.5,0,0,2.2,9.041392685158225,8.698970004336019,4.0,5.0,89.0,0.0,0.0,0.0,2,5,2,-1.6000000000000014,-5.0,-500.0,0.050000000000000044,0.020000000000000004,0.17000000000000004,0.5,0.04999999999999999,2.804,2.002,0.5599999999999999,1.323,2.244,0.6789999999999999,0.296,-0.1019999999999999,1.0649770760444726,0.9431066534244954,0.2852756951130297,0.3376651859131732,0.7185,0.205,0.05,0.6062,0.0885,1
0.0,0.0,0.5,0.5,0,0,0.23333333333333334,8.44715803134222,9.079181246047625,-4.5,-5.0,83.5,0.0,0.0,0.0,-1,0,-10,1.8000000000000007,10.0,500.0,0.0,-0.18000000000000002,-0.28,-0.40000000000000013,-0.09999999999999998,2.037,2.341,1.185,1.067,0.852,1.274,-0.737,0.359,0.6589823082323523,1.1426634743995732,0.3983312412776303,0.2724559087673128,0.6025,0.228,0.2211,0.6103,0.0855,1
0.0,0.0,0.5,0.5,0,0,0.4166666666666667,8.698970004336019,9.079181246047625,-3.5,-3.5,84.5,0.0,0.0,0.0,-1,-1,-2,1.4000000000000021,8.0,800.0,-0.050000000000000044,-0.2,-0.22999999999999998,-0.19999999999999996,-0.04999999999999999,2.002,2.341,1.323,1.067,0.6789999999999999,1.274,-0.1019999999999999,0.359,0.9431066534244954,1.1426634743995732,0.3376651859131732,0.2724559087673128,0.5783,0.228,0.2167,0.8053,0.062,1
0.0,0.0,0.5,0.5,0,0,3.9285714285714284,9.041392685158225,8.44715803134222,5.0,6.5,89.0,0.0,0.0,0.0,2,4,10,-2.0,-7.0,-200.0,0.0,0.0,0.22000000000000008,0.7000000000000002,0.09999999999999998,2.804,2.037,0.5599999999999999,1.185,2.244,0.852,0.296,-0.737,1.0649770760444726,0.6589823082323523,0.2852756951130297,0.3983312412776303,0.7185,0.1764,0.05,0.6062,0.0885,1
0.0,0.0,0.5,0.5,0,0,1.2941176470588236,9.041392685158225,8.929418925714293,0.5,1.0,89.0,0.0,0.0,0.0,-1,1,-2,-1.3000000000000007,-10.0,1300.0,-0.04999999999999993,0.020000000000000004,0.07000000000000006,-0.10000000000000009,-0.09999999999999998,2.804,2.884,0.5599999999999999,0.95,2.244,1.934,0.296,0.616,1.0649770760444726,1.2457596956683417,0.2852756951130297,0.4170851232062826,0.7185,0.1927,0.05,0.6062,0.0885,1
0.0,0.0,0.5,0.5,0,0,0.5,8.653212513775344,8.954242509439325,-3.5,2.5,84.0,0.0,0.0,0.0,2,3,6,-1.1999999999999993,-7.0,-1500.0,0.0,-0.039999999999999994,-0.15000000000000002,-0.7,0.0,2.161,2.591,1.17,0.97,0.991,1.621,0.439,0.709,1.0807602735652382,1.1798394922132849,0.5795295026523193,0.3362356977544835,0.639,0.2035,0.189,0.6935,0.066,1
0.0,0.0,0.5,0.5,0,0,17.0,8.929418925714293,7.698970004336019,13.799999999999997,5.0,87.5,0.0,0.0,0.0,1,2,15,-1.0,3.0,0.0,0.04999999999999993,0.13999999999999999,0.48,0.6000000000000001,0.19999999999999996,2.592,0.0,0.939,0.0,1.653,0.0,0.108,0.0,0.9731844800911872,0.0,0.4399949494659632,0.0,0.6413,0.0,0.2269,0.7296,0.0546,0
0.0,0.0,0.5,0.5,0,0,5.6,8.44715803134222,7.698970004336019,9.5,3.0,83.5,0.0,0.0,0.0,0,3,5,1.6999999999999993,17.0,0.0,0.0,0.0,0.29999999999999993,0.0,0.0,2.037,0.0,1.185,0.0,0.852,0.0,-0.737,0.0,0.6589823082323523,0.0,0.3983312412776303,0.0,0.6025,0.2308,0.2211,0.6103,0.0855,0
0.0,0.0,0.5,0.5,0,0,0.14285714285714285,7.698970004336019,8.544068044350276,-9.0,-4.0,70.0,0.0,0.0,0.0,0,-1,-4,-0.5,-4.0,-7300.0,0.09999999999999998,0.020000000000000004,-0.28,0.0,-0.15000000000000002,1.496,1.7559999999999998,1.407,1.164,0.0889999999999999,0.592,0.204,0.244,1.138187641738186,1.1196847912652483,0.2988199011667953,0.1581981879373676,0.5881,0.2251,0.1961,0.6224,0.0893,0
0.0,0.0,0.5,0.5,0,0,0.56,8.44715803134222,8.698970004336019,-1.0,-1.5,83.5,0.0,0.0,0.0,0,1,-8,0.3999999999999986,2.0,-300.0,0.050000000000000044,0.020000000000000004,-0.050000000000000044,-0.20000000000000018,-0.04999999999999999,2.037,2.002,1.185,1.323,0.852,0.6789999999999999,-0.737,-0.1019999999999999,0.6589823082323523,0.9431066534244954,0.3983312412776303,0.3376651859131732,0.6025,0.205,0.2211,0.6103,0.0855,0
0.0,0.0,0.5,0.5,0,0,5.6,8.44715803134222,7.698970004336019,9.5,3.0,83.5,0.0,0.0,0.0,0,3,4,2.1999999999999993,17.0,6800.0,-0.19999999999999996,0.0,0.29999999999999993,0.0,0.0,2.037,1.496,1.185,1.407,0.852,0.0889999999999999,-0.737,0.204,0.6589823082323523,1.138187641738186,0.3983312412776303,0.2988199011667953,0.6025,0.2158,0.2211,0.6103,0.0855,1
0.0,0.0,0.5,0.5,0,0,1.4285714285714286,8.698970004336019,8.544068044350276,1.5,0.5,84.5,0.0,0.0,0.0,0,1,8,1.3000000000000007,11.0,-200.0,-0.15000000000000002,0.0,0.06999999999999995,0.20000000000000018,-0.10000000000000003,2.002,1.7559999999999998,1.323,1.164,0.6789999999999999,0.592,-0.1019999999999999,0.244,0.9431066534244954,1.1196847912652483,0.3376651859131732,0.1581981879373676,0.5783,0.2251,0.2167,0.8053,0.062,0
0.0,0.0,0.5,0.5,0,0,10.0,8.698970004336019,7.698970004336019,10.5,4.5,84.5,0.0,0.0,0.0,0,2,12,1.8000000000000007,15.0,7100.0,-0.25,-0.020000000000000004,0.35,0.20000000000000018,0.04999999999999999,2.002,1.496,1.323,1.407,0.6789999999999999,0.0889999999999999,-0.1019999999999999,0.204,0.9431066534244954,1.138187641738186,0.3376651859131732,0.2988199011667953,0.5783,0.2158,0.2167,0.8053,0.062,1
0.0,0.0,0.5,0.5,0,0,1.25,8.544068044350276,8.44715803134222,-0.5,1.0,83.0,0.0,0.0,0.0,0,-2,0,-1.6999999999999993,-13.0,500.0,0.09999999999999998,-0.020000000000000004,-0.019999999999999907,0.0,0.15000000000000002,1.7559999999999998,2.037,1.164,1.185,0.592,0.852,0.244,-0.737,1.1196847912652483,0.6589823082323523,0.1581981879373676,0.3983312412776303,0.5143,0.1764,0.2606,0.8589,0.0712,0
0.0,0.0,0.5,0.5,0,0,0.06666666666666667,7.698970004336019,8.8750612633917,-13.0,-7.5,70.0,0.0,0.0,0.0,-4,-13,-19,-0.6999999999999993,-9.0,-200.0,0.050000000000000044,-0.12,-0.44999999999999996,-0.30000000000000004,0.0,0.0,2.428,0.0,0.876,0.0,1.552,0.0,-0.0279999999999999,0.0,0.9223655810598944,0.0,0.4258533915693417,0.0,0.223,0.0,0.0,0.0,0
0.0,0.0,0.5,0.5,0,0,0.29411764705882354,8.397940008672037,8.929418925714293,-6.299999999999997,-4.0,80.5,0.0,0.0,0.0,-1,-2,-9,0.8000000000000007,0.0,1500.0,-0.09999999999999998,-0.18,-0.26,0.20000000000000018,-0.14999999999999997,2.019,2.592,1.24,0.939,0.7789999999999999,1.653,0.6809999999999999,0.108,1.3873215883112155,0.9731844800911872,0.4047893828208005,0.4399949494659632,0.5328,0.1318,0.2094,0.6017,0.0808,1
0.0,0.0,0.5,0.5,0,0,1.1333333333333333,8.929418925714293,8.8750612633917,0.7999999999999972,-2.5,87.5,0.0,0.0,0.0,-3,-11,-4,-1.6999999999999993,-6.0,-200.0,0.09999999999999998,0.01999999999999999,0.030000000000000027,0.30000000000000004,0.19999999999999996,2.592,2.428,0.939,0.876,1.653,1.552,0.108,-0.0279999999999999,0.9731844800911872,0.9223655810598944,0.4399949494659632,0.4258533915693417,0.6413,0.223,0.2269,0.7296,0.0546,0
0.0,0.0,0.5,0.5,0,0,5.0,8.397940008672037,7.698970004336019,7.5,1.0,80.5,0.0,0.0,0.0,0,0,6,-0.1999999999999993,3.0,1500.0,-0.050000000000000044,-0.04000000000000001,0.21999999999999997,0.8000000000000003,0.04999999999999999,2.019,0.0,1.24,0.0,0.7789999999999999,0.0,0.6809999999999999,0.0,1.3873215883112155,0.0,0.4047893828208005,0.0,0.5328,0.0,0.2094,0.6017,0.0808,0
0.0,0.0,0.5,0.5,0,0,17.0,8.929418925714293,7.698970004336019,13.799999999999997,5.0,87.5,0.0,0.0,0.0,1,2,15,-1.0,3.0,0.0,0.04999999999999993,0.13999999999999999,0.48,0.6000000000000001,0.19999999999999996,2.592,0.0,0.939,0.0,1.653,0.0,0.108,0.0,0.9731844800911872,0.0,0.4399949494659632,0.0,0.6413,0.0,0.2269,0.7296,0.0546,1
0.0,0.0,0.5,0.5,0,0,3.0,8.8750612633917,8.397940008672037,5.5,6.5,86.5,0.0,0.0,0.0,4,13,13,0.8999999999999986,6.0,-1300.0,0.0,0.16,0.22999999999999998,-0.5000000000000002,-0.04999999999999999,2.428,2.019,0.876,1.24,1.552,0.7789999999999999,-0.0279999999999999,0.6809999999999999,0.9223655810598944,1.3873215883112155,0.4258533915693417,0.4047893828208005,0.5733,0.2578,0.2037,0.6876,0.0583,0
0.0,0.0,0.5,0.5,0,0,0.05454545454545454,7.778151250383644,9.041392685158225,-12.0,-8.5,76.0,0.0,0.0,0.0,-2,-7,-10,0.3000000000000007,-10.0,200.0,0.0,0.0,-0.52,-0.7000000000000002,-0.09999999999999998,1.372,2.804,1.892,0.5599999999999999,-0.5199999999999999,2.244,0.628,0.296,1.5354699312272966,1.0649770760444726,0.2863098554596634,0.2852756951130297,0.0,0.2349,0.0,0.0,0.0,1
0.0,0.0,0.5,0.5,0,0,0.9,7.653212513775344,7.698970004336019,2.0,2.0,75.5,0.0,0.0,0.0,0,0,5,0.0,0.0,0.0,0.0,0.0,0.0,0.0,0.0,1.298,0.0,1.684,0.0,-0.386,0.0,0.202,0.0,1.2667385824722657,0.0,0.4647293118938521,0.0,0.5865,0.2308,0.1176,0.8662,0.0636,1
0.0,0.0,0.5,0.5,0,0,22.0,9.041392685158225,7.698970004336019,14.5,9.5,89.0,0.0,0.0,0.0,2,7,15,-0.3000000000000007,10.0,-200.0,0.0,0.0,0.52,0.7000000000000002,0.09999999999999998,2.804,0.0,0.5599999999999999,0.0,2.244,0.0,0.296,0.0,1.0649770760444726,0.0,0.2852756951130297,0.0,0.7185,0.2308,0.05,0.6062,0.0885,1
0.0,0.0,0.5,0.5,0,0,1.3333333333333333,7.778151250383644,7.653212513775344,0.5,-1.0,76.0,0.0,0.0,0.0,0,0,0,0.0,0.0,0.0,0.0,0.0,0.0,0.0,0.0,1.372,1.298,1.892,1.684,-0.5199999999999999,-0.386,0.628,0.202,1.5354699312272966,1.2667385824722657,0.2863098554596634,0.4647293118938521,0.0,0.2959,0.0,0.0,0.0,0
0.0,0.0,0.5,0.5,0,0,24.444444444444443,9.041392685158225,7.653212513775344,12.5,7.5,89.0,0.0,0.0,0.0,2,7,10,-0.3000000000000007,10.0,-200.0,0.0,0.0,0.52,0.7000000000000002,0.09999999999999998,2.804,1.298,0.5599999999999999,1.684,2.244,-0.386,0.296,0.202,1.0649770760444726,1.2667385824722657,0.2852756951130297,0.4647293118938521,0.7185,0.2959,0.05,0.6062,0.0885,1
0.0,0.0,0.5,0.5,0,0,0.8333333333333334,7.698970004336019,7.778151250383644,-2.5,-1.0,70.0,0.0,0.0,0.0,0,0,-5,0.0,0.0,0.0,0.0,0.0,0.0,0.0,0.0,0.0,1.372,0.0,1.892,0.0,-0.5199999999999999,0.0,0.628,0.0,1.5354699312272966,0.0,0.2863098554596634,0.5263,0.0,0.2429,0.8909,0.0788,0
0.0,0.0,0.5,0.5,0,0,0.1590909090909091,7.544068044350276,8.342422680822207,-5.5,-5.0,74.5,0.0,0.0,0.0,0,0,-11,-0.3999999999999986,-11.0,7500.0,-0.29999999999999993,0.30000000000000004,-0.26,0.09999999999999987,0.050000000000000044,1.287,1.7739999999999998,1.825,1.399,-0.5379999999999999,0.375,-0.187,-0.2739999999999999,0.9046575994599472,0.8012143853944391,0.3522010158354963,0.301485212462126,0.3822,0.215,0.3501,0.6855,0.0418,0
0.0,0.0,0.5,0.5,0,0,0.058823529411764705,7.698970004336019,8.929418925714293,-14.0,-8.5,70.0,0.0,0.0,0.0,-3,-6,-17,-1.0,-20.0,1500.0,-0.04999999999999993,0.020000000000000004,-0.44999999999999996,-0.8000000000000003,-0.19999999999999996,0.0,2.884,0.0,0.95,0.0,1.934,0.0,0.616,0.0,1.2457596956683417,0.0,0.4170851232062826,0.5587,0.1927,0.2233,0.8282,0.0681,0
0.0,0.0,0.5,0.5,0,0,3.8636363636363638,8.929418925714293,8.342422680822207,7.0,5.0,88.0,0.0,0.0,0.0,3,6,1,0.6000000000000014,9.0,6000.0,-0.25,-0.26999999999999996,0.57,0.9000000000000001,0.25,2.884,1.7739999999999998,0.95,1.399,1.934,0.375,0.616,-0.2739999999999999,1.2457596956683417,0.8012143853944391,0.4170851232062826,0.301485212462126,0.6331,0.215,0.1742,0.6174,0.0833,1
0.0,0.0,0.5,0.5,0,0,1.4285714285714286,7.698970004336019,7.544068044350276,-1.5,1.5,70.0,0.0,0.0,0.0,0,0,-5,0.0,0.0,0.0,0.0,-0.55,0.38,0.0,0.0,0.0,1.287,0.0,1.825,0.0,-0.5379999999999999,0.0,-0.187,0.0,0.9046575994599472,0.0,0.3522010158354963,0.5587,0.2677,0.2233,0.8282,0.0681,1
0.0,0.0,0.5,0.5,0,0,4.4,8.342422680822207,7.698970004336019,7.0,3.5,80.0,0.0,0.0,0.0,0,0,16,0.3999999999999986,11.0,-7500.0,0.29999999999999993,0.24999999999999997,-0.12,-0.09999999999999987,-0.050000000000000044,1.7739999999999998,0.0,1.399,0.0,0.375,0.0,-0.2739999999999999,0.0,0.8012143853944391,0.0,0.301485212462126,0.0,0.5765,0.2179,0.2085,0.7166,0.0536,0
0.0,0.0,0.5,0.5,0,0,24.285714285714285,8.929418925714293,7.544068044350276,12.5,10.0,88.0,0.0,0.0,0.0,3,6,12,1.0,20.0,-1500.0,0.04999999999999993,-0.5700000000000001,0.83,0.8000000000000003,0.19999999999999996,2.884,1.287,0.95,1.825,1.934,-0.5379999999999999,0.616,-0.187,1.2457596956683417,0.9046575994599472,0.4170851232062826,0.3522010158354963,0.6331,0.2677,0.1742,0.6174,0.0833,0
0.0,0.0,0.5,0.5,0,0,0.140625,7.653212513775344,8.505149978319906,-5.5,-3.5,76.5,0.0,0.0,0.0,0,-1,-10,1.3999999999999986,-1.0,7000.0,-0.25,0.020000000000000004,-0.17999999999999994,-0.10000000000000009,0.0,1.375,1.7120000000000002,1.632,1.179,-0.257,0.5329999999999999,0.125,0.088,1.078173606970716,1.1043395370402465,0.5094932122544257,0.3105121217887923,0.4759,0.2715,0.1547,0.6154,0.0539,0
0.0,0.0,0.5,0.5,0,0,0.041666666666666664,7.698970004336019,9.079181246047625,-14.0,-8.0,70.0,0.0,0.0,0.0,-1,-3,-15,0.10000000000000142,-7.0,500.0,0.0,-0.18000000000000002,-0.58,-0.40000000000000013,-0.09999999999999998,0.0,2.341,0.0,1.067,0.0,1.274,0.0,0.359,0.0,1.1426634743995732,0.0,0.2724559087673128,0.5196,0.228,0.1753,0.6713,0.0764,0
0.0,0.0,0.5,0.5,0,0,3.75,9.079181246047625,8.505149978319906,6.0,3.0,88.5,0.0,0.0,0.0,1,2,5,1.2999999999999972,6.0,6500.0,-0.25,0.2,0.4,0.30000000000000004,0.09999999999999998,2.341,1.7120000000000002,1.067,1.179,1.274,0.5329999999999999,0.359,0.088,1.1426634743995732,1.1043395370402465,0.2724559087673128,0.3105121217887923,0.6109,0.2715,0.1611,0.6545,0.0492,0
0.0,0.0,0.5,0.5,0,0,1.1111111111111112,7.698970004336019,7.653212513775344,-2.5,-1.5,70.0,0.0,0.0,0.0,0,0,0,0.0,0.0,0.0,0.0,0.0,0.0,0.0,0.0,0.0,1.375,0.0,1.632,0.0,-0.257,0.0,0.125,0.0,1.078173606970716,0.0,0.5094932122544257,0.5196,0.3694,0.1753,0.6713,0.0764,0
0.0,0.0,0.5,0.5,0,0,6.4,8.505149978319906,7.698970004336019,8.0,5.0,81.5,0.0,0.0,0.0,0,1,10,-1.3999999999999986,1.0,-7000.0,0.25,-0.020000000000000004,0.17999999999999994,0.10000000000000009,0.0,1.7120000000000002,0.0,1.179,0.0,0.5329999999999999,0.0,0.088,0.0,1.1043395370402465,0.0,0.3105121217887923,0.0,0.5541,0.3051,0.1745,0.6843,0.0671,0
0.0,0.0,0.5,0.5,0,0,26.666666666666668,9.079181246047625,7.653212513775344,11.5,6.5,88.5,0.0,0.0,0.0,1,3,15,-0.10000000000000142,7.0,-500.0,0.0,0.18000000000000002,0.58,0.40000000000000013,0.09999999999999998,2.341,1.375,1.067,1.632,1.274,-0.257,0.359,0.125,1.1426634743995732,1.078173606970716,0.2724559087673128,0.5094932122544257,0.6109,0.3694,0.1611,0.6545,0.0492,1
0.0,0.0,0.5,0.5,0,0,32.5,8.812913356642856,7.301029995663981,14.0,12.5,86.0,0.0,0.0,0.0,0,5,10,0.10000000000000142,4.0,200.0,-0.050000000000000044,-0.6,0.78,0.5,0.0,2.645,1.089,0.751,2.015,1.894,-0.926,-0.2449999999999999,0.411,0.9060118494310764,1.270538814969097,0.3351699403122077,0.4741647627378296,0.5863,0.285,0.1947,0.7823,0.0485,1
0.0,0.0,0.5,0.5,0,0,0.8,8.301029995663981,8.397940008672037,-0.5,0.0,80.0,0.0,0.0,0.0,0,0,1,-2.099999999999998,-8.0,-3500.0,0.15000000000000002,0.0,0.0,0.0,0.0,1.939,1.752,1.535,1.546,0.404,0.206,0.461,0.048,1.1305019881189966,0.9886736370672355,0.3306374315033177,0.4680645729431405,0.5346,0.2322,0.2295,0.6943,0.0654,0
0.0,0.0,0.5,0.5,0,0,3.25,8.812913356642856,8.301029995663981,6.0,2.5,86.0,0.0,0.0,0.0,0,5,7,1.3000000000000007,5.0,3700.0,-0.20000000000000007,0.04999999999999999,0.38,0.5,0.0,2.645,1.939,0.751,1.535,1.894,0.404,-0.2449999999999999,0.461,0.9060118494310764,1.1305019881189966,0.3351699403122077,0.3306374315033177,0.5863,0.236,0.1947,0.7823,0.0485,0
0.0,0.0,0.5,0.5,0,0,0.08,7.301029995663981,8.397940008672037,-8.5,-10.0,72.0,0.0,0.0,0.0,0,0,-2,-0.8999999999999986,-7.0,0.0,0.0,0.65,-0.4,0.0,0.0,1.089,1.752,2.015,1.546,-0.926,0.206,0.411,0.048,1.270538814969097,0.9886736370672355,0.4741647627378296,0.4680645729431405,0.4581,0.2322,0.2569,0.6435,0.0645,0
0.0,0.0,0.5,0.5,0,0,0.38461538461538464,8.397940008672037,8.812913356642856,-5.5,-2.5,81.0,0.0,0.0,0.0,0,-5,-8,0.7999999999999972,3.0,-200.0,0.050000000000000044,-0.04999999999999999,-0.38,-0.5,0.0,1.752,2.645,1.546,0.751,0.206,1.894,0.048,-0.2449999999999999,0.9886736370672355,0.9060118494310764,0.4680645729431405,0.3351699403122077,0.5271,0.219,0.2408,0.6933,0.0563,0
0.0,0.0,0.5,0.5,0,0,0.1,7.301029995663981,8.301029995663981,-8.0,-10.0,72.0,0.0,0.0,0.0,0,0,-3,1.1999999999999993,1.0,3500.0,-0.15000000000000002,0.65,-0.4,0.0,0.0,1.089,1.939,2.015,1.535,-0.926,0.404,0.411,0.461,1.270538814969097,1.1305019881189966,0.4741647627378296,0.3306374315033177,0.4581,0.236,0.2569,0.6435,0.0645,0
0.0,0.0,0.5,0.5,0,0,0.20833333333333334,7.698970004336019,8.380211241711606,-7.5,-4.5,70.0,0.0,0.0,0.0,0,0,-11,-0.6000000000000014,-10.0,0.0,0.0,0.0,0.0,0.0,0.0,0.0,1.6960000000000002,0.0,1.391,0.0,0.305,0.0,-0.196,0.0,0.8891132124050513,0.0,0.3092715455532385,0.5336,0.2319,0.158,0.7568,0.0614,0
0.0,0.0,0.5,0.5,0,0,0.05,7.698970004336019,9.0,-13.5,-7.0,70.0,0.0,0.0,0.0,-5,-11,-14,-0.3000000000000007,-13.0,2500.0,-0.09999999999999998,0.04000000000000001,-0.41999999999999993,-0.5,-0.09999999999999998,0.0,2.451,0.0,0.825,0.0,1.626,0.0,0.349,0.0,1.1980330911358643,0.0,0.3834478089938996,0.5138,0.1945,0.2154,0.6021,0.0655,1
0.0,0.0,0.5,0.5,0,0,2.5,8.653212513775344,8.255272505103306,4.0,7.0,84.0,0.0,0.0,0.0,2,4,3,-0.5,6.0,-3500.0,0.09999999999999998,0.0,0.27,0.09999999999999987,0.09999999999999998,2.161,1.7420000000000002,1.17,1.473,0.991,0.269,0.439,0.758,1.0807602735652382,1.5093139957020203,0.5795295026523193,0.4204177816305003,0.639,0.2727,0.189,0.6935,0.066,0
0.0,0.0,0.5,0.5,0,0,5.0,8.954242509439325,8.255272505103306,8.0,2.5,87.0,0.0,0.0,0.0,0,2,4,0.6999999999999993,13.0,0.0,0.04999999999999993,0.01999999999999999,0.4,1.0,0.09999999999999998,2.591,1.722,0.97,1.303,1.621,0.4189999999999999,0.709,-0.3219999999999999,1.1798394922132849,0.8146990443402252,0.3362356977544835,0.2966779024089556,0.692,0.2452,0.1045,0.6599,0.0657,1
0.0,0.0,0.5,0.5,0,0,1.0,8.255272505103306,8.255272505103306,0.5,-2.0,81.0,0.0,0.0,0.0,0,1,7,0.0,0.0,2000.0,-0.050000000000000044,-0.020000000000000004,-0.020000000000000018,0.20000000000000018,0.0,1.7420000000000002,1.722,1.473,1.303,0.269,0.4189999999999999,0.758,-0.3219999999999999,1.5093139957020203,0.8146990443402252,0.4204177816305003,0.2966779024089556,0.613,0.2452,0.1143,0.8314,0.0437,0
0.0,0.0,0.5,0.5,0,0,2.0,8.954242509439325,8.653212513775344,3.5,-2.5,87.0,0.0,0.0,0.0,-2,-3,-6,1.1999999999999993,7.0,1500.0,0.0,0.039999999999999994,0.15000000000000002,0.7,0.0,2.591,2.161,0.97,1.17,1.621,0.991,0.709,0.439,1.1798394922132849,1.0807602735652382,0.3362356977544835,0.5795295026523193,0.692,0.172,0.1045,0.6599,0.0657,1
0.0,0.0,0.5,0.5,0,0,0.4,8.255272505103306,8.653212513775344,-4.5,-5.0,79.5,0.0,0.0,0.0,-2,-5,-10,0.5,-6.0,1500.0,-0.04999999999999993,0.020000000000000004,-0.25,-0.30000000000000004,-0.09999999999999998,1.722,2.161,1.303,1.17,0.4189999999999999,0.991,-0.3219999999999999,0.439,0.8146990443402252,1.0807602735652382,0.2966779024089556,0.5795295026523193,0.4691,0.172,0.2857,0.6684,0.0614,0
0.0,0.0,0.5,0.5,0,0,0.2,8.255272505103306,8.954242509439325,-7.5,-4.5,81.0,0.0,0.0,0.0,0,-1,3,-0.6999999999999993,-13.0,2000.0,-0.09999999999999998,-0.039999999999999994,-0.42000000000000004,-0.7999999999999998,-0.09999999999999998,1.7420000000000002,2.591,1.473,0.97,0.269,1.621,0.758,0.709,1.5093139957020203,1.1798394922132849,0.4204177816305003,0.3362356977544835,0.613,0.2035,0.1143,0.8314,0.0437,1
0.0,0.0,0.5,0.5,0,0,2.03125,8.812913356642856,8.505149978319906,4.5,3.5,86.0,0.0,0.0,0.0,0,4,0,1.5,3.0,7200.0,-0.30000000000000004,0.06999999999999999,0.20000000000000007,0.3999999999999999,0.0,2.645,1.7120000000000002,0.751,1.179,1.894,0.5329999999999999,-0.2449999999999999,0.088,0.9060118494310764,1.1043395370402465,0.3351699403122077,0.3105121217887923,0.5863,0.2715,0.1947,0.7823,0.0485,1
0.0,0.0,0.5,0.5,0,0,18.88888888888889,8.929418925714293,7.653212513775344,12.0,6.5,88.0,0.0,0.0,0.0,3,6,12,1.0,20.0,-1500.0,0.04999999999999993,-0.020000000000000004,0.44999999999999996,0.8000000000000003,0.19999999999999996,2.884,1.298,0.95,1.684,1.934,-0.386,0.616,0.202,1.2457596956683417,1.2667385824722657,0.4170851232062826,0.4647293118938521,0.6331,0.2959,0.1742,0.6174,0.0833,1
0.0,0.0,0.5,0.5,0,0,22.0,9.041392685158225,7.698970004336019,14.5,9.5,89.0,0.0,0.0,0.0,2,7,15,-0.3000000000000007,10.0,-200.0,0.0,0.0,0.52,0.7000000000000002,0.09999999999999998,2.804,0.0,0.5599999999999999,0.0,2.244,0.0,0.296,0.0,1.0649770760444726,0.0,0.2852756951130297,0.0,0.7185,0.2179,0.05,0.6062,0.0885,1
0.0,0.0,0.5,0.5,0,0,4.8,9.079181246047625,8.397940008672037,7.0,2.0,88.5,0.0,0.0,0.0,1,3,13,-1.0,0.0,-500.0,0.0,0.18000000000000002,0.58,0.40000000000000013,0.09999999999999998,2.341,1.752,1.067,1.546,1.274,0.206,0.359,0.048,1.1426634743995732,0.9886736370672355,0.2724559087673128,0.4680645729431405,0.6109,0.2322,0.1611,0.6545,0.0492,1
0.0,0.0,0.5,0.5,0,0,4.8,8.380211241711606,7.698970004336019,7.5,4.5,81.5,0.0,0.0,0.0,0,0,4,0.6000000000000014,10.0,0.0,0.0,0.0,0.0,0.0,0.0,1.6960000000000002,0.0,1.391,0.0,0.305,0.0,-0.196,0.0,0.8891132124050513,0.0,0.3092715455532385,0.0,0.6244,0.2709,0.1437,0.6265,0.0498,1
0.0,0.0,0.5,0.5,0,0,20.0,9.0,7.698970004336019,13.5,7.0,87.5,0.0,0.0,0.0,5,11,21,0.3000000000000007,13.0,-2500.0,0.09999999999999998,-0.04000000000000001,0.41999999999999993,0.5,0.09999999999999998,2.451,0.0,0.825,0.0,1.626,0.0,0.349,0.0,1.1980330911358643,0.0,0.3834478089938996,0.0,0.6748,0.3084,0.1307,0.8196,0.0699,1
0.0,0.0,0.5,0.5,0,0,1.0,7.698970004336019,7.698970004336019,0.0,0.0,70.0,0.0,0.0,0.0,0,0,7,0.0,0.0,0.0,0.0,0.0,0.0,0.0,0.0,0.0,0.0,0.0,0.0,0.0,0.0,0.0,0.0,0.0,0.0,0.0,0.0,0.5138,0.3084,0.2154,0.6021,0.0655,0
0.0,0.0,0.5,0.5,0,0,4.166666666666667,9.0,8.380211241711606,6.0,2.5,87.5,0.0,0.0,0.0,5,11,10,-0.3000000000000007,3.0,-2500.0,0.09999999999999998,-0.04000000000000001,0.41999999999999993,0.5,0.09999999999999998,2.451,1.6960000000000002,0.825,1.391,1.626,0.305,0.349,-0.196,1.1980330911358643,0.8891132124050513,0.3834478089938996,0.3092715455532385,0.6748,0.2319,0.1307,0.8196,0.0699,1
0.0,0.0,0.5,0.5,0,0,0.8928571428571429,8.397940008672037,8.44715803134222,-2.0,-2.0,80.5,0.0,0.0,0.0,0,-3,1,-1.8999999999999986,-14.0,1500.0,-0.050000000000000044,-0.04000000000000001,-0.07999999999999996,0.8000000000000003,0.04999999999999999,2.019,2.037,1.24,1.185,0.7789999999999999,0.852,0.6809999999999999,-0.737,1.3873215883112155,0.6589823082323523,0.4047893828208005,0.3983312412776303,0.5328,0.1764,0.2094,0.6017,0.0808,0
0.0,0.0,0.5,0.5,0,0,5.555555555555555,9.0,8.255272505103306,7.5,5.0,87.5,0.0,0.0,0.0,5,10,11,0.3000000000000007,13.0,-4500.0,0.15000000000000002,-0.020000000000000004,0.43999999999999995,0.2999999999999998,0.09999999999999998,2.451,1.7420000000000002,0.825,1.473,1.626,0.269,0.349,0.758,1.1980330911358643,1.5093139957020203,0.3834478089938996,0.4204177816305003,0.6748,0.2727,0.1307,0.8196,0.0699,1
0.0,0.0,0.5,0.5,0,0,0.4117647058823529,8.544068044350276,8.929418925714293,-4.799999999999997,-1.0,83.0,0.0,0.0,0.0,-1,-1,-10,1.0,1.0,500.0,0.050000000000000044,-0.15999999999999998,-0.19999999999999996,-0.6000000000000001,-0.04999999999999993,1.7559999999999998,2.592,1.164,0.939,0.592,1.653,0.244,0.108,1.1196847912652483,0.9731844800911872,0.1581981879373676,0.4399949494659632,0.5143,0.1318,0.2606,0.8589,0.0712,0
0.0,0.0,0.5,0.5,0,0,3.75,8.954242509439325,8.380211241711606,6.0,2.0,87.0,0.0,0.0,0.0,0,2,-4,0.09999999999999787,3.0,0.0,0.04999999999999993,0.01999999999999999,0.4,1.0,0.09999999999999998,2.591,1.6960000000000002,0.97,1.391,1.621,0.305,0.709,-0.196,1.1798394922132849,0.8891132124050513,0.3362356977544835,0.3092715455532385,0.692,0.2319,0.1045,0.6599,0.0657,1
0.0,0.0,0.5,0.5,0,0,1.0909090909090908,9.079181246047625,9.041392685158225,-0.5,-1.5,88.5,0.0,0.0,0.0,-1,-4,0,0.1999999999999993,-3.0,-300.0,0.0,0.18000000000000002,0.05999999999999994,-0.30000000000000004,0.0,2.341,2.804,1.067,0.5599999999999999,1.274,2.244,0.359,0.296,1.1426634743995732,1.0649770760444726,0.2724559087673128,0.2852756951130297,0.6109,0.2349,0.1611,0.6545,0.0492,0
0.0,0.0,0.5,0.5,0,0,0.3888888888888889,8.544068044350276,8.954242509439325,-4.5,-2.5,83.0,0.0,0.0,0.0,0,-1,-2,-0.6999999999999993,-9.0,500.0,0.050000000000000044,-0.039999999999999994,-0.12,-1.0,0.050000000000000044,1.7559999999999998,2.591,1.164,0.97,0.592,1.621,0.244,0.709,1.1196847912652483,1.1798394922132849,0.1581981879373676,0.3362356977544835,0.5143,0.2035,0.2606,0.8589,0.0712,1
0.0,0.0,0.5,0.5,0,0,0.7647058823529411,8.812913356642856,8.929418925714293,-1.5,0.0,86.0,0.0,0.0,0.0,-3,-1,-7,-0.8999999999999986,-16.0,1700.0,-0.09999999999999998,0.06999999999999999,-0.06999999999999995,-0.30000000000000027,-0.19999999999999996,2.645,2.884,0.751,0.95,1.894,1.934,-0.2449999999999999,0.616,0.9060118494310764,1.2457596956683417,0.3351699403122077,0.4170851232062826,0.5863,0.1927,0.1947,0.7823,0.0485,0
0.0,0.0,0.5,0.5,0,0,0.28,8.44715803134222,9.0,-4.0,-4.0,83.5,0.0,0.0,0.0,-5,-8,-16,1.3999999999999986,4.0,2500.0,-0.09999999999999998,0.04000000000000001,-0.12,-0.5,-0.09999999999999998,2.037,2.451,1.185,0.825,0.852,1.626,-0.737,0.349,0.6589823082323523,1.1980330911358643,0.3983312412776303,0.3834478089938996,0.6025,0.1945,0.2211,0.6103,0.0855,0
0.0,0.0,0.5,0.5,0,0,0.7727272727272727,8.929418925714293,9.041392685158225,-0.5,-1.0,88.0,0.0,0.0,0.0,1,-1,2,1.3000000000000007,10.0,-1300.0,0.04999999999999993,-0.020000000000000004,-0.07000000000000006,0.10000000000000009,0.09999999999999998,2.884,2.804,0.95,0.5599999999999999,1.934,2.244,0.616,0.296,1.2457596956683417,1.0649770760444726,0.4170851232062826,0.2852756951130297,0.6331,0.2349,0.1742,0.6174,0.0833,0
0.0,0.0,0.5,0.5,0,0,0.8,8.44715803134222,8.544068044350276,0.5,-1.0,83.5,0.0,0.0,0.0,0,2,0,1.6999999999999993,13.0,-500.0,-0.09999999999999998,0.020000000000000004,0.019999999999999907,0.0,-0.15000000000000002,2.037,1.7559999999999998,1.185,1.164,0.852,0.592,-0.737,0.244,0.6589823082323523,1.1196847912652483,0.3983312412776303,0.1581981879373676,0.6025,0.2251,0.2211,0.6103,0.0855,1
0.0,0.0,0.5,0.5,0,0,3.142857142857143,9.041392685158225,8.544068044350276,5.5,5.5,89.0,0.0,0.0,0.0,2,6,10,-0.3000000000000007,6.0,-700.0,-0.09999999999999998,0.020000000000000004,0.24,0.7000000000000002,-0.050000000000000044,2.804,1.7559999999999998,0.5599999999999999,1.164,2.244,0.592,0.296,0.244,1.0649770760444726,1.1196847912652483,0.2852756951130297,0.1581981879373676,0.7185,0.2251,0.05,0.6062,0.0885,1
0.0,0.0,0.5,0.5,0,0,3.0357142857142856,8.929418925714293,8.44715803134222,4.5,5.5,88.0,0.0,0.0,0.0,3,3,12,-0.6999999999999993,3.0,-1500.0,0.04999999999999993,-0.020000000000000004,0.15000000000000002,0.8000000000000003,0.19999999999999996,2.884,2.037,0.95,1.185,1.934,0.852,0.616,-0.737,1.2457596956683417,0.6589823082323523,0.4170851232062826,0.3983312412776303,0.6331,0.1764,0.1742,0.6174,0.0833,1
