elo_diff,goal_diff_avg,home_form,away_form,h2h_wins,is_knockout,squad_value_ratio,value_log_home,value_log_away,eafc_overall_diff,eafc_physic_diff,eafc_top5_avg_home,venue_altitude_m,is_high_altitude,altitude_penalty,titles_diff,semis_diff,appearances_diff,avg_age_diff,avg_caps_diff,travel_dist_diff,climate_compat_diff,synergy_diff,top5_ratio_diff,goals_scored_diff,clean_sheets_diff,xg_for_avg_home,xg_for_avg_away,xg_against_avg_home,xg_against_avg_away,xg_diff_avg_home,xg_diff_avg_away,xg_overperform_avg_home,xg_overperform_avg_away,xg_efficiency_avg_home,xg_efficiency_avg_away,xg_consistency_home,xg_consistency_away,odds_implied_home_win,odds_implied_away_win,odds_implied_draw,odds_market_confidence,odds_margin,coach_wc_editions,coach_intl_win_rate,coach_tournament_wins,coach_experience_diff,coach_knockout_edge,fatigue_avg_club_matches_home,fatigue_avg_club_matches_away,fatigue_ucl_players_home,fatigue_ucl_players_away,fatigue_index_diff,fatigue_days_since_last_match_diff,pressure_penalty_win_rate_home,pressure_big_match_win_rate_home,pressure_knockout_win_rate_home,pressure_penalty_win_rate_away,pressure_big_match_win_rate_away,pressure_knockout_win_rate_away,pressure_penalty_win_rate_diff,pressure_big_match_win_rate_diff,pressure_knockout_win_rate_diff,target
0.0,0.0,0.5,0.5,0,0,5.0,9.041392685158225,8.342422680822207,7.5,6.0,89.0,0.0,0.0,0.0,2,7,-1,-0.6999999999999993,-1.0,7300.0,-0.29999999999999993,-0.24999999999999997,0.64,0.8,0.15000000000000002,2.804,1.7739999999999998,0.5599999999999999,1.399,2.244,0.375,0.296,-0.2739999999999999,1.0649770760444726,0.8012143853944391,0.2852756951130297,0.301485212462126,0.7185,0.215,0.05,0.6062,0.0885,3,0.68,2,1,0,42.2,25.0,12.0,1.0,0.45215311004784686,0.0,0.6507,0.6107,0.6607,0.467,0.3049,0.3458,0.18369999999999992,0.3058,0.31489999999999996,1
0.0,0.0,0.5,0.5,0,0,0.7727272727272727,8.929418925714293,9.041392685158225,-0.5,-1.0,88.0,0.0,0.0,0.0,1,-1,2,1.3000000000000007,10.0,-1300.0,0.04999999999999993,-0.020000000000000004,-0.07000000000000006,0.10000000000000009,0.09999999999999998,2.884,2.804,0.95,0.5599999999999999,1.934,2.244,0.616,0.296,1.2457596956683417,1.0649770760444726,0.4170851232062826,0.2852756951130297,0.6331,0.2349,0.1742,0.6174,0.0833,1,0.71,2,-2,0,36.3,42.2,7.0,12.0,-0.1555023923444976,0.0,0.7222,0.6642,0.7,0.6507,0.6107,0.6607,0.07150000000000001,0.05349999999999999,0.0393,1
0.0,0.0,0.5,0.5,0,0,0.22727272727272727,7.698970004336019,8.342422680822207,-7.0,-3.5,70.0,0.0,0.0,0.0,0,0,-16,-0.3999999999999986,-11.0,7500.0,-0.29999999999999993,-0.24999999999999997,0.12,0.09999999999999987,0.050000000000000044,0.0,1.7739999999999998,0.0,1.399,0.0,0.375,0.0,-0.2739999999999999,0.0,0.8012143853944391,0.0,0.301485212462126,0.4794,0.215,0.2886,0.8789,0.0804,0,0.45,0,-2,-1,25.0,25.0,0.0,1.0,0.0,0.0,0.48,0.37,0.42,0.467,0.3049,0.3458,0.012999999999999956,0.06509999999999999,0.07419999999999999,1
0.0,0.0,0.5,0.5,0,0,0.045454545454545456,7.698970004336019,9.041392685158225,-14.5,-9.5,70.0,0.0,0.0,0.0,-2,-7,-15,0.3000000000000007,-10.0,200.0,0.0,0.0,-0.52,-0.7000000000000002,-0.09999999999999998,0.0,2.804,0.0,0.5599999999999999,0.0,2.244,0.0,0.296,0.0,1.0649770760444726,0.0,0.2852756951130297,0.4794,0.2349,0.2886,0.8789,0.0804,0,0.45,0,-3,-1,25.0,42.2,0.0,12.0,-0.45215311004784686,0.0,0.48,0.37,0.42,0.6507,0.6107,0.6607,-0.17069999999999996,-0.24070000000000003,-0.24069999999999997,1
0.0,0.0,0.5,0.5,0,0,3.8636363636363638,8.929418925714293,8.342422680822207,7.0,5.0,88.0,0.0,0.0,0.0,3,6,1,0.6000000000000014,9.0,6000.0,-0.25,-0.26999999999999996,0.57,0.9000000000000001,0.25,2.884,1.7739999999999998,0.95,1.399,1.934,0.375,0.616,-0.2739999999999999,1.2457596956683417,0.8012143853944391,0.4170851232062826,0.301485212462126,0.6331,0.215,0.1742,0.6174,0.0833,1,0.71,2,-1,0,36.3,25.0,7.0,1.0,0.2966507177033493,0.0,0.7222,0.6642,0.7,0.467,0.3049,0.3458,0.2551999999999999,0.3593,0.35419999999999996,1
0.0,0.0,0.5,0.5,0,0,0.5294117647058824,8.653212513775344,8.929418925714293,-4.0,0.5,84.0,0.0,0.0,0.0,-1,-1,-4,-1.5,-14.0,0.0,0.0,0.0,-0.19999999999999996,-0.5000000000000002,-0.09999999999999998,2.161,2.884,1.17,0.95,0.991,1.934,0.439,0.616,1.0807602735652382,1.2457596956683417,0.5795295026523193,0.4170851232062826,0.639,0.1927,0.189,0.6935,0.066,0,0.53,0,-1,-1,36.8,36.3,3.0,7.0,0.014354066985645786,0.0,0.5314,0.501,0.5217,0.7222,0.6642,0.7,-0.19079999999999997,-0.1632,-0.1782999999999999,1
0.0,0.0,0.5,0.5,0,0,0.24,8.079181246047625,8.698970004336019,-6.0,-1.0,78.0,0.0,0.0,0.0,0,-2,-6,-1.3000000000000007,-15.0,-300.0,0.050000000000000044,0.020000000000000004,-0.35,-0.20000000000000018,-0.04999999999999999,1.6,2.002,1.705,1.323,-0.1049999999999999,0.6789999999999999,0.7,-0.1019999999999999,1.397464068315691,0.9431066534244954,0.4263279905841928,0.3376651859131732,0.0,0.205,0.0,0.0,0.0,1,0.48,0,1,0,24.5,34.1,1.0,10.0,-0.2535885167464116,0.0,0.5189,0.3806,0.4334,0.4786,0.471,0.4919,0.0403,-0.09039999999999998,-0.058499999999999996,1
0.0,0.0,0.5,0.5,0,0,2.65625,8.929418925714293,8.505149978319906,6.0,3.5,88.0,0.0,0.0,0.0,3,5,7,2.3999999999999986,19.0,5500.0,-0.20000000000000007,0.0,0.27,0.7000000000000002,0.19999999999999996,2.884,1.7120000000000002,0.95,1.179,1.934,0.5329999999999999,0.616,0.088,1.2457596956683417,1.1043395370402465,0.4170851232062826,0.3105121217887923,0.6331,0.2715,0.1742,0.6174,0.0833,1,0.71,2,1,1,36.3,30.2,7.0,2.0,0.16028708133971292,0.0,0.7222,0.6642,0.7,0.3901,0.3768,0.3964,0.33209999999999995,0.2874,0.3036,1
0.0,0.0,0.5,0.5,0,0,0.64,8.505149978319906,8.698970004336019,-2.5,0.5,81.5,0.0,0.0,0.0,0,-1,-3,-2.6999999999999993,-14.0,-7300.0,0.30000000000000004,0.0,-0.17000000000000004,-0.10000000000000009,-0.04999999999999999,1.7120000000000002,2.002,1.179,1.323,0.5329999999999999,0.6789999999999999,0.088,-0.1019999999999999,1.1043395370402465,0.9431066534244954,0.3105121217887923,0.3376651859131732,0.5541,0.205,0.1745,0.6843,0.0671,0,0.52,0,0,0,30.2,34.1,2.0,10.0,-0.10287081339712922,0.0,0.3901,0.3768,0.3964,0.4786,0.471,0.4919,-0.08850000000000002,-0.09419999999999995,-0.09550000000000003,1
0.0,0.0,0.5,0.5,0,0,20.0,9.0,7.698970004336019,13.5,7.0,87.5,0.0,0.0,0.0,5,11,21,0.3000000000000007,13.0,-2500.0,0.09999999999999998,-0.04000000000000001,0.41999999999999993,0.5,0.09999999999999998,2.451,0.0,0.825,0.0,1.626,0.0,0.349,0.0,1.1980330911358643,0.0,0.3834478089938996,0.0,0.6748,0.0,0.1307,0.8196,0.0699,0,0.6,0,0,0,39.1,25.0,9.0,0.0,0.3708133971291867,0.0,0.64,0.5449,0.7004,0.48,0.37,0.42,0.16000000000000003,0.17490000000000006,0.28040000000000004,1
0.0,0.0,0.5,0.5,0,0,1.0,7.698970004336019,7.698970004336019,0.0,0.0,70.0,0.0,0.0,0.0,0,0,0,0.0,0.0,0.0,0.0,0.0,0.0,0.0,0.0,0.0,0.0,0.0,0.0,0.0,0.0,0.0,0.0,0.0,0.0,0.0,0.0,0.4417,0.2673,0.2526,0.8661,0.079,0,0.45,0,0,0,25.0,25.0,0.0,0.0,0.0,0.0,0.48,0.37,0.42,0.48,0.37,0.42,0.0,0.0,0.0,1
0.0,0.0,0.5,0.5,0,0,9.0,8.653212513775344,7.698970004336019,10.0,9.0,84.0,0.0,0.0,0.0,2,5,13,-0.5,6.0,-1500.0,0.04999999999999993,-0.020000000000000004,0.25,0.30000000000000004,0.09999999999999998,2.161,0.0,1.17,0.0,0.991,0.0,0.439,0.0,1.0807602735652382,0.0,0.5795295026523193,0.0,0.639,0.3056,0.189,0.6935,0.066,0,0.53,0,0,0,36.8,25.0,3.0,0.0,0.31100478468899506,0.0,0.5314,0.501,0.5217,0.48,0.37,0.42,0.0514,0.131,0.10170000000000007,1
0.0,0.0,0.5,0.5,0,0,0.05,7.698970004336019,9.0,-13.5,-7.0,70.0,0.0,0.0,0.0,-5,-11,-21,-0.3000000000000007,-13.0,2500.0,-0.09999999999999998,0.04000000000000001,-0.41999999999999993,-0.5,-0.09999999999999998,0.0,2.451,0.0,0.825,0.0,1.626,0.0,0.349,0.0,1.1980330911358643,0.0,0.3834478089938996,0.0,0.1945,0.0,0.0,0.0,0,0.45,0,0,0,25.0,39.1,0.0,9.0,-0.3708133971291867,0.0,0.48,0.37,0.42,0.64,0.5449,0.7004,-0.16000000000000003,-0.17490000000000006,-0.28040000000000004,1
0.0,0.0,0.5,0.5,0,0,1.0,7.698970004336019,7.698970004336019,0.0,0.0,70.0,0.0,0.0,0.0,0,0,0,0.0,0.0,0.0,0.0,0.0,0.0,0.0,0.0,0.0,0.0,0.0,0.0,0.0,0.0,0.0,0.0,0.0,0.0,0.0,0.0,0.0,0.0,0.0,0.0,0.0,0,0.45,0,0,0,25.0,25.0,0.0,0.0,0.0,0.0,0.48,0.37,0.42,0.48,0.37,0.42,0.0,0.0,0.0,1
0.0,0.0,0.5,0.5,0,0,17.0,8.929418925714293,7.698970004336019,14.0,8.5,88.0,0.0,0.0,0.0,3,6,17,1.0,20.0,-1500.0,0.04999999999999993,-0.020000000000000004,0.44999999999999996,0.8000000000000003,0.19999999999999996,2.884,0.0,0.95,0.0,1.934,0.0,0.616,0.0,1.2457596956683417,0.0,0.4170851232062826,0.0,0.6331,0.232,0.1742,0.6174,0.0833,1,0.71,2,1,1,36.3,25.0,7.0,0.0,0.2966507177033493,0.0,0.7222,0.6642,0.7,0.48,0.37,0.42,0.24219999999999997,0.2942,0.27999999999999997,1
0.0,0.0,0.5,0.5,0,0,9.0,8.653212513775344,7.698970004336019,10.0,9.0,84.0,0.0,0.0,0.0,2,5,13,-0.5,6.0,-1500.0,0.04999999999999993,-0.020000000000000004,0.25,0.30000000000000004,0.09999999999999998,2.161,0.0,1.17,0.0,0.991,0.0,0.439,0.0,1.0807602735652382,0.0,0.5795295026523193,0.0,0.639,0.2673,0.189,0.6935,0.066,0,0.53,0,0,0,36.8,25.0,3.0,0.0,0.31100478468899506,0.0,0.5314,0.501,0.5217,0.48,0.37,0.42,0.0514,0.131,0.10170000000000007,1
0.0,0.0,0.5,0.5,0,0,9.0,8.653212513775344,7.698970004336019,10.0,9.0,84.0,0.0,0.0,0.0,2,5,13,-0.5,6.0,-1500.0,0.04999999999999993,-0.020000000000000004,0.25,0.30000000000000004,0.09999999999999998,2.161,0.0,1.17,0.0,0.991,0.0,0.439,0.0,1.0807602735652382,0.0,0.5795295026523193,0.0,0.639,0.0,0.189,0.6935,0.066,0,0.53,0,0,0,36.8,25.0,3.0,0.0,0.31100478468899506,0.0,0.5314,0.501,0.5217,0.48,0.37,0.42,0.0514,0.131,0.10170000000000007,1
0.0,0.0,0.5,0.5,0,0,2.6666666666666665,8.505149978319906,8.079181246047625,3.5,1.5,81.5,0.0,0.0,0.0,0,1,3,-1.3999999999999986,1.0,-7000.0,0.25,-0.020000000000000004,0.17999999999999994,0.10000000000000009,0.0,1.7120000000000002,1.6,1.179,1.705,0.5329999999999999,-0.1049999999999999,0.088,0.7,1.1043395370402465,1.397464068315691,0.3105121217887923,0.4263279905841928,0.5541,0.0,0.1745,0.6843,0.0671,0,0.52,0,-1,0,30.2,24.5,2.0,1.0,0.15071770334928236,0.0,0.3901,0.3768,0.3964,0.5189,0.3806,0.4334,-0.12880000000000003,-0.00379999999999997,-0.03700000000000003,1
0.0,0.0,0.5,0.5,0,0,0.85,8.929418925714293,9.0,0.29999999999999716,-2.0,87.5,0.0,0.0,0.0,-4,-9,-6,-1.3000000000000007,-10.0,2500.0,-0.050000000000000044,0.18,0.06000000000000005,0.10000000000000009,0.09999999999999998,2.592,2.451,0.939,0.825,1.653,1.626,0.108,0.349,0.9731844800911872,1.1980330911358643,0.4399949494659632,0.3834478089938996,0.6413,0.1945,0.2269,0.7296,0.0546,0,0.67,1,0,0,42.3,39.1,12.0,9.0,0.08373205741626788,0.0,0.4564,0.5811,0.6325,0.64,0.5449,0.7004,-0.18360000000000004,0.0361999999999999,-0.06790000000000007,1
0.0,0.0,0.5,0.5,0,0,0.4166666666666667,7.698970004336019,8.079181246047625,-4.5,0.0,70.0,0.0,0.0,0.0,0,0,-2,0.0,0.0,0.0,0.0,0.0,0.0,0.0,0.0,0.0,1.764,0.0,1.675,0.0,0.089,0.0,-0.064,0.0,0.9638575780728784,0.0,0.284026602822889,0.3973,0.2807,0.3302,0.8774,0.0839,0,0.45,0,0,0,25.0,25.3,0.0,0.0,-0.0071770334928229484,0.0,0.48,0.37,0.42,0.4741,0.3382,0.414,0.005899999999999961,0.031799999999999995,0.006000000000000005,1
0.0,0.0,0.5,0.5,0,0,0.36923076923076925,8.380211241711606,8.812913356642856,-5.0,-4.0,81.5,0.0,0.0,0.0,0,-5,1,0.5,6.0,-200.0,0.050000000000000044,-0.04999999999999999,-0.38,-0.5,0.0,1.6960000000000002,2.645,1.391,0.751,0.305,1.894,-0.196,-0.2449999999999999,0.8891132124050513,0.9060118494310764,0.3092715455532385,0.3351699403122077,0.6244,0.219,0.1437,0.6265,0.0498,1,0.57,0,1,1,31.0,38.0,2.0,7.0,-0.1842105263157895,0.0,0.3333,0.4488,0.4901,0.5646,0.5123,0.6106,-0.2313,-0.0635,-0.12050000000000005,1
0.0,0.0,0.5,0.5,0,0,4.166666666666667,8.8750612633917,8.255272505103306,6.0,2.5,86.5,0.0,0.0,0.0,4,13,13,0.6999999999999993,9.0,200.0,-0.050000000000000044,0.12,0.44999999999999996,0.30000000000000004,0.0,2.428,2.008,0.876,1.38,1.552,0.6280000000000001,-0.0279999999999999,0.1919999999999999,0.9223655810598944,1.0959572566962812,0.4258533915693417,0.4442921961452345,0.5733,0.3453,0.2037,0.6876,0.0583,0,0.58,0,0,0,38.7,23.7,10.0,0.0,0.39473684210526305,0.0,0.7582,0.5095,0.703,0.4442,0.329,0.414,0.314,0.18049999999999994,0.289,1
0.0,0.0,0.5,0.5,0,0,1.0,7.698970004336019,7.698970004336019,0.0,0.0,70.0,0.0,0.0,0.0,0,0,0,0.0,0.0,0.0,0.0,0.15,0.44999999999999996,0.0,0.0,0.0,0.0,0.0,0.0,0.0,0.0,0.0,0.0,0.0,0.0,0.0,0.0,0.0,0.0,0.0,0.0,0.0,0,0.45,0,0,0,25.0,25.0,0.0,0.0,0.0,0.0,0.48,0.37,0.42,0.48,0.37,0.42,0.0,0.0,0.0,1
0.0,0.0,0.5,0.5,0,0,0.2777777777777778,7.698970004336019,8.255272505103306,-7.0,-5.0,70.0,0.0,0.0,0.0,0,0,-6,0.0,0.0,0.0,0.0,0.15,0.44999999999999996,0.0,0.0,0.0,2.008,0.0,1.38,0.0,0.6280000000000001,0.0,0.1919999999999999,0.0,1.0959572566962812,0.0,0.4442921961452345,0.0,0.3453,0.0,0.0,0.0,0,0.45,0,0,0,25.0,23.7,0.0,0.0,0.03349282296650724,0.0,0.48,0.37,0.42,0.4442,0.329,0.414,0.0358,0.04099999999999998,0.006000000000000005,1
0.0,0.0,0.5,0.5,0,0,3.75,8.8750612633917,8.301029995663981,6.0,3.5,86.5,0.0,0.0,0.0,4,9,8,0.6999999999999993,9.0,200.0,-0.050000000000000044,0.12,0.44999999999999996,0.30000000000000004,0.0,2.428,1.599,0.876,1.173,1.552,0.426,-0.0279999999999999,0.1009999999999999,0.9223655810598944,0.9320745946735548,0.4258533915693417,0.3812100616603805,0.5733,0.2383,0.2037,0.6876,0.0583,0,0.58,0,0,0,38.7,25.6,10.0,1.0,0.3444976076555023,0.0,0.7582,0.5095,0.703,0.4689,0.3119,0.418,0.2893,0.19759999999999994,0.285,1
0.0,0.0,0.5,0.5,0,0,0.15625,7.698970004336019,8.505149978319906,-8.0,-5.0,70.0,0.0,0.0,0.0,0,-1,-10,1.3999999999999986,-1.0,7000.0,-0.25,0.16999999999999998,0.27,-0.10000000000000009,0.0,0.0,1.7120000000000002,0.0,1.179,0.0,0.5329999999999999,0.0,0.088,0.0,1.1043395370402465,0.0,0.3105121217887923,0.0,0.2715,0.0,0.0,0.0,0,0.45,0,0,0,25.0,30.2,0.0,2.0,-0.13636363636363635,0.0,0.48,0.37,0.42,0.3901,0.3768,0.3964,0.08989999999999998,-0.006800000000000028,0.02360000000000001,1
0.0,0.0,0.5,0.5,0,0,0.23529411764705882,8.301029995663981,8.929418925714293,-7.0,-4.5,81.0,0.0,0.0,0.0,-3,-2,-6,-1.0,-20.0,1500.0,-0.04999999999999993,0.020000000000000004,-0.44999999999999996,-0.8000000000000003,-0.19999999999999996,1.599,2.884,1.173,0.95,0.426,1.934,0.1009999999999999,0.616,0.9320745946735548,1.2457596956683417,0.3812100616603805,0.4170851232062826,0.4719,0.1927,0.2898,0.8452,0.0678,0,0.53,0,-1,-1,25.6,36.3,1.0,7.0,-0.27990430622009577,0.0,0.4689,0.3119,0.418,0.7222,0.6642,0.7,-0.25329999999999997,-0.3523,-0.282,1
0.0,0.0,0.5,0.5,0,0,1.0,7.698970004336019,7.698970004336019,0.0,0.0,70.0,0.0,0.0,0.0,0,0,0,0.0,0.0,0.0,0.0,0.0,0.0,0.0,0.0,0.0,0.0,0.0,0.0,0.0,0.0,0.0,0.0,0.0,0.0,0.0,0.0,0.0,0.3056,0.0,0.0,0.0,0,0.45,0,0,0,25.0,25.0,0.0,0.0,0.0,0.0,0.48,0.37,0.42,0.48,0.37,0.42,0.0,0.0,0.0,1
0.0,0.0,0.5,0.5,0,0,3.6,8.255272505103306,7.698970004336019,7.0,5.0,80.5,0.0,0.0,0.0,0,0,6,0.0,0.0,0.0,0.0,0.0,0.0,0.0,0.0,2.008,0.0,1.38,0.0,0.6280000000000001,0.0,0.1919999999999999,0.0,1.0959572566962812,0.0,0.4442921961452345,0.0,0.3957,0.2725,0.259,0.881,0.0469,0,0.6,0,0,0,23.7,25.0,0.0,0.0,-0.03349282296650724,0.0,0.4442,0.329,0.414,0.48,0.37,0.42,-0.0358,-0.04099999999999998,-0.006000000000000005,1
0.0,0.0,0.5,0.5,0,0,1.5,8.8750612633917,8.698970004336019,2.5,3.0,86.5,0.0,0.0,0.0,4,11,6,-0.6000000000000014,-6.0,-100.0,0.0,0.14,0.09999999999999998,0.09999999999999987,-0.04999999999999999,2.428,2.002,0.876,1.323,1.552,0.6789999999999999,-0.0279999999999999,-0.1019999999999999,0.9223655810598944,0.9431066534244954,0.4258533915693417,0.3376651859131732,0.5733,0.205,0.2037,0.6876,0.0583,0,0.58,0,0,0,38.7,34.1,10.0,10.0,0.12200956937799023,0.0,0.7582,0.5095,0.703,0.4786,0.471,0.4919,0.27959999999999996,0.03849999999999998,0.21109999999999995,1
0.0,0.0,0.5,0.5,0,0,0.058823529411764705,7.698970004336019,8.929418925714293,-13.799999999999997,-5.0,70.0,0.0,0.0,0.0,-1,-2,-15,1.0,-3.0,0.0,-0.04999999999999993,0.010000000000000009,-0.030000000000000027,-0.6000000000000001,-0.19999999999999996,0.0,2.592,0.0,0.939,0.0,1.653,0.0,0.108,0.0,0.9731844800911872,0.0,0.4399949494659632,0.0,0.1318,0.0,0.0,0.0,0,0.45,0,0,0,25.0,42.3,0.0,12.0,-0.4545454545454546,0.0,0.48,0.37,0.42,0.4564,0.5811,0.6325,0.02360000000000001,-0.21109999999999995,-0.21249999999999997,0
0.0,0.0,0.5,0.5,0,0,0.16363636363636364,8.255272505103306,9.041392685158225,-7.5,-4.5,80.5,0.0,0.0,0.0,-2,-7,-9,0.3000000000000007,-10.0,200.0,0.0,0.0,-0.52,-0.7000000000000002,-0.09999999999999998,2.008,2.804,1.38,0.5599999999999999,0.6280000000000001,2.244,0.1919999999999999,0.296,1.0959572566962812,1.0649770760444726,0.4442921961452345,0.2852756951130297,0.3957,0.2349,0.259,0.881,0.0469,0,0.6,0,-3,-1,23.7,42.2,0.0,12.0,-0.4856459330143541,0.0,0.4442,0.329,0.414,0.6507,0.6107,0.6607,-0.20649999999999996,-0.2817,-0.24669999999999997,1
0.0,0.0,0.5,0.5,0,0,0.06666666666666667,7.698970004336019,8.8750612633917,-13.0,-7.5,70.0,0.0,0.0,0.0,-4,-13,-19,-0.6999999999999993,-9.0,-200.0,0.050000000000000044,-0.12,-0.44999999999999996,-0.30000000000000004,0.0,0.0,2.428,0.0,0.876,0.0,1.552,0.0,-0.0279999999999999,0.0,0.9223655810598944,0.0,0.4258533915693417,0.0,0.223,0.0,0.0,0.0,0,0.45,0,0,0,25.0,38.7,0.0,10.0,-0.3612440191387558,0.0,0.48,0.37,0.42,0.7582,0.5095,0.703,-0.2782,-0.13949999999999996,-0.283,1
0.0,0.0,0.5,0.5,0,0,0.20833333333333334,7.698970004336019,8.380211241711606,-7.5,-4.5,70.0,0.0,0.0,0.0,0,0,-11,-0.6000000000000014,-10.0,0.0,0.0,0.0,0.0,0.0,0.0,0.0,1.6960000000000002,0.0,1.391,0.0,0.305,0.0,-0.196,0.0,0.8891132124050513,0.0,0.3092715455532385,0.0,0.2319,0.0,0.0,0.0,0,0.45,0,-1,-1,25.0,31.0,0.0,2.0,-0.1578947368421052,0.0,0.48,0.37,0.42,0.3333,0.4488,0.4901,0.1467,-0.07879999999999998,-0.0701,1
0.0,0.0,0.5,0.5,0,0,0.058823529411764705,7.698970004336019,8.929418925714293,-13.799999999999997,-5.0,70.0,0.0,0.0,0.0,-1,-2,-15,1.0,-3.0,0.0,-0.04999999999999993,0.010000000000000009,-0.030000000000000027,-0.6000000000000001,-0.19999999999999996,0.0,2.592,0.0,0.939,0.0,1.653,0.0,0.108,0.0,0.9731844800911872,0.0,0.4399949494659632,0.0,0.1318,0.0,0.0,0.0,0,0.45,0,0,0,25.0,42.3,0.0,12.0,-0.4545454545454546,0.0,0.48,0.37,0.42,0.4564,0.5811,0.6325,0.02360000000000001,-0.21109999999999995,-0.21249999999999997,1
0.0,0.0,0.5,0.5,0,0,20.0,9.0,7.698970004336019,13.5,7.0,87.5,0.0,0.0,0.0,5,11,21,0.3000000000000007,13.0,-2500.0,0.09999999999999998,-0.04000000000000001,0.41999999999999993,0.5,0.09999999999999998,2.451,0.0,0.825,0.0,1.626,0.0,0.349,0.0,1.1980330911358643,0.0,0.3834478089938996,0.0,0.6748,0.0,0.1307,0.8196,0.0699,0,0.6,0,0,0,39.1,25.0,9.0,0.0,0.3708133971291867,0.0,0.64,0.5449,0.7004,0.48,0.37,0.42,0.16000000000000003,0.17490000000000006,0.28040000000000004,0
0.0,0.0,0.5,0.5,0,0,0.05,7.698970004336019,9.0,-13.5,-7.0,70.0,0.0,0.0,0.0,-5,-11,-21,-0.3000000000000007,-13.0,2500.0,-0.09999999999999998,0.19,0.030000000000000027,-0.5,-0.09999999999999998,0.0,2.451,0.0,0.825,0.0,1.626,0.0,0.349,0.0,1.1980330911358643,0.0,0.3834478089938996,0.0,0.1945,0.0,0.0,0.0,0,0.45,0,0,0,25.0,39.1,0.0,9.0,-0.3708133971291867,0.0,0.48,0.37,0.42,0.64,0.5449,0.7004,-0.16000000000000003,-0.17490000000000006,-0.28040000000000004,1
0.0,0.0,0.5,0.5,0,0,1.0,7.698970004336019,7.698970004336019,0.0,0.0,70.0,0.0,0.0,0.0,0,0,0,0.0,0.0,0.0,0.0,0.0,0.0,0.0,0.0,0.0,0.0,0.0,0.0,0.0,0.0,0.0,0.0,0.0,0.0,0.0,0.0,0.0,0.3056,0.0,0.0,0.0,0,0.45,0,0,0,25.0,25.0,0.0,0.0,0.0,0.0,0.48,0.37,0.42,0.48,0.37,0.42,0.0,0.0,0.0,0
0.0,0.0,0.5,0.5,0,0,2.2,9.041392685158225,8.698970004336019,4.0,5.0,89.0,0.0,0.0,0.0,2,5,2,-1.6000000000000014,-5.0,-500.0,0.050000000000000044,0.020000000000000004,0.17000000000000004,0.5,0.04999999999999999,2.804,2.002,0.5599999999999999,1.323,2.244,0.6789999999999999,0.296,-0.1019999999999999,1.0649770760444726,0.9431066534244954,0.2852756951130297,0.3376651859131732,0.7185,0.205,0.05,0.6062,0.0885,3,0.68,2,3,1,42.2,34.1,12.0,10.0,0.21291866028708128,0.0,0.6507,0.6107,0.6607,0.4786,0.471,0.4919,0.17209999999999992,0.13970000000000005,0.16879999999999995,1
0.0,0.0,0.5,0.5,0,0,0.1111111111111111,7.698970004336019,8.653212513775344,-8.0,-5.0,70.0,0.0,0.0,0.0,0,0,-2,0.0,0.0,0.0,0.0,0.15,0.44999999999999996,0.0,0.0,0.0,1.6330000000000002,0.0,1.3030000000000002,0.0,0.33,0.0,0.567,0.0,1.4576317234223708,0.0,0.3969620748747779,0.0,0.297,0.0,0.0,0.0,0,0.45,0,0,0,25.0,34.3,0.0,8.0,-0.2440191387559807,0.0,0.48,0.37,0.42,0.4446,0.38,0.4143,0.03539999999999999,-0.010000000000000009,0.005699999999999983,1
0.0,0.0,0.5,0.5,0,0,4.0,8.301029995663981,7.698970004336019,7.0,4.0,81.0,0.0,0.0,0.0,0,4,11,0.0,0.0,0.0,0.0,0.0,0.0,0.0,0.0,1.599,0.0,1.173,0.0,0.426,0.0,0.1009999999999999,0.0,0.9320745946735548,0.0,0.3812100616603805,0.0,0.4719,0.0,0.2898,0.8452,0.0678,0,0.53,0,0,0,25.6,25.0,1.0,0.0,0.01674641148325351,0.0,0.4689,0.3119,0.418,0.48,0.37,0.42,-0.011099999999999999,-0.058099999999999985,-0.0020000000000000018,1
0.0,0.0,0.5,0.5,0,0,0.20833333333333334,7.698970004336019,8.380211241711606,-7.5,-4.5,70.0,0.0,0.0,0.0,0,0,-11,-0.6000000000000014,-10.0,0.0,0.0,0.0,0.0,0.0,0.0,0.0,1.6960000000000002,0.0,1.391,0.0,0.305,0.0,-0.196,0.0,0.8891132124050513,0.0,0.3092715455532385,0.3973,0.2319,0.3302,0.8774,0.0839,0,0.45,0,-1,-1,25.0,31.0,0.0,2.0,-0.1578947368421052,0.0,0.48,0.37,0.42,0.3333,0.4488,0.4901,0.1467,-0.07879999999999998,-0.0701,1
0.0,0.0,0.5,0.5,0,0,1.0,7.698970004336019,7.698970004336019,0.0,0.0,70.0,0.0,0.0,0.0,0,0,0,0.0,0.0,0.0,0.0,0.0,0.0,0.0,0.0,0.0,0.0,0.0,0.0,0.0,0.0,0.0,0.0,0.0,0.0,0.0,0.0,0.0,0.3056,0.0,0.0,0.0,0,0.45,0,0,0,25.0,25.0,0.0,0.0,0.0,0.0,0.48,0.37,0.42,0.48,0.37,0.42,0.0,0.0,0.0,1
0.0,0.0,0.5,0.5,0,0,5.0,9.0,8.301029995663981,6.5,3.0,87.5,0.0,0.0,0.0,5,7,10,0.3000000000000007,13.0,-2500.0,0.09999999999999998,-0.04000000000000001,0.41999999999999993,0.5,0.09999999999999998,2.451,1.599,0.825,1.173,1.626,0.426,0.349,0.1009999999999999,1.1980330911358643,0.9320745946735548,0.3834478089938996,0.3812100616603805,0.6748,0.2383,0.1307,0.8196,0.0699,0,0.6,0,0,0,39.1,25.6,9.0,1.0,0.3540669856459332,0.0,0.64,0.5449,0.7004,0.4689,0.3119,0.418,0.17110000000000003,0.23300000000000004,0.28240000000000004,1
0.0,0.0,0.5,0.5,0,0,1.0,7.698970004336019,7.698970004336019,0.0,0.0,70.0,0.0,0.0,0.0,0,0,0,0.0,0.0,0.0,0.0,0.15,0.44999999999999996,0.0,0.0,0.0,0.0,0.0,0.0,0.0,0.0,0.0,0.0,0.0,0.0,0.0,0.0,0.0,0.2725,0.0,0.0,0.0,0,0.45,0,0,0,25.0,25.0,0.0,0.0,0.0,0.0,0.48,0.37,0.42,0.48,0.37,0.42,0.0,0.0,0.0,1
0.0,0.0,0.5,0.5,0,0,0.25,7.698970004336019,8.301029995663981,-7.0,-4.0,70.0,0.0,0.0,0.0,0,-4,-11,0.0,0.0,0.0,0.0,0.0,0.0,0.0,0.0,0.0,1.599,0.0,1.173,0.0,0.426,0.0,0.1009999999999999,0.0,0.9320745946735548,0.0,0.3812100616603805,0.3973,0.2383,0.3302,0.8774,0.0839,0,0.45,0,0,0,25.0,25.6,0.0,1.0,-0.01674641148325351,0.0,0.48,0.37,0.42,0.4689,0.3119,0.418,0.011099999999999999,0.058099999999999985,0.0020000000000000018,1
0.0,0.0,0.5,0.5,0,0,20.0,9.0,7.698970004336019,13.5,7.0,87.5,0.0,0.0,0.0,5,11,21,0.3000000000000007,13.0,-2500.0,0.09999999999999998,-0.04000000000000001,0.41999999999999993,0.5,0.09999999999999998,2.451,0.0,0.825,0.0,1.626,0.0,0.349,0.0,1.1980330911358643,0.0,0.3834478089938996,0.0,0.6748,0.0,0.1307,0.8196,0.0699,0,0.6,0,0,0,39.1,25.0,9.0,0.0,0.3708133971291867,0.0,0.64,0.5449,0.7004,0.48,0.37,0.42,0.16000000000000003,0.17490000000000006,0.28040000000000004,1
0.0,0.0,0.5,0.5,0,0,1.0,7.698970004336019,7.698970004336019,0.0,0.0,70.0,0.0,0.0,0.0,0,0,0,0.0,0.0,0.0,0.0,0.0,0.0,0.0,0.0,0.0,0.0,0.0,0.0,0.0,0.0,0.0,0.0,0.0,0.0,0.0,0.0,0.3973,0.0,0.3302,0.8774,0.0839,0,0.45,0,0,0,25.0,25.0,0.0,0.0,0.0,0.0,0.48,0.37,0.42,0.48,0.37,0.42,0.0,0.0,0.0,1
0.0,0.0,0.5,0.5,0,0,0.07692307692307693,7.698970004336019,8.812913356642856,-12.5,-8.5,70.0,0.0,0.0,0.0,0,-5,-10,-0.10000000000000142,-4.0,-200.0,0.050000000000000044,-0.04999999999999999,-0.38,-0.5,0.0,0.0,2.645,0.0,0.751,0.0,1.894,0.0,-0.2449999999999999,0.0,0.9060118494310764,0.0,0.3351699403122077,0.0,0.219,0.0,0.0,0.0,0,0.45,0,0,0,25.0,38.0,0.0,7.0,-0.3421052631578947,0.0,0.48,0.37,0.42,0.5646,0.5123,0.6106,-0.08460000000000001,-0.14229999999999998,-0.19060000000000005,1
0.0,0.0,0.5,0.5,0,0,20.0,9.0,7.698970004336019,13.5,7.0,87.5,0.0,0.0,0.0,5,11,21,0.3000000000000007,13.0,-2500.0,0.09999999999999998,-0.04000000000000001,0.41999999999999993,0.5,0.09999999999999998,2.451,0.0,0.825,0.0,1.626,0.0,0.349,0.0,1.1980330911358643,0.0,0.3834478089938996,0.0,0.6748,0.2179,0.1307,0.8196,0.0699,0,0.6,0,0,0,39.1,25.0,9.0,0.0,0.3708133971291867,0.0,0.64,0.5449,0.7004,0.48,0.37,0.42,0.16000000000000003,0.17490000000000006,0.28040000000000004,1
0.0,0.0,0.5,0.5,0,0,0.045454545454545456,7.698970004336019,9.041392685158225,-14.5,-9.5,70.0,0.0,0.0,0.0,-2,-7,-15,0.3000000000000007,-10.0,200.0,0.0,0.15,-0.07000000000000006,-0.7000000000000002,-0.09999999999999998,0.0,2.804,0.0,0.5599999999999999,0.0,2.244,0.0,0.296,0.0,1.0649770760444726,0.0,0.2852756951130297,0.0,0.2349,0.0,0.0,0.0,0,0.45,0,-3,-1,25.0,42.2,0.0,12.0,-0.45215311004784686,0.0,0.48,0.37,0.42,0.6507,0.6107,0.6607,-0.17069999999999996,-0.24070000000000003,-0.24069999999999997,1
0.0,0.0,0.5,0.5,0,0,0.32,8.380211241711606,8.8750612633917,-5.5,-3.0,81.5,0.0,0.0,0.0,-4,-13,-8,-0.09999999999999787,1.0,-200.0,0.050000000000000044,-0.12,-0.44999999999999996,-0.30000000000000004,0.0,1.6960000000000002,2.428,1.391,0.876,0.305,1.552,-0.196,-0.0279999999999999,0.8891132124050513,0.9223655810598944,0.3092715455532385,0.4258533915693417,0.6244,0.223,0.1437,0.6265,0.0498,1,0.57,0,1,1,31.0,38.7,2.0,10.0,-0.2033492822966506,0.0,0.3333,0.4488,0.4901,0.7582,0.5095,0.703,-0.4249,-0.060699999999999976,-0.21289999999999998,1
0.0,0.0,0.5,0.5,0,0,0.32,8.380211241711606,8.8750612633917,-5.5,-3.0,81.5,0.0,0.0,0.0,-4,-13,-8,-0.09999999999999787,1.0,-200.0,0.050000000000000044,-0.12,-0.44999999999999996,-0.30000000000000004,0.0,1.6960000000000002,2.428,1.391,0.876,0.305,1.552,-0.196,-0.0279999999999999,0.8891132124050513,0.9223655810598944,0.3092715455532385,0.4258533915693417,0.6244,0.223,0.1437,0.6265,0.0498,1,0.57,0,1,1,31.0,38.7,2.0,10.0,-0.2033492822966506,0.0,0.3333,0.4488,0.4901,0.7582,0.5095,0.703,-0.4249,-0.060699999999999976,-0.21289999999999998,0
0.0,0.0,0.5,0.5,0,0,4.0,8.301029995663981,7.698970004336019,7.0,4.0,81.0,0.0,0.0,0.0,0,4,11,0.0,0.0,0.0,0.0,-0.15,-0.44999999999999996,0.0,0.0,1.599,0.0,1.173,0.0,0.426,0.0,0.1009999999999999,0.0,0.9320745946735548,0.0,0.3812100616603805,0.0,0.4719,0.0,0.2898,0.8452,0.0678,0,0.53,0,0,0,25.6,25.0,1.0,0.0,0.01674641148325351,0.0,0.4689,0.3119,0.418,0.48,0.37,0.42,-0.011099999999999999,-0.058099999999999985,-0.0020000000000000018,1
0.0,0.0,0.5,0.5,0,0,0.15625,7.698970004336019,8.505149978319906,-8.0,-5.0,70.0,0.0,0.0,0.0,0,-1,-10,1.3999999999999986,-1.0,7000.0,-0.25,0.020000000000000004,-0.17999999999999994,-0.10000000000000009,0.0,0.0,1.7120000000000002,0.0,1.179,0.0,0.5329999999999999,0.0,0.088,0.0,1.1043395370402465,0.0,0.3105121217887923,0.4794,0.2715,0.2886,0.8789,0.0804,0,0.45,0,0,0,25.0,30.2,0.0,2.0,-0.13636363636363635,0.0,0.48,0.37,0.42,0.3901,0.3768,0.3964,0.08989999999999998,-0.006800000000000028,0.02360000000000001,1
0.0,0.0,0.5,0.5,0,0,0.7083333333333334,8.929418925714293,9.079181246047625,-0.20000000000000284,-3.0,87.5,0.0,0.0,0.0,0,-1,0,-0.8999999999999986,-4.0,500.0,0.04999999999999993,-0.040000000000000036,-0.09999999999999998,0.19999999999999996,0.09999999999999998,2.592,2.341,0.939,1.067,1.653,1.274,0.108,0.359,0.9731844800911872,1.1426634743995732,0.4399949494659632,0.2724559087673128,0.6413,0.228,0.2269,0.7296,0.0546,0,0.67,1,0,0,42.3,42.2,12.0,12.0,0.0023923444976077235,0.0,0.4564,0.5811,0.6325,0.458,0.5375,0.5466,-0.0016000000000000458,0.04359999999999997,0.08589999999999998,1
0.0,0.0,0.5,0.5,0,0,0.22727272727272727,7.698970004336019,8.342422680822207,-7.0,-3.5,70.0,0.0,0.0,0.0,0,0,-16,-0.3999999999999986,-11.0,7500.0,-0.29999999999999993,-0.24999999999999997,0.12,0.09999999999999987,0.050000000000000044,0.0,1.7739999999999998,0.0,1.399,0.0,0.375,0.0,-0.2739999999999999,0.0,0.8012143853944391,0.0,0.301485212462126,0.0,0.215,0.0,0.0,0.0,0,0.45,0,-2,-1,25.0,25.0,0.0,1.0,0.0,0.0,0.48,0.37,0.42,0.467,0.3049,0.3458,0.012999999999999956,0.06509999999999999,0.07419999999999999,1
0.0,0.0,0.5,0.5,0,0,20.0,9.0,7.698970004336019,13.5,7.0,87.5,0.0,0.0,0.0,5,11,21,0.3000000000000007,13.0,-2500.0,0.09999999999999998,-0.04000000000000001,0.41999999999999993,0.5,0.09999999999999998,2.451,0.0,0.825,0.0,1.626,0.0,0.349,0.0,1.1980330911358643,0.0,0.3834478089938996,0.0,0.6748,0.0,0.1307,0.8196,0.0699,0,0.6,0,0,0,39.1,25.0,9.0,0.0,0.3708133971291867,0.0,0.64,0.5449,0.7004,0.48,0.37,0.42,0.16000000000000003,0.17490000000000006,0.28040000000000004,1
0.0,0.0,0.5,0.5,0,0,1.0909090909090908,8.380211241711606,8.342422680822207,0.5,1.0,81.5,0.0,0.0,0.0,0,0,-5,0.20000000000000284,-1.0,7500.0,-0.29999999999999993,-0.24999999999999997,0.12,0.09999999999999987,0.050000000000000044,1.6960000000000002,1.7739999999999998,1.391,1.399,0.305,0.375,-0.196,-0.2739999999999999,0.8891132124050513,0.8012143853944391,0.3092715455532385,0.301485212462126,0.6244,0.215,0.1437,0.6265,0.0498,1,0.57,0,-1,0,31.0,25.0,2.0,1.0,0.1578947368421052,0.0,0.3333,0.4488,0.4901,0.467,0.3049,0.3458,-0.13370000000000004,0.14389999999999997,0.14429999999999998,1
0.0,0.0,0.5,0.5,0,0,24.0,9.079181246047625,7.698970004336019,14.0,8.0,88.5,0.0,0.0,0.0,1,3,15,-0.10000000000000142,7.0,-500.0,0.0,0.18000000000000002,0.58,0.40000000000000013,0.09999999999999998,2.341,0.0,1.067,0.0,1.274,0.0,0.359,0.0,1.1426634743995732,0.0,0.2724559087673128,0.0,0.6109,0.232,0.1611,0.6545,0.0492,0,0.62,1,0,0,42.2,25.0,12.0,0.0,0.45215311004784686,0.0,0.458,0.5375,0.5466,0.48,0.37,0.42,-0.021999999999999964,0.16749999999999998,0.1266,1
0.0,0.0,0.5,0.5,0,0,2.65625,8.929418925714293,8.505149978319906,5.799999999999997,0.0,87.5,0.0,0.0,0.0,1,1,5,0.3999999999999986,2.0,7000.0,-0.20000000000000007,0.15999999999999998,0.30000000000000004,0.5,0.19999999999999996,2.592,1.7120000000000002,0.939,1.179,1.653,0.5329999999999999,0.108,0.088,0.9731844800911872,1.1043395370402465,0.4399949494659632,0.3105121217887923,0.6413,0.2715,0.2269,0.7296,0.0546,0,0.67,1,0,0,42.3,30.2,12.0,2.0,0.31818181818181823,0.0,0.4564,0.5811,0.6325,0.3901,0.3768,0.3964,0.06629999999999997,0.20429999999999993,0.23609999999999998,1
0.0,0.0,0.5,0.5,0,0,17.0,8.929418925714293,7.698970004336019,13.799999999999997,5.0,87.5,0.0,0.0,0.0,1,2,15,-1.0,3.0,0.0,0.04999999999999993,0.13999999999999999,0.48,0.6000000000000001,0.19999999999999996,2.592,0.0,0.939,0.0,1.653,0.0,0.108,0.0,0.9731844800911872,0.0,0.4399949494659632,0.0,0.6413,0.232,0.2269,0.7296,0.0546,0,0.67,1,0,0,42.3,25.0,12.0,0.0,0.4545454545454546,0.0,0.4564,0.5811,0.6325,0.48,0.37,0.42,-0.02360000000000001,0.21109999999999995,0.21249999999999997,1
0.0,0.0,0.5,0.5,0,0,0.26666666666666666,8.505149978319906,9.079181246047625,-6.0,-3.0,81.5,0.0,0.0,0.0,-1,-2,-5,-1.2999999999999972,-6.0,-6500.0,0.25,-0.2,-0.4,-0.30000000000000004,-0.09999999999999998,1.7120000000000002,2.341,1.179,1.067,0.5329999999999999,1.274,0.088,0.359,1.1043395370402465,1.1426634743995732,0.3105121217887923,0.2724559087673128,0.5541,0.228,0.1745,0.6843,0.0671,0,0.52,0,0,0,30.2,42.2,2.0,12.0,-0.3157894736842105,0.0,0.3901,0.3768,0.3964,0.458,0.5375,0.5466,-0.06790000000000002,-0.16069999999999995,-0.1502,1
0.0,0.0,0.5,0.5,0,0,4.545454545454546,9.0,8.342422680822207,6.5,3.5,87.5,0.0,0.0,0.0,5,11,5,-0.09999999999999787,2.0,5000.0,-0.19999999999999996,-0.29,0.5399999999999999,0.5999999999999999,0.15000000000000002,2.451,1.7739999999999998,0.825,1.399,1.626,0.375,0.349,-0.2739999999999999,1.1980330911358643,0.8012143853944391,0.3834478089938996,0.301485212462126,0.6748,0.215,0.1307,0.8196,0.0699,0,0.6,0,-2,-1,39.1,25.0,9.0,1.0,0.3708133971291867,0.0,0.64,0.5449,0.7004,0.467,0.3049,0.3458,0.173,0.24000000000000005,0.3546,1
0.0,0.0,0.5,0.5,0,0,4.166666666666667,9.0,8.380211241711606,6.0,2.5,87.5,0.0,0.0,0.0,5,11,10,-0.3000000000000007,3.0,-2500.0,0.09999999999999998,-0.04000000000000001,0.41999999999999993,0.5,0.09999999999999998,2.451,1.6960000000000002,0.825,1.391,1.626,0.305,0.349,-0.196,1.1980330911358643,0.8891132124050513,0.3834478089938996,0.3092715455532385,0.6748,0.2319,0.1307,0.8196,0.0699,0,0.6,0,-1,-1,39.1,31.0,9.0,2.0,0.2129186602870815,0.0,0.64,0.5449,0.7004,0.3333,0.4488,0.4901,0.30670000000000003,0.09610000000000007,0.21030000000000004,0
0.0,0.0,0.5,0.5,0,0,0.20833333333333334,7.698970004336019,8.380211241711606,-7.5,-4.5,70.0,0.0,0.0,0.0,0,0,-11,-0.6000000000000014,-10.0,0.0,0.0,0.0,0.0,0.0,0.0,0.0,1.6960000000000002,0.0,1.391,0.0,0.305,0.0,-0.196,0.0,0.8891132124050513,0.0,0.3092715455532385,0.0,0.2319,0.0,0.0,0.0,0,0.45,0,-1,-1,25.0,31.0,0.0,2.0,-0.1578947368421052,0.0,0.48,0.37,0.42,0.3333,0.4488,0.4901,0.1467,-0.07879999999999998,-0.0701,1
0.0,0.0,0.5,0.5,0,0,1.6666666666666667,8.301029995663981,8.079181246047625,2.5,0.5,81.0,0.0,0.0,0.0,0,4,4,0.0,0.0,0.0,0.0,0.0,0.0,0.0,0.0,1.599,1.6,1.173,1.705,0.426,-0.1049999999999999,0.1009999999999999,0.7,0.9320745946735548,1.397464068315691,0.3812100616603805,0.4263279905841928,0.4719,0.0,0.2898,0.8452,0.0678,0,0.53,0,-1,0,25.6,24.5,1.0,1.0,0.031100478468899517,0.0,0.4689,0.3119,0.418,0.5189,0.3806,0.4334,-0.050000000000000044,-0.06869999999999998,-0.015400000000000025,0
0.0,0.0,0.5,0.5,0,0,0.4166666666666667,7.698970004336019,8.079181246047625,-4.5,-3.5,70.0,0.0,0.0,0.0,0,0,-7,0.0,0.0,0.0,0.0,0.15,0.44999999999999996,0.0,0.0,0.0,1.6,0.0,1.705,0.0,-0.1049999999999999,0.0,0.7,0.0,1.397464068315691,0.0,0.4263279905841928,0.0,0.0,0.0,0.0,0.0,0,0.45,0,-1,0,25.0,24.5,0.0,1.0,0.014354066985646008,0.0,0.48,0.37,0.42,0.5189,0.3806,0.4334,-0.038900000000000046,-0.010599999999999998,-0.013400000000000023,1
0.0,0.0,0.5,0.5,0,0,9.0,8.653212513775344,7.698970004336019,10.0,9.0,84.0,0.0,0.0,0.0,2,5,13,-0.5,6.0,-1500.0,0.04999999999999993,-0.020000000000000004,0.25,0.30000000000000004,0.09999999999999998,2.161,0.0,1.17,0.0,0.991,0.0,0.439,0.0,1.0807602735652382,0.0,0.5795295026523193,0.0,0.639,0.0,0.189,0.6935,0.066,0,0.53,0,0,0,36.8,25.0,3.0,0.0,0.31100478468899506,0.0,0.5314,0.501,0.5217,0.48,0.37,0.42,0.0514,0.131,0.10170000000000007,1
0.0,0.0,0.5,0.5,0,0,0.5294117647058824,8.653212513775344,8.929418925714293,-3.799999999999997,4.0,84.0,0.0,0.0,0.0,1,3,-2,0.5,3.0,-1500.0,0.0,-0.15999999999999998,-0.22999999999999998,-0.30000000000000004,-0.09999999999999998,2.161,2.592,1.17,0.939,0.991,1.653,0.439,0.108,1.0807602735652382,0.9731844800911872,0.5795295026523193,0.4399949494659632,0.639,0.1318,0.189,0.6935,0.066,0,0.53,0,0,0,36.8,42.3,3.0,12.0,-0.14354066985645952,0.0,0.5314,0.501,0.5217,0.4564,0.5811,0.6325,0.07500000000000001,-0.08009999999999995,-0.1107999999999999,0
0.0,0.0,0.5,0.5,0,0,5.0,9.0,8.301029995663981,6.5,3.0,87.5,0.0,0.0,0.0,5,7,10,0.3000000000000007,13.0,-2500.0,0.09999999999999998,-0.04000000000000001,0.41999999999999993,0.5,0.09999999999999998,2.451,1.599,0.825,1.173,1.626,0.426,0.349,0.1009999999999999,1.1980330911358643,0.9320745946735548,0.3834478089938996,0.3812100616603805,0.6748,0.2383,0.1307,0.8196,0.0699,0,0.6,0,0,0,39.1,25.6,9.0,1.0,0.3540669856459332,0.0,0.64,0.5449,0.7004,0.4689,0.3119,0.418,0.17110000000000003,0.23300000000000004,0.28240000000000004,1
0.0,0.0,0.5,0.5,0,0,1.1764705882352942,9.0,8.929418925714293,-0.29999999999999716,2.0,87.5,0.0,0.0,0.0,4,9,6,1.3000000000000007,10.0,-2500.0,0.050000000000000044,-0.18,-0.06000000000000005,-0.10000000000000009,-0.09999999999999998,2.451,2.592,0.825,0.939,1.626,1.653,0.349,0.108,1.1980330911358643,0.9731844800911872,0.3834478089938996,0.4399949494659632,0.6748,0.1318,0.1307,0.8196,0.0699,0,0.6,0,0,0,39.1,42.3,9.0,12.0,-0.08373205741626788,0.0,0.64,0.5449,0.7004,0.4564,0.5811,0.6325,0.18360000000000004,-0.0361999999999999,0.06790000000000007,1
0.0,0.0,0.5,0.5,0,0,2.25,8.653212513775344,8.301029995663981,3.0,5.0,84.0,0.0,0.0,0.0,2,1,2,-0.5,6.0,-1500.0,0.04999999999999993,-0.020000000000000004,0.25,0.30000000000000004,0.09999999999999998,2.161,1.599,1.17,1.173,0.991,0.426,0.439,0.1009999999999999,1.0807602735652382,0.9320745946735548,0.5795295026523193,0.3812100616603805,0.639,0.2383,0.189,0.6935,0.066,0,0.53,0,0,0,36.8,25.6,3.0,1.0,0.29425837320574155,0.0,0.5314,0.501,0.5217,0.4689,0.3119,0.418,0.0625,0.1891,0.10370000000000007,1
0.0,0.0,0.5,0.5,0,0,0.23529411764705882,8.301029995663981,8.929418925714293,-6.799999999999997,-1.0,81.0,0.0,0.0,0.0,-1,2,-4,1.0,-3.0,0.0,-0.04999999999999993,-0.13999999999999999,-0.48,-0.6000000000000001,-0.19999999999999996,1.599,2.592,1.173,0.939,0.426,1.653,0.1009999999999999,0.108,0.9320745946735548,0.9731844800911872,0.3812100616603805,0.4399949494659632,0.4719,0.1318,0.2898,0.8452,0.0678,0,0.53,0,0,0,25.6,42.3,1.0,12.0,-0.4377990430622011,0.0,0.4689,0.3119,0.418,0.4564,0.5811,0.6325,0.012500000000000011,-0.26919999999999994,-0.21449999999999997,1
0.0,0.0,0.5,0.5,0,0,0.45,8.653212513775344,9.0,-3.5,2.0,84.0,0.0,0.0,0.0,-3,-6,-8,-0.8000000000000007,-7.0,1000.0,-0.050000000000000044,0.020000000000000004,-0.16999999999999993,-0.19999999999999996,0.0,2.161,2.451,1.17,0.825,0.991,1.626,0.439,0.349,1.0807602735652382,1.1980330911358643,0.5795295026523193,0.3834478089938996,0.639,0.1945,0.189,0.6935,0.066,0,0.53,0,0,0,36.8,39.1,3.0,9.0,-0.059808612440191644,0.0,0.5314,0.501,0.5217,0.64,0.5449,0.7004,-0.10860000000000003,-0.04390000000000005,-0.17869999999999997,1
0.0,0.0,0.5,0.5,0,0,5.0,9.079181246047625,8.380211241711606,6.5,3.5,88.5,0.0,0.0,0.0,1,3,4,-0.7000000000000028,-3.0,-500.0,0.0,0.18000000000000002,0.58,0.40000000000000013,0.09999999999999998,2.341,1.6960000000000002,1.067,1.391,1.274,0.305,0.359,-0.196,1.1426634743995732,0.8891132124050513,0.2724559087673128,0.3092715455532385,0.6109,0.2319,0.1611,0.6545,0.0492,0,0.62,1,-1,-1,42.2,31.0,12.0,2.0,0.29425837320574166,0.0,0.458,0.5375,0.5466,0.3333,0.4488,0.4901,0.12470000000000003,0.0887,0.056499999999999995,1
0.0,0.0,0.5,0.5,0,0,4.8,8.380211241711606,7.698970004336019,7.5,4.5,81.5,0.0,0.0,0.0,0,0,11,0.6000000000000014,10.0,0.0,0.0,-0.15,-0.44999999999999996,0.0,0.0,1.6960000000000002,0.0,1.391,0.0,0.305,0.0,-0.196,0.0,0.8891132124050513,0.0,0.3092715455532385,0.0,0.6244,0.0,0.1437,0.6265,0.0498,1,0.57,0,1,1,31.0,25.0,2.0,0.0,0.1578947368421052,0.0,0.3333,0.4488,0.4901,0.48,0.37,0.42,-0.1467,0.07879999999999998,0.0701,1
0.0,0.0,0.5,0.5,0,0,0.75,8.255272505103306,8.380211241711606,-0.5,0.5,80.5,0.0,0.0,0.0,0,0,-5,-0.6000000000000014,-10.0,0.0,0.0,0.0,0.0,0.0,0.0,2.008,1.6960000000000002,1.38,1.391,0.6280000000000001,0.305,0.1919999999999999,-0.196,1.0959572566962812,0.8891132124050513,0.4442921961452345,0.3092715455532385,0.3957,0.2319,0.259,0.881,0.0469,0,0.6,0,-1,-1,23.7,31.0,0.0,2.0,-0.19138755980861244,0.0,0.4442,0.329,0.414,0.3333,0.4488,0.4901,0.1109,-0.11979999999999996,-0.0761,1
0.0,0.0,0.5,0.5,0,0,0.375,8.653212513775344,9.079181246047625,-4.0,1.0,84.0,0.0,0.0,0.0,1,2,-2,-0.3999999999999986,-1.0,-1000.0,0.04999999999999993,-0.2,-0.32999999999999996,-0.10000000000000009,0.0,2.161,2.341,1.17,1.067,0.991,1.274,0.439,0.359,1.0807602735652382,1.1426634743995732,0.5795295026523193,0.2724559087673128,0.639,0.228,0.189,0.6935,0.066,0,0.53,0,0,0,36.8,42.2,3.0,12.0,-0.1411483253588518,0.0,0.5314,0.501,0.5217,0.458,0.5375,0.5466,0.07339999999999997,-0.03649999999999998,-0.024899999999999922,1
0.0,0.0,0.5,0.5,0,0,1.0,7.698970004336019,7.698970004336019,0.0,0.0,70.0,0.0,0.0,0.0,0,0,0,0.0,0.0,0.0,0.0,0.0,0.0,0.0,0.0,0.0,0.0,0.0,0.0,0.0,0.0,0.0,0.0,0.0,0.0,0.0,0.0,0.0,0.2565,0.0,0.0,0.0,0,0.45,0,0,0,25.0,25.0,0.0,0.0,0.0,0.0,0.48,0.37,0.42,0.48,0.37,0.42,0.0,0.0,0.0,1
0.0,0.0,0.5,0.5,0,0,0.2777777777777778,7.698970004336019,8.255272505103306,-6.0,-2.0,70.0,0.0,0.0,0.0,0,-1,-10,0.0,0.0,-2000.0,0.050000000000000044,0.020000000000000004,0.020000000000000018,-0.20000000000000018,0.0,0.0,1.7420000000000002,0.0,1.473,0.0,0.269,0.0,0.758,0.0,1.5093139957020203,0.0,0.4204177816305003,0.3973,0.2727,0.3302,0.8774,0.0839,0,0.45,0,0,0,25.0,27.6,0.0,0.0,-0.06937799043062198,0.0,0.48,0.37,0.42,0.415,0.3381,0.4039,0.065,0.031899999999999984,0.016100000000000003,1
0.0,0.0,0.5,0.5,0,0,1.0,7.698970004336019,7.698970004336019,0.0,0.0,70.0,0.0,0.0,0.0,0,0,0,0.0,0.0,0.0,0.0,0.0,0.0,0.0,0.0,0.0,0.0,0.0,0.0,0.0,0.0,0.0,0.0,0.0,0.0,0.0,0.0,0.3973,0.0,0.3302,0.8774,0.0839,0,0.45,0,0,0,25.0,25.0,0.0,0.0,0.0,0.0,0.48,0.37,0.42,0.48,0.37,0.42,0.0,0.0,0.0,1
0.0,0.0,0.5,0.5,0,0,0.2777777777777778,7.698970004336019,8.255272505103306,-6.0,-2.0,70.0,0.0,0.0,0.0,0,-1,-10,0.0,0.0,-2000.0,0.050000000000000044,0.020000000000000004,0.020000000000000018,-0.20000000000000018,0.0,0.0,1.7420000000000002,0.0,1.473,0.0,0.269,0.0,0.758,0.0,1.5093139957020203,0.0,0.4204177816305003,0.4026,0.2727,0.3409,0.6122,0.0695,0,0.45,0,0,0,25.0,27.6,0.0,0.0,-0.06937799043062198,0.0,0.48,0.37,0.42,0.415,0.3381,0.4039,0.065,0.031899999999999984,0.016100000000000003,1
0.0,0.0,0.5,0.5,0,0,1.0,7.698970004336019,7.698970004336019,0.0,0.0,70.0,0.0,0.0,0.0,0,0,0,0.0,0.0,0.0,0.0,0.0,0.0,0.0,0.0,0.0,0.0,0.0,0.0,0.0,0.0,0.0,0.0,0.0,0.0,0.0,0.0,0.0,0.2565,0.0,0.0,0.0,0,0.45,0,0,0,25.0,25.0,0.0,0.0,0.0,0.0,0.48,0.37,0.42,0.48,0.37,0.42,0.0,0.0,0.0,1
0.0,0.0,0.5,0.5,0,0,9.0,8.653212513775344,7.698970004336019,10.0,9.0,84.0,0.0,0.0,0.0,2,5,13,-0.5,6.0,-1500.0,0.04999999999999993,-0.020000000000000004,0.25,0.30000000000000004,0.09999999999999998,2.161,0.0,1.17,0.0,0.991,0.0,0.439,0.0,1.0807602735652382,0.0,0.5795295026523193,0.0,0.639,0.0,0.189,0.6935,0.066,0,0.53,0,0,0,36.8,25.0,3.0,0.0,0.31100478468899506,0.0,0.5314,0.501,0.5217,0.48,0.37,0.42,0.0514,0.131,0.10170000000000007,1
0.0,0.0,0.5,0.5,0,0,1.5,8.255272505103306,8.079181246047625,1.5,1.5,80.5,0.0,0.0,0.0,0,0,6,0.0,0.0,0.0,0.0,0.0,0.0,0.0,0.0,2.008,1.798,1.38,1.513,0.6280000000000001,0.285,0.1919999999999999,0.1019999999999999,1.0959572566962812,1.082179702707457,0.4442921961452345,0.401214821926276,0.3957,0.221,0.259,0.881,0.0469,0,0.6,0,0,0,23.7,25.1,0.0,0.0,-0.03588516746411485,0.0,0.4442,0.329,0.414,0.4965,0.3635,0.4198,-0.05230000000000001,-0.034499999999999975,-0.005800000000000027,1
0.0,0.0,0.5,0.5,0,0,3.75,8.653212513775344,8.079181246047625,4.5,5.5,84.0,0.0,0.0,0.0,2,5,13,-0.5,6.0,-1500.0,0.04999999999999993,-0.020000000000000004,0.25,0.30000000000000004,0.09999999999999998,2.161,1.798,1.17,1.513,0.991,0.285,0.439,0.1019999999999999,1.0807602735652382,1.082179702707457,0.5795295026523193,0.401214821926276,0.639,0.221,0.189,0.6935,0.066,0,0.53,0,0,0,36.8,25.1,3.0,0.0,0.30861244019138745,0.0,0.5314,0.501,0.5217,0.4965,0.3635,0.4198,0.03489999999999999,0.1375,0.10190000000000005,1
0.0,0.0,0.5,0.5,0,0,3.6,8.255272505103306,7.698970004336019,7.0,5.0,80.5,0.0,0.0,0.0,0,0,6,0.0,0.0,0.0,0.0,0.0,0.0,0.0,0.0,2.008,0.0,1.38,0.0,0.6280000000000001,0.0,0.1919999999999999,0.0,1.0959572566962812,0.0,0.4442921961452345,0.0,0.3957,0.0,0.259,0.881,0.0469,0,0.6,0,0,0,23.7,25.0,0.0,0.0,-0.03349282296650724,0.0,0.4442,0.329,0.414,0.48,0.37,0.42,-0.0358,-0.04099999999999998,-0.006000000000000005,1
0.0,0.0,0.5,0.5,0,0,4.8,8.380211241711606,7.698970004336019,7.5,4.5,81.5,0.0,0.0,0.0,0,0,11,0.6000000000000014,10.0,0.0,0.0,-0.15,-0.44999999999999996,0.0,0.0,1.6960000000000002,0.0,1.391,0.0,0.305,0.0,-0.196,0.0,0.8891132124050513,0.0,0.3092715455532385,0.0,0.6244,0.0,0.1437,0.6265,0.0498,1,0.57,0,1,1,31.0,25.0,2.0,0.0,0.1578947368421052,0.0,0.3333,0.4488,0.4901,0.48,0.37,0.42,-0.1467,0.07879999999999998,0.0701,1
0.0,0.0,0.5,0.5,0,0,2.4,9.079181246047625,8.698970004336019,3.5,3.5,88.5,0.0,0.0,0.0,1,1,2,-1.4000000000000021,-8.0,-800.0,0.050000000000000044,0.2,0.22999999999999998,0.19999999999999996,0.04999999999999999,2.341,2.002,1.067,1.323,1.274,0.6789999999999999,0.359,-0.1019999999999999,1.1426634743995732,0.9431066534244954,0.2724559087673128,0.3376651859131732,0.6109,0.205,0.1611,0.6545,0.0492,0,0.62,1,0,0,42.2,34.1,12.0,10.0,0.21291866028708128,0.0,0.458,0.5375,0.5466,0.4786,0.471,0.4919,-0.020600000000000007,0.0665,0.05469999999999997,0
0.0,0.0,0.5,0.5,0,0,0.1,7.698970004336019,8.698970004336019,-10.5,-4.5,70.0,0.0,0.0,0.0,0,-2,-13,-1.3000000000000007,-15.0,-300.0,0.050000000000000044,0.16999999999999998,0.09999999999999998,-0.20000000000000018,-0.04999999999999999,0.0,2.002,0.0,1.323,0.0,0.6789999999999999,0.0,-0.1019999999999999,0.0,0.9431066534244954,0.0,0.3376651859131732,0.0,0.205,0.0,0.0,0.0,0,0.45,0,0,0,25.0,34.1,0.0,10.0,-0.23923444976076558,0.0,0.48,0.37,0.42,0.4786,0.471,0.4919,0.0013999999999999568,-0.10099999999999998,-0.07190000000000002,1
0.0,0.0,0.5,0.5,0,0,4.545454545454546,9.0,8.342422680822207,6.5,3.5,87.5,0.0,0.0,0.0,5,11,5,-0.09999999999999787,2.0,5000.0,-0.19999999999999996,-0.29,0.5399999999999999,0.5999999999999999,0.15000000000000002,2.451,1.7739999999999998,0.825,1.399,1.626,0.375,0.349,-0.2739999999999999,1.1980330911358643,0.8012143853944391,0.3834478089938996,0.301485212462126,0.6748,0.215,0.1307,0.8196,0.0699,0,0.6,0,-2,-1,39.1,25.0,9.0,1.0,0.3708133971291867,0.0,0.64,0.5449,0.7004,0.467,0.3049,0.3458,0.173,0.24000000000000005,0.3546,1
0.0,0.0,0.5,0.5,0,0,0.045454545454545456,7.698970004336019,9.041392685158225,-14.5,-9.5,70.0,0.0,0.0,0.0,-2,-7,-15,0.3000000000000007,-10.0,200.0,0.0,0.0,-0.52,-0.7000000000000002,-0.09999999999999998,0.0,2.804,0.0,0.5599999999999999,0.0,2.244,0.0,0.296,0.0,1.0649770760444726,0.0,0.2852756951130297,0.0,0.2349,0.0,0.0,0.0,0,0.45,0,-3,-1,25.0,42.2,0.0,12.0,-0.45215311004784686,0.0,0.48,0.37,0.42,0.6507,0.6107,0.6607,-0.17069999999999996,-0.24070000000000003,-0.24069999999999997,1
0.0,0.0,0.5,0.5,0,0,20.0,9.0,7.698970004336019,13.5,7.0,87.5,0.0,0.0,0.0,5,11,21,0.3000000000000007,13.0,-2500.0,0.09999999999999998,-0.04000000000000001,0.41999999999999993,0.5,0.09999999999999998,2.451,0.0,0.825,0.0,1.626,0.0,0.349,0.0,1.1980330911358643,0.0,0.3834478089938996,0.0,0.6748,0.0,0.1307,0.8196,0.0699,0,0.6,0,0,0,39.1,25.0,9.0,0.0,0.3708133971291867,0.0,0.64,0.5449,0.7004,0.48,0.37,0.42,0.16000000000000003,0.17490000000000006,0.28040000000000004,0
0.0,0.0,0.5,0.5,0,0,5.0,9.041392685158225,8.342422680822207,7.5,6.0,89.0,0.0,0.0,0.0,2,7,-1,-0.6999999999999993,-1.0,7300.0,-0.29999999999999993,-0.24999999999999997,0.64,0.8,0.15000000000000002,2.804,1.7739999999999998,0.5599999999999999,1.399,2.244,0.375,0.296,-0.2739999999999999,1.0649770760444726,0.8012143853944391,0.2852756951130297,0.301485212462126,0.7185,0.215,0.05,0.6062,0.0885,3,0.68,2,1,0,42.2,25.0,12.0,1.0,0.45215311004784686,0.0,0.6507,0.6107,0.6607,0.467,0.3049,0.3458,0.18369999999999992,0.3058,0.31489999999999996,1
0.0,0.0,0.5,0.5,0,0,1.0,7.698970004336019,7.698970004336019,0.0,0.0,70.0,0.0,0.0,0.0,0,0,0,0.0,0.0,0.0,0.0,0.0,0.0,0.0,0.0,0.0,0.0,0.0,0.0,0.0,0.0,0.0,0.0,0.0,0.0,0.0,0.0,0.0,0.0,0.0,0.0,0.0,0,0.45,0,0,0,25.0,25.0,0.0,0.0,0.0,0.0,0.48,0.37,0.42,0.48,0.37,0.42,0.0,0.0,0.0,1
0.0,0.0,0.5,0.5,0,0,0.05,7.698970004336019,9.0,-13.5,-7.0,70.0,0.0,0.0,0.0,-5,-11,-21,-0.3000000000000007,-13.0,2500.0,-0.09999999999999998,0.04000000000000001,-0.41999999999999993,-0.5,-0.09999999999999998,0.0,2.451,0.0,0.825,0.0,1.626,0.0,0.349,0.0,1.1980330911358643,0.0,0.3834478089938996,0.3973,0.1945,0.3302,0.8774,0.0839,0,0.45,0,0,0,25.0,39.1,0.0,9.0,-0.3708133971291867,0.0,0.48,0.37,0.42,0.64,0.5449,0.7004,-0.16000000000000003,-0.17490000000000006,-0.28040000000000004,1
0.0,0.0,0.5,0.5,0,0,0.2777777777777778,7.698970004336019,8.255272505103306,-7.0,-5.0,70.0,0.0,0.0,0.0,0,0,-6,0.0,0.0,0.0,0.0,0.0,0.0,0.0,0.0,0.0,2.008,0.0,1.38,0.0,0.6280000000000001,0.0,0.1919999999999999,0.0,1.0959572566962812,0.0,0.4442921961452345,0.0,0.3453,0.0,0.0,0.0,0,0.45,0,0,0,25.0,23.7,0.0,0.0,0.03349282296650724,0.0,0.48,0.37,0.42,0.4442,0.329,0.414,0.0358,0.04099999999999998,0.006000000000000005,1
0.0,0.0,0.5,0.5,0,0,0.1111111111111111,7.698970004336019,8.653212513775344,-10.0,-9.0,70.0,0.0,0.0,0.0,-2,-5,-13,0.5,-6.0,1500.0,-0.04999999999999993,0.020000000000000004,-0.25,-0.30000000000000004,-0.09999999999999998,0.0,2.161,0.0,1.17,0.0,0.991,0.0,0.439,0.0,1.0807602735652382,0.0,0.5795295026523193,0.3973,0.172,0.3302,0.8774,0.0839,0,0.45,0,0,0,25.0,36.8,0.0,3.0,-0.31100478468899506,0.0,0.48,0.37,0.42,0.5314,0.501,0.5217,-0.0514,-0.131,-0.10170000000000007,1
0.0,0.0,0.5,0.5,0,0,0.4,8.255272505103306,8.653212513775344,-3.0,-4.0,80.5,0.0,0.0,0.0,-2,-5,-7,0.5,-6.0,1500.0,-0.04999999999999993,0.020000000000000004,-0.25,-0.30000000000000004,-0.09999999999999998,2.008,2.161,1.38,1.17,0.6280000000000001,0.991,0.1919999999999999,0.439,1.0959572566962812,1.0807602735652382,0.4442921961452345,0.5795295026523193,0.3957,0.172,0.259,0.881,0.0469,0,0.6,0,0,0,23.7,36.8,0.0,3.0,-0.3444976076555023,0.0,0.4442,0.329,0.414,0.5314,0.501,0.5217,-0.0872,-0.172,-0.10770000000000007,1
0.0,0.0,0.5,0.5,0,0,1.0,7.698970004336019,7.698970004336019,0.0,0.0,70.0,0.0,0.0,0.0,0,0,0,0.0,0.0,0.0,0.0,0.0,0.0,0.0,0.0,0.0,0.0,0.0,0.0,0.0,0.0,0.0,0.0,0.0,0.0,0.0,0.0,0.0,0.2725,0.0,0.0,0.0,0,0.45,0,0,0,25.0,25.0,0.0,0.0,0.0,0.0,0.48,0.37,0.42,0.48,0.37,0.42,0.0,0.0,0.0,1
0.0,0.0,0.5,0.5,0,0,4.0,8.301029995663981,7.698970004336019,7.0,4.0,81.0,0.0,0.0,0.0,0,4,11,0.0,0.0,0.0,0.0,0.0,0.0,0.0,0.0,1.599,0.0,1.173,0.0,0.426,0.0,0.1009999999999999,0.0,0.9320745946735548,0.0,0.3812100616603805,0.0,0.4719,0.2725,0.2898,0.8452,0.0678,0,0.53,0,0,0,25.6,25.0,1.0,0.0,0.01674641148325351,0.0,0.4689,0.3119,0.418,0.48,0.37,0.42,-0.011099999999999999,-0.058099999999999985,-0.0020000000000000018,1
0.0,0.0,0.5,0.5,0,0,4.0,8.301029995663981,7.698970004336019,7.0,4.0,81.0,0.0,0.0,0.0,0,4,11,0.0,0.0,0.0,0.0,0.0,0.0,0.0,0.0,1.599,0.0,1.173,0.0,0.426,0.0,0.1009999999999999,0.0,0.9320745946735548,0.0,0.3812100616603805,0.0,0.4719,0.3051,0.2898,0.8452,0.0678,0,0.53,0,0,0,25.6,25.0,1.0,0.0,0.01674641148325351,0.0,0.4689,0.3119,0.418,0.48,0.37,0.42,-0.011099999999999999,-0.058099999999999985,-0.0020000000000000018,0
0.0,0.0,0.5,0.5,0,0,0.22727272727272727,7.698970004336019,8.342422680822207,-7.0,-3.5,70.0,0.0,0.0,0.0,0,0,-16,-0.3999999999999986,-11.0,7500.0,-0.29999999999999993,-0.24999999999999997,0.12,0.09999999999999987,0.050000000000000044,0.0,1.7739999999999998,0.0,1.399,0.0,0.375,0.0,-0.2739999999999999,0.0,0.8012143853944391,0.0,0.301485212462126,0.3973,0.215,0.3302,0.8774,0.0839,0,0.45,0,-2,-1,25.0,25.0,0.0,1.0,0.0,0.0,0.48,0.37,0.42,0.467,0.3049,0.3458,0.012999999999999956,0.06509999999999999,0.07419999999999999,1
0.0,0.0,0.5,0.5,0,0,1.0,7.698970004336019,7.698970004336019,0.0,0.0,70.0,0.0,0.0,0.0,0,0,0,0.0,0.0,0.0,0.0,0.0,0.0,0.0,0.0,0.0,0.0,0.0,0.0,0.0,0.0,0.0,0.0,0.0,0.0,0.0,0.0,0.5196,0.2725,0.1753,0.6713,0.0764,0,0.45,0,0,0,25.0,25.0,0.0,0.0,0.0,0.0,0.48,0.37,0.42,0.48,0.37,0.42,0.0,0.0,0.0,1
0.0,0.0,0.5,0.5,0,0,5.555555555555555,9.0,8.255272505103306,6.5,2.0,87.5,0.0,0.0,0.0,5,11,15,0.3000000000000007,13.0,-2500.0,0.09999999999999998,-0.04000000000000001,0.41999999999999993,0.5,0.09999999999999998,2.451,2.008,0.825,1.38,1.626,0.6280000000000001,0.349,0.1919999999999999,1.1980330911358643,1.0959572566962812,0.3834478089938996,0.4442921961452345,0.6748,0.3453,0.1307,0.8196,0.0699,0,0.6,0,0,0,39.1,23.7,9.0,0.0,0.40430622009569395,0.0,0.64,0.5449,0.7004,0.4442,0.329,0.414,0.19580000000000003,0.21590000000000004,0.28640000000000004,1
0.0,0.0,0.5,0.5,0,0,0.041666666666666664,7.698970004336019,9.079181246047625,-14.0,-8.0,70.0,0.0,0.0,0.0,-1,-3,-15,0.10000000000000142,-7.0,500.0,0.0,-0.18000000000000002,-0.58,-0.40000000000000013,-0.09999999999999998,0.0,2.341,0.0,1.067,0.0,1.274,0.0,0.359,0.0,1.1426634743995732,0.0,0.2724559087673128,0.0,0.228,0.0,0.0,0.0,0,0.45,0,0,0,25.0,42.2,0.0,12.0,-0.45215311004784686,0.0,0.48,0.37,0.42,0.458,0.5375,0.5466,0.021999999999999964,-0.16749999999999998,-0.1266,0
0.0,0.0,0.5,0.5,0,0,0.8333333333333334,9.0,9.079181246047625,-0.5,-1.0,87.5,0.0,0.0,0.0,4,8,6,0.40000000000000213,6.0,-2000.0,0.09999999999999998,-0.22000000000000003,-0.16000000000000003,0.09999999999999987,0.0,2.451,2.341,0.825,1.067,1.626,1.274,0.349,0.359,1.1980330911358643,1.1426634743995732,0.3834478089938996,0.2724559087673128,0.6748,0.228,0.1307,0.8196,0.0699,0,0.6,0,0,0,39.1,42.2,9.0,12.0,-0.08133971291866016,0.0,0.64,0.5449,0.7004,0.458,0.5375,0.5466,0.182,0.007400000000000073,0.15380000000000005,0
0.0,0.0,0.5,0.5,0,0,0.2777777777777778,7.698970004336019,8.255272505103306,-7.0,-5.0,70.0,0.0,0.0,0.0,0,0,-6,0.0,0.0,0.0,0.0,0.0,0.0,0.0,0.0,0.0,2.008,0.0,1.38,0.0,0.6280000000000001,0.0,0.1919999999999999,0.0,1.0959572566962812,0.0,0.4442921961452345,0.0,0.3453,0.0,0.0,0.0,0,0.45,0,0,0,25.0,23.7,0.0,0.0,0.03349282296650724,0.0,0.48,0.37,0.42,0.4442,0.329,0.414,0.0358,0.04099999999999998,0.006000000000000005,1
0.0,0.0,0.5,0.5,0,0,6.666666666666667,9.079181246047625,8.255272505103306,7.0,3.0,88.5,0.0,0.0,0.0,1,3,9,-0.10000000000000142,7.0,-500.0,0.0,0.18000000000000002,0.58,0.40000000000000013,0.09999999999999998,2.341,2.008,1.067,1.38,1.274,0.6280000000000001,0.359,0.1919999999999999,1.1426634743995732,1.0959572566962812,0.2724559087673128,0.4442921961452345,0.6109,0.3453,0.1611,0.6545,0.0492,0,0.62,1,0,0,42.2,23.7,12.0,0.0,0.4856459330143541,0.0,0.458,0.5375,0.5466,0.4442,0.329,0.414,0.013800000000000034,0.20849999999999996,0.1326,0
0.0,0.0,0.5,0.5,0,0,20.0,9.0,7.698970004336019,13.5,7.0,87.5,0.0,0.0,0.0,5,11,21,0.3000000000000007,13.0,-2500.0,0.09999999999999998,-0.04000000000000001,0.41999999999999993,0.5,0.09999999999999998,2.451,0.0,0.825,0.0,1.626,0.0,0.349,0.0,1.1980330911358643,0.0,0.3834478089938996,0.0,0.6748,0.0,0.1307,0.8196,0.0699,0,0.6,0,0,0,39.1,25.0,9.0,0.0,0.3708133971291867,0.0,0.64,0.5449,0.7004,0.48,0.37,0.42,0.16000000000000003,0.17490000000000006,0.28040000000000004,1
0.0,0.0,0.5,0.5,0,0,1.0,8.079181246047625,8.079181246047625,-1.0,0.0,78.0,0.0,0.0,0.0,0,0,7,0.0,0.0,0.0,0.0,0.0,0.0,0.0,0.0,1.6,1.798,1.705,1.513,-0.1049999999999999,0.285,0.7,0.1019999999999999,1.397464068315691,1.082179702707457,0.4263279905841928,0.401214821926276,0.0,0.221,0.0,0.0,0.0,1,0.48,0,1,0,24.5,25.1,1.0,0.0,-0.01674641148325362,0.0,0.5189,0.3806,0.4334,0.4965,0.3635,0.4198,0.02240000000000003,0.017100000000000004,0.013600000000000001,1
0.0,0.0,0.5,0.5,0,0,9.166666666666666,9.041392685158225,8.079181246047625,9.0,6.0,89.0,0.0,0.0,0.0,2,7,15,-0.3000000000000007,10.0,-200.0,0.0,0.0,0.52,0.7000000000000002,0.09999999999999998,2.804,1.798,0.5599999999999999,1.513,2.244,0.285,0.296,0.1019999999999999,1.0649770760444726,1.082179702707457,0.2852756951130297,0.401214821926276,0.7185,0.221,0.05,0.6062,0.0885,3,0.68,2,3,1,42.2,25.1,12.0,0.0,0.44976076555023925,0.0,0.6507,0.6107,0.6607,0.4965,0.3635,0.4198,0.15419999999999995,0.24720000000000003,0.24089999999999995,1
0.0,0.0,0.5,0.5,0,0,2.4,8.079181246047625,7.698970004336019,4.5,3.5,78.0,0.0,0.0,0.0,0,0,7,0.0,0.0,0.0,0.0,0.0,0.0,0.0,0.0,1.6,0.0,1.705,0.0,-0.1049999999999999,0.0,0.7,0.0,1.397464068315691,0.0,0.4263279905841928,0.0,0.0,0.0,0.0,0.0,0.0,1,0.48,0,1,0,24.5,25.0,1.0,0.0,-0.014354066985646008,0.0,0.5189,0.3806,0.4334,0.48,0.37,0.42,0.038900000000000046,0.010599999999999998,0.013400000000000023,0
0.0,0.0,0.5,0.5,0,0,0.9090909090909091,8.301029995663981,8.342422680822207,0.0,0.5,81.0,0.0,0.0,0.0,0,4,-5,-0.3999999999999986,-11.0,7500.0,-0.29999999999999993,-0.24999999999999997,0.12,0.09999999999999987,0.050000000000000044,1.599,1.7739999999999998,1.173,1.399,0.426,0.375,0.1009999999999999,-0.2739999999999999,0.9320745946735548,0.8012143853944391,0.3812100616603805,0.301485212462126,0.4719,0.215,0.2898,0.8452,0.0678,0,0.53,0,-2,-1,25.6,25.0,1.0,1.0,0.01674641148325351,0.0,0.4689,0.3119,0.418,0.467,0.3049,0.3458,0.0018999999999999573,0.007000000000000006,0.07219999999999999,1
0.0,0.0,0.5,0.5,0,0,1.0,7.698970004336019,7.698970004336019,0.0,0.0,70.0,0.0,0.0,0.0,0,0,0,0.0,0.0,0.0,0.0,0.0,0.0,0.0,0.0,0.0,0.0,0.0,0.0,0.0,0.0,0.0,0.0,0.0,0.0,0.0,0.0,0.3973,0.3051,0.3302,0.8774,0.0839,0,0.45,0,0,0,25.0,25.0,0.0,0.0,0.0,0.0,0.48,0.37,0.42,0.48,0.37,0.42,0.0,0.0,0.0,0
0.0,0.0,0.5,0.5,0,0,4.4,8.342422680822207,7.698970004336019,7.0,3.5,80.0,0.0,0.0,0.0,0,0,16,0.3999999999999986,11.0,-7500.0,0.29999999999999993,0.24999999999999997,-0.12,-0.09999999999999987,-0.050000000000000044,1.7739999999999998,0.0,1.399,0.0,0.375,0.0,-0.2739999999999999,0.0,0.8012143853944391,0.0,0.301485212462126,0.0,0.5765,0.3051,0.2085,0.7166,0.0536,2,0.55,0,2,1,25.0,25.0,1.0,0.0,0.0,0.0,0.467,0.3049,0.3458,0.48,0.37,0.42,-0.012999999999999956,-0.06509999999999999,-0.07419999999999999,0
0.0,0.0,0.5,0.5,0,0,17.0,8.929418925714293,7.698970004336019,14.0,8.5,88.0,0.0,0.0,0.0,3,6,17,1.0,20.0,-1500.0,0.04999999999999993,-0.020000000000000004,0.44999999999999996,0.8000000000000003,0.19999999999999996,2.884,0.0,0.95,0.0,1.934,0.0,0.616,0.0,1.2457596956683417,0.0,0.4170851232062826,0.0,0.6331,0.0,0.1742,0.6174,0.0833,1,0.71,2,1,1,36.3,25.0,7.0,0.0,0.2966507177033493,0.0,0.7222,0.6642,0.7,0.48,0.37,0.42,0.24219999999999997,0.2942,0.27999999999999997,0
0.0,0.0,0.5,0.5,0,0,1.0,7.698970004336019,7.698970004336019,0.0,0.0,70.0,0.0,0.0,0.0,0,0,0,0.0,0.0,0.0,0.0,0.0,0.0,0.0,0.0,0.0,0.0,0.0,0.0,0.0,0.0,0.0,0.0,0.0,0.0,0.0,0.0,0.0,0.0,0.0,0.0,0.0,0,0.45,0,0,0,25.0,25.0,0.0,0.0,0.0,0.0,0.48,0.37,0.42,0.48,0.37,0.42,0.0,0.0,0.0,1
0.0,0.0,0.5,0.5,0,0,1.0,7.698970004336019,7.698970004336019,0.0,0.0,70.0,0.0,0.0,0.0,0,0,0,0.0,0.0,0.0,0.0,0.0,0.0,0.0,0.0,0.0,0.0,0.0,0.0,0.0,0.0,0.0,0.0,0.0,0.0,0.0,0.0,0.0,0.0,0.0,0.0,0.0,0,0.45,0,0,0,25.0,25.0,0.0,0.0,0.0,0.0,0.48,0.37,0.42,0.48,0.37,0.42,0.0,0.0,0.0,0
0.0,0.0,0.5,0.5,0,0,17.0,8.929418925714293,7.698970004336019,14.0,8.5,88.0,0.0,0.0,0.0,3,6,17,1.0,20.0,-1500.0,0.04999999999999993,-0.020000000000000004,0.44999999999999996,0.8000000000000003,0.19999999999999996,2.884,0.0,0.95,0.0,1.934,0.0,0.616,0.0,1.2457596956683417,0.0,0.4170851232062826,0.0,0.6331,0.0,0.1742,0.6174,0.0833,1,0.71,2,1,1,36.3,25.0,7.0,0.0,0.2966507177033493,0.0,0.7222,0.6642,0.7,0.48,0.37,0.42,0.24219999999999997,0.2942,0.27999999999999997,1
0.0,0.0,0.5,0.5,0,0,1.0,7.698970004336019,7.698970004336019,0.0,0.0,70.0,0.0,0.0,0.0,0,0,0,0.0,0.0,0.0,0.0,0.0,0.0,0.0,0.0,0.0,0.0,0.0,0.0,0.0,0.0,0.0,0.0,0.0,0.0,0.0,0.0,0.0,0.0,0.0,0.0,0.0,0,0.45,0,0,0,25.0,25.0,0.0,0.0,0.0,0.0,0.48,0.37,0.42,0.48,0.37,0.42,0.0,0.0,0.0,0
0.0,0.0,0.5,0.5,0,0,0.058823529411764705,7.698970004336019,8.929418925714293,-14.0,-8.5,70.0,0.0,0.0,0.0,-3,-6,-17,-1.0,-20.0,1500.0,-0.04999999999999993,0.020000000000000004,-0.44999999999999996,-0.8000000000000003,-0.19999999999999996,0.0,2.884,0.0,0.95,0.0,1.934,0.0,0.616,0.0,1.2457596956683417,0.0,0.4170851232062826,0.0,0.1927,0.0,0.0,0.0,0,0.45,0,-1,-1,25.0,36.3,0.0,7.0,-0.2966507177033493,0.0,0.48,0.37,0.42,0.7222,0.6642,0.7,-0.24219999999999997,-0.2942,-0.27999999999999997,1
0.0,0.0,0.5,0.5,0,0,1.0,7.698970004336019,7.698970004336019,0.0,0.0,70.0,0.0,0.0,0.0,0,0,0,0.0,0.0,0.0,0.0,0.0,0.0,0.0,0.0,0.0,0.0,0.0,0.0,0.0,0.0,0.0,0.0,0.0,0.0,0.0,0.0,0.0,0.0,0.0,0.0,0.0,0,0.45,0,0,0,25.0,25.0,0.0,0.0,0.0,0.0,0.48,0.37,0.42,0.48,0.37,0.42,0.0,0.0,0.0,1
0.0,0.0,0.5,0.5,0,0,9.166666666666666,9.041392685158225,8.079181246047625,10.0,6.0,89.0,0.0,0.0,0.0,2,7,8,-0.3000000000000007,10.0,-200.0,0.0,0.0,0.52,0.7000000000000002,0.09999999999999998,2.804,1.6,0.5599999999999999,1.705,2.244,-0.1049999999999999,0.296,0.7,1.0649770760444726,1.397464068315691,0.2852756951130297,0.4263279905841928,0.7185,0.0,0.05,0.6062,0.0885,3,0.68,2,2,1,42.2,24.5,12.0,1.0,0.46650717703349287,0.0,0.6507,0.6107,0.6607,0.5189,0.3806,0.4334,0.13179999999999992,0.23010000000000003,0.22729999999999995,1
0.0,0.0,0.5,0.5,0,0,0.4166666666666667,7.698970004336019,8.079181246047625,-5.5,-3.5,70.0,0.0,0.0,0.0,0,0,0,0.0,0.0,0.0,0.0,0.0,0.0,0.0,0.0,0.0,1.798,0.0,1.513,0.0,0.285,0.0,0.1019999999999999,0.0,1.082179702707457,0.0,0.401214821926276,0.0,0.221,0.0,0.0,0.0,0,0.45,0,0,0,25.0,25.1,0.0,0.0,-0.0023923444976076125,0.0,0.48,0.37,0.42,0.4965,0.3635,0.4198,-0.016500000000000015,0.006500000000000006,0.00019999999999997797,0
0.0,0.0,0.5,0.5,0,0,0.045454545454545456,7.698970004336019,9.041392685158225,-14.5,-9.5,70.0,0.0,0.0,0.0,-2,-7,-15,0.3000000000000007,-10.0,200.0,0.0,0.0,-0.52,-0.7000000000000002,-0.09999999999999998,0.0,2.804,0.0,0.5599999999999999,0.0,2.244,0.0,0.296,0.0,1.0649770760444726,0.0,0.2852756951130297,0.0,0.2349,0.0,0.0,0.0,0,0.45,0,-3,-1,25.0,42.2,0.0,12.0,-0.45215311004784686,0.0,0.48,0.37,0.42,0.6507,0.6107,0.6607,-0.17069999999999996,-0.24070000000000003,-0.24069999999999997,1
0.0,0.0,0.5,0.5,0,0,22.0,9.041392685158225,7.698970004336019,14.5,9.5,89.0,0.0,0.0,0.0,2,7,15,-0.3000000000000007,10.0,-200.0,0.0,0.0,0.52,0.7000000000000002,0.09999999999999998,2.804,0.0,0.5599999999999999,0.0,2.244,0.0,0.296,0.0,1.0649770760444726,0.0,0.2852756951130297,0.0,0.7185,0.0,0.05,0.6062,0.0885,3,0.68,2,3,1,42.2,25.0,12.0,0.0,0.45215311004784686,0.0,0.6507,0.6107,0.6607,0.48,0.37,0.42,0.17069999999999996,0.24070000000000003,0.24069999999999997,1
0.0,0.0,0.5,0.5,0,0,4.0,8.301029995663981,7.698970004336019,7.0,4.0,81.0,0.0,0.0,0.0,0,4,11,0.0,0.0,0.0,0.0,0.0,0.0,0.0,0.0,1.599,0.0,1.173,0.0,0.426,0.0,0.1009999999999999,0.0,0.9320745946735548,0.0,0.3812100616603805,0.0,0.4719,0.0,0.2898,0.8452,0.0678,0,0.53,0,0,0,25.6,25.0,1.0,0.0,0.01674641148325351,0.0,0.4689,0.3119,0.418,0.48,0.37,0.42,-0.011099999999999999,-0.058099999999999985,-0.0020000000000000018,1
0.0,0.0,0.5,0.5,0,0,0.9090909090909091,9.0,9.041392685158225,-1.0,-2.5,87.5,0.0,0.0,0.0,3,4,6,0.6000000000000014,3.0,-2300.0,0.09999999999999998,-0.04000000000000001,-0.10000000000000009,-0.20000000000000018,0.0,2.451,2.804,0.825,0.5599999999999999,1.626,2.244,0.349,0.296,1.1980330911358643,1.0649770760444726,0.3834478089938996,0.2852756951130297,0.6748,0.2349,0.1307,0.8196,0.0699,0,0.6,0,-3,-1,39.1,42.2,9.0,12.0,-0.08133971291866016,0.0,0.64,0.5449,0.7004,0.6507,0.6107,0.6607,-0.010699999999999932,-0.06579999999999997,0.03970000000000007,1
0.0,0.0,0.5,0.5,0,0,1.0,7.698970004336019,7.698970004336019,0.0,0.0,70.0,0.0,0.0,0.0,0,0,0,0.0,0.0,0.0,0.0,0.0,0.0,0.0,0.0,0.0,0.0,0.0,0.0,0.0,0.0,0.0,0.0,0.0,0.0,0.0,0.0,0.0,0.0,0.0,0.0,0.0,0,0.45,0,0,0,25.0,25.0,0.0,0.0,0.0,0.0,0.48,0.37,0.42,0.48,0.37,0.42,0.0,0.0,0.0,1
0.0,0.0,0.5,0.5,0,0,4.0,8.301029995663981,7.698970004336019,7.0,4.0,81.0,0.0,0.0,0.0,0,4,11,0.0,0.0,0.0,0.0,0.0,0.0,0.0,0.0,1.599,0.0,1.173,0.0,0.426,0.0,0.1009999999999999,0.0,0.9320745946735548,0.0,0.3812100616603805,0.0,0.4719,0.0,0.2898,0.8452,0.0678,0,0.53,0,0,0,25.6,25.0,1.0,0.0,0.01674641148325351,0.0,0.4689,0.3119,0.418,0.48,0.37,0.42,-0.011099999999999999,-0.058099999999999985,-0.0020000000000000018,1
0.0,0.0,0.5,0.5,0,0,22.0,9.041392685158225,7.698970004336019,14.5,9.5,89.0,0.0,0.0,0.0,2,7,15,-0.3000000000000007,10.0,-200.0,0.0,0.0,0.52,0.7000000000000002,0.09999999999999998,2.804,0.0,0.5599999999999999,0.0,2.244,0.0,0.296,0.0,1.0649770760444726,0.0,0.2852756951130297,0.0,0.7185,0.0,0.05,0.6062,0.0885,3,0.68,2,3,1,42.2,25.0,12.0,0.0,0.45215311004784686,0.0,0.6507,0.6107,0.6607,0.48,0.37,0.42,0.17069999999999996,0.24070000000000003,0.24069999999999997,1
0.0,0.0,0.5,0.5,0,0,20.0,9.0,7.698970004336019,13.5,7.0,87.5,0.0,0.0,0.0,5,11,21,0.3000000000000007,13.0,-2500.0,0.09999999999999998,-0.04000000000000001,0.41999999999999993,0.5,0.09999999999999998,2.451,0.0,0.825,0.0,1.626,0.0,0.349,0.0,1.1980330911358643,0.0,0.3834478089938996,0.0,0.6748,0.3051,0.1307,0.8196,0.0699,0,0.6,0,0,0,39.1,25.0,9.0,0.0,0.3708133971291867,0.0,0.64,0.5449,0.7004,0.48,0.37,0.42,0.16000000000000003,0.17490000000000006,0.28040000000000004,1
0.0,0.0,0.5,0.5,0,0,5.0,9.0,8.301029995663981,6.5,3.0,87.5,0.0,0.0,0.0,5,7,10,0.3000000000000007,13.0,-2500.0,0.09999999999999998,-0.04000000000000001,0.41999999999999993,0.5,0.09999999999999998,2.451,1.599,0.825,1.173,1.626,0.426,0.349,0.1009999999999999,1.1980330911358643,0.9320745946735548,0.3834478089938996,0.3812100616603805,0.6748,0.2383,0.1307,0.8196,0.0699,0,0.6,0,0,0,39.1,25.6,9.0,1.0,0.3540669856459332,0.0,0.64,0.5449,0.7004,0.4689,0.3119,0.418,0.17110000000000003,0.23300000000000004,0.28240000000000004,1
0.0,0.0,0.5,0.5,0,0,0.041666666666666664,7.698970004336019,9.079181246047625,-14.0,-8.0,70.0,0.0,0.0,0.0,-1,-3,-15,0.10000000000000142,-7.0,500.0,0.0,-0.18000000000000002,-0.58,-0.40000000000000013,-0.09999999999999998,0.0,2.341,0.0,1.067,0.0,1.274,0.0,0.359,0.0,1.1426634743995732,0.0,0.2724559087673128,0.0,0.228,0.0,0.0,0.0,0,0.45,0,0,0,25.0,42.2,0.0,12.0,-0.45215311004784686,0.0,0.48,0.37,0.42,0.458,0.5375,0.5466,0.021999999999999964,-0.16749999999999998,-0.1266,1
0.0,0.0,0.5,0.5,0,0,0.20833333333333334,7.698970004336019,8.380211241711606,-7.5,-4.5,70.0,0.0,0.0,0.0,0,0,-11,-0.6000000000000014,-10.0,0.0,0.0,0.0,0.0,0.0,0.0,0.0,1.6960000000000002,0.0,1.391,0.0,0.305,0.0,-0.196,0.0,0.8891132124050513,0.0,0.3092715455532385,0.4794,0.2319,0.2886,0.8789,0.0804,0,0.45,0,-1,-1,25.0,31.0,0.0,2.0,-0.1578947368421052,0.0,0.48,0.37,0.42,0.3333,0.4488,0.4901,0.1467,-0.07879999999999998,-0.0701,1
0.0,0.0,0.5,0.5,0,0,0.1111111111111111,7.698970004336019,8.653212513775344,-10.0,-9.0,70.0,0.0,0.0,0.0,-2,-5,-13,0.5,-6.0,1500.0,-0.04999999999999993,0.020000000000000004,-0.25,-0.30000000000000004,-0.09999999999999998,0.0,2.161,0.0,1.17,0.0,0.991,0.0,0.439,0.0,1.0807602735652382,0.0,0.5795295026523193,0.0,0.172,0.0,0.0,0.0,0,0.45,0,0,0,25.0,36.8,0.0,3.0,-0.31100478468899506,0.0,0.48,0.37,0.42,0.5314,0.501,0.5217,-0.0514,-0.131,-0.10170000000000007,1
0.0,0.0,0.5,0.5,0,0,0.16666666666666666,7.698970004336019,8.477121254719663,-8.5,-6.5,70.0,0.0,0.0,0.0,0,0,-5,-0.1999999999999993,-5.0,4000.0,-0.15000000000000002,0.04000000000000001,-0.15000000000000002,-0.20000000000000018,-0.04999999999999999,0.0,1.959,0.0,1.329,0.0,0.63,0.0,0.741,0.0,1.3862285654790514,0.0,0.2850516522394571,0.0,0.2643,0.0,0.0,0.0,0,0.45,0,0,0,25.0,31.0,0.0,4.0,-0.1578947368421052,0.0,0.48,0.37,0.42,0.5139,0.4692,0.4953,-0.03390000000000004,-0.09920000000000001,-0.07530000000000003,1
0.0,0.0,0.5,0.5,0,0,0.1111111111111111,7.698970004336019,8.653212513775344,-10.0,-9.0,70.0,0.0,0.0,0.0,-2,-5,-13,0.5,-6.0,1500.0,-0.04999999999999993,0.020000000000000004,-0.25,-0.30000000000000004,-0.09999999999999998,0.0,2.161,0.0,1.17,0.0,0.991,0.0,0.439,0.0,1.0807602735652382,0.0,0.5795295026523193,0.0,0.172,0.0,0.0,0.0,0,0.45,0,0,0,25.0,36.8,0.0,3.0,-0.31100478468899506,0.0,0.48,0.37,0.42,0.5314,0.501,0.5217,-0.0514,-0.131,-0.10170000000000007,1
0.0,0.0,0.5,0.5,0,0,1.0,7.698970004336019,7.698970004336019,0.0,0.0,70.0,0.0,0.0,0.0,0,0,0,0.0,0.0,0.0,0.0,0.0,0.0,0.0,0.0,0.0,0.0,0.0,0.0,0.0,0.0,0.0,0.0,0.0,0.0,0.0,0.0,0.0,0.0,0.0,0.0,0.0,0,0.45,0,0,0,25.0,25.0,0.0,0.0,0.0,0.0,0.48,0.37,0.42,0.48,0.37,0.42,0.0,0.0,0.0,1
0.0,0.0,0.5,0.5,0,0,1.5,8.653212513775344,8.477121254719663,1.5,2.5,84.0,0.0,0.0,0.0,2,5,8,-0.6999999999999993,1.0,2500.0,-0.10000000000000009,0.020000000000000004,0.09999999999999998,0.09999999999999987,0.04999999999999999,2.161,1.959,1.17,1.329,0.991,0.63,0.439,0.741,1.0807602735652382,1.3862285654790514,0.5795295026523193,0.2850516522394571,0.639,0.2643,0.189,0.6935,0.066,0,0.53,0,0,0,36.8,31.0,3.0,4.0,0.15311004784688986,0.0,0.5314,0.501,0.5217,0.5139,0.4692,0.4953,0.01749999999999996,0.031799999999999995,0.026400000000000035,1
0.0,0.0,0.5,0.5,0,0,0.16666666666666666,7.698970004336019,8.477121254719663,-8.5,-6.5,70.0,0.0,0.0,0.0,0,0,-5,-0.1999999999999993,-5.0,4000.0,-0.15000000000000002,0.04000000000000001,-0.15000000000000002,-0.20000000000000018,-0.04999999999999999,0.0,1.959,0.0,1.329,0.0,0.63,0.0,0.741,0.0,1.3862285654790514,0.0,0.2850516522394571,0.0,0.2643,0.0,0.0,0.0,0,0.45,0,0,0,25.0,31.0,0.0,4.0,-0.1578947368421052,0.0,0.48,0.37,0.42,0.5139,0.4692,0.4953,-0.03390000000000004,-0.09920000000000001,-0.07530000000000003,0
0.0,0.0,0.5,0.5,0,0,0.058823529411764705,7.698970004336019,8.929418925714293,-14.0,-8.5,70.0,0.0,0.0,0.0,-3,-6,-17,-1.0,-20.0,1500.0,-0.04999999999999993,0.020000000000000004,-0.44999999999999996,-0.8000000000000003,-0.19999999999999996,0.0,2.884,0.0,0.95,0.0,1.934,0.0,0.616,0.0,1.2457596956683417,0.0,0.4170851232062826,0.3973,0.1927,0.3302,0.8774,0.0839,0,0.45,0,-1,-1,25.0,36.3,0.0,7.0,-0.2966507177033493,0.0,0.48,0.37,0.42,0.7222,0.6642,0.7,-0.24219999999999997,-0.2942,-0.27999999999999997,0
0.0,0.0,0.5,0.5,0,0,1.0,7.698970004336019,7.698970004336019,0.0,0.0,70.0,0.0,0.0,0.0,0,0,0,0.0,0.0,0.0,0.0,0.0,0.0,0.0,0.0,0.0,0.0,0.0,0.0,0.0,0.0,0.0,0.0,0.0,0.0,0.0,0.0,0.3973,0.0,0.3302,0.8774,0.0839,0,0.45,0,0,0,25.0,25.0,0.0,0.0,0.0,0.0,0.48,0.37,0.42,0.48,0.37,0.42,0.0,0.0,0.0,1
0.0,0.0,0.5,0.5,0,0,1.411764705882353,9.079181246047625,8.929418925714293,0.0,-0.5,88.5,0.0,0.0,0.0,-2,-3,-2,-1.1000000000000014,-13.0,1000.0,-0.04999999999999993,0.2,0.13,-0.40000000000000013,-0.09999999999999998,2.341,2.884,1.067,0.95,1.274,1.934,0.359,0.616,1.1426634743995732,1.2457596956683417,0.2724559087673128,0.4170851232062826,0.6109,0.1927,0.1611,0.6545,0.0492,0,0.62,1,-1,-1,42.2,36.3,12.0,7.0,0.1555023923444976,0.0,0.458,0.5375,0.5466,0.7222,0.6642,0.7,-0.26419999999999993,-0.12670000000000003,-0.15339999999999998,1
0.0,0.0,0.5,0.5,0,0,0.041666666666666664,7.698970004336019,9.079181246047625,-14.0,-8.0,70.0,0.0,0.0,0.0,-1,-3,-15,0.10000000000000142,-7.0,500.0,0.0,-0.18000000000000002,-0.58,-0.40000000000000013,-0.09999999999999998,0.0,2.341,0.0,1.067,0.0,1.274,0.0,0.359,0.0,1.1426634743995732,0.0,0.2724559087673128,0.3973,0.228,0.3302,0.8774,0.0839,0,0.45,0,0,0,25.0,42.2,0.0,12.0,-0.45215311004784686,0.0,0.48,0.37,0.42,0.458,0.5375,0.5466,0.021999999999999964,-0.16749999999999998,-0.1266,1
0.0,0.0,0.5,0.5,0,0,17.0,8.929418925714293,7.698970004336019,14.0,8.5,88.0,0.0,0.0,0.0,3,6,17,1.0,20.0,-1500.0,0.04999999999999993,-0.020000000000000004,0.44999999999999996,0.8000000000000003,0.19999999999999996,2.884,0.0,0.95,0.0,1.934,0.0,0.616,0.0,1.2457596956683417,0.0,0.4170851232062826,0.0,0.6331,0.0,0.1742,0.6174,0.0833,1,0.71,2,1,1,36.3,25.0,7.0,0.0,0.2966507177033493,0.0,0.7222,0.6642,0.7,0.48,0.37,0.42,0.24219999999999997,0.2942,0.27999999999999997,1
0.0,0.0,0.5,0.5,0,0,4.4,8.342422680822207,7.698970004336019,7.0,3.5,80.0,0.0,0.0,0.0,0,0,16,0.3999999999999986,11.0,-7500.0,0.29999999999999993,0.24999999999999997,-0.12,-0.09999999999999987,-0.050000000000000044,1.7739999999999998,0.0,1.399,0.0,0.375,0.0,-0.2739999999999999,0.0,0.8012143853944391,0.0,0.301485212462126,0.0,0.5765,0.0,0.2085,0.7166,0.0536,2,0.55,0,2,1,25.0,25.0,1.0,0.0,0.0,0.0,0.467,0.3049,0.3458,0.48,0.37,0.42,-0.012999999999999956,-0.06509999999999999,-0.07419999999999999,1
0.0,0.0,0.5,0.5,0,0,1.1764705882352942,9.0,8.929418925714293,-0.29999999999999716,2.0,87.5,0.0,0.0,0.0,4,9,6,1.3000000000000007,10.0,-2500.0,0.050000000000000044,-0.18,-0.06000000000000005,-0.10000000000000009,-0.09999999999999998,2.451,2.592,0.825,0.939,1.626,1.653,0.349,0.108,1.1980330911358643,0.9731844800911872,0.3834478089938996,0.4399949494659632,0.6748,0.1318,0.1307,0.8196,0.0699,0,0.6,0,0,0,39.1,42.3,9.0,12.0,-0.08373205741626788,0.0,0.64,0.5449,0.7004,0.4564,0.5811,0.6325,0.18360000000000004,-0.0361999999999999,0.06790000000000007,1
0.0,0.0,0.5,0.5,0,0,3.8636363636363638,8.929418925714293,8.342422680822207,6.799999999999997,1.5,87.5,0.0,0.0,0.0,1,2,-1,-1.3999999999999986,-8.0,7500.0,-0.25,-0.10999999999999999,0.6,0.7,0.25,2.592,1.7739999999999998,0.939,1.399,1.653,0.375,0.108,-0.2739999999999999,0.9731844800911872,0.8012143853944391,0.4399949494659632,0.301485212462126,0.6413,0.215,0.2269,0.7296,0.0546,0,0.67,1,-2,-1,42.3,25.0,12.0,1.0,0.4545454545454546,0.0,0.4564,0.5811,0.6325,0.467,0.3049,0.3458,-0.010600000000000054,0.27619999999999995,0.28669999999999995,1
0.0,0.0,0.5,0.5,0,0,20.0,9.0,7.698970004336019,13.5,7.0,87.5,0.0,0.0,0.0,5,11,21,0.3000000000000007,13.0,-2500.0,0.09999999999999998,-0.04000000000000001,0.41999999999999993,0.5,0.09999999999999998,2.451,0.0,0.825,0.0,1.626,0.0,0.349,0.0,1.1980330911358643,0.0,0.3834478089938996,0.0,0.6748,0.0,0.1307,0.8196,0.0699,0,0.6,0,0,0,39.1,25.0,9.0,0.0,0.3708133971291867,0.0,0.64,0.5449,0.7004,0.48,0.37,0.42,0.16000000000000003,0.17490000000000006,0.28040000000000004,0
0.0,0.0,0.5,0.5,0,0,0.058823529411764705,7.698970004336019,8.929418925714293,-13.799999999999997,-5.0,70.0,0.0,0.0,0.0,-1,-2,-15,1.0,-3.0,0.0,-0.04999999999999993,-0.13999999999999999,-0.48,-0.6000000000000001,-0.19999999999999996,0.0,2.592,0.0,0.939,0.0,1.653,0.0,0.108,0.0,0.9731844800911872,0.0,0.4399949494659632,0.0,0.1318,0.0,0.0,0.0,0,0.45,0,0,0,25.0,42.3,0.0,12.0,-0.4545454545454546,0.0,0.48,0.37,0.42,0.4564,0.5811,0.6325,0.02360000000000001,-0.21109999999999995,-0.21249999999999997,1
0.0,0.0,0.5,0.5,0,0,4.545454545454546,9.0,8.342422680822207,6.5,3.5,87.5,0.0,0.0,0.0,5,11,5,-0.09999999999999787,2.0,5000.0,-0.19999999999999996,-0.29,0.5399999999999999,0.5999999999999999,0.15000000000000002,2.451,1.7739999999999998,0.825,1.399,1.626,0.375,0.349,-0.2739999999999999,1.1980330911358643,0.8012143853944391,0.3834478089938996,0.301485212462126,0.6748,0.215,0.1307,0.8196,0.0699,0,0.6,0,-2,-1,39.1,25.0,9.0,1.0,0.3708133971291867,0.0,0.64,0.5449,0.7004,0.467,0.3049,0.3458,0.173,0.24000000000000005,0.3546,1
0.0,0.0,0.5,0.5,0,0,0.20833333333333334,7.698970004336019,8.380211241711606,-7.5,-4.5,70.0,0.0,0.0,0.0,0,0,-11,-0.6000000000000014,-10.0,0.0,0.0,0.15,0.44999999999999996,0.0,0.0,0.0,1.6960000000000002,0.0,1.391,0.0,0.305,0.0,-0.196,0.0,0.8891132124050513,0.0,0.3092715455532385,0.0,0.2319,0.0,0.0,0.0,0,0.45,0,-1,-1,25.0,31.0,0.0,2.0,-0.1578947368421052,0.0,0.48,0.37,0.42,0.3333,0.4488,0.4901,0.1467,-0.07879999999999998,-0.0701,1
0.0,0.0,0.5,0.5,0,0,1.0,7.698970004336019,7.698970004336019,0.0,0.0,70.0,0.0,0.0,0.0,0,0,0,0.0,0.0,0.0,0.0,0.0,0.0,0.0,0.0,0.0,0.0,0.0,0.0,0.0,0.0,0.0,0.0,0.0,0.0,0.0,0.0,0.0,0.232,0.0,0.0,0.0,0,0.45,0,0,0,25.0,25.0,0.0,0.0,0.0,0.0,0.48,0.37,0.42,0.48,0.37,0.42,0.0,0.0,0.0,1
0.0,0.0,0.5,0.5,0,0,0.20833333333333334,7.698970004336019,8.380211241711606,-7.5,-4.5,70.0,0.0,0.0,0.0,0,0,-11,-0.6000000000000014,-10.0,0.0,0.0,0.0,0.0,0.0,0.0,0.0,1.6960000000000002,0.0,1.391,0.0,0.305,0.0,-0.196,0.0,0.8891132124050513,0.0,0.3092715455532385,0.0,0.2319,0.0,0.0,0.0,0,0.45,0,-1,-1,25.0,31.0,0.0,2.0,-0.1578947368421052,0.0,0.48,0.37,0.42,0.3333,0.4488,0.4901,0.1467,-0.07879999999999998,-0.0701,1
0.0,0.0,0.5,0.5,0,0,1.0,7.698970004336019,7.698970004336019,0.0,0.0,70.0,0.0,0.0,0.0,0,0,0,0.0,0.0,0.0,0.0,-0.15,-0.44999999999999996,0.0,0.0,0.0,0.0,0.0,0.0,0.0,0.0,0.0,0.0,0.0,0.0,0.0,0.0,0.4794,0.0,0.2886,0.8789,0.0804,0,0.45,0,0,0,25.0,25.0,0.0,0.0,0.0,0.0,0.48,0.37,0.42,0.48,0.37,0.42,0.0,0.0,0.0,1
0.0,0.0,0.5,0.5,0,0,1.0,7.698970004336019,7.698970004336019,0.0,0.0,70.0,0.0,0.0,0.0,0,0,0,0.0,0.0,0.0,0.0,-0.15,-0.44999999999999996,0.0,0.0,0.0,0.0,0.0,0.0,0.0,0.0,0.0,0.0,0.0,0.0,0.0,0.0,0.0,0.0,0.0,0.0,0.0,0,0.45,0,0,0,25.0,25.0,0.0,0.0,0.0,0.0,0.48,0.37,0.42,0.48,0.37,0.42,0.0,0.0,0.0,0
0.0,0.0,0.5,0.5,0,0,1.0,7.698970004336019,7.698970004336019,0.0,0.0,70.0,0.0,0.0,0.0,0,0,0,0.0,0.0,0.0,0.0,0.0,0.0,0.0,0.0,0.0,0.0,0.0,0.0,0.0,0.0,0.0,0.0,0.0,0.0,0.0,0.0,0.4794,0.0,0.2886,0.8789,0.0804,0,0.45,0,0,0,25.0,25.0,0.0,0.0,0.0,0.0,0.48,0.37,0.42,0.48,0.37,0.42,0.0,0.0,0.0,1
0.0,0.0,0.5,0.5,0,0,20.0,9.0,7.698970004336019,13.5,7.0,87.5,0.0,0.0,0.0,5,11,21,0.3000000000000007,13.0,-2500.0,0.09999999999999998,-0.04000000000000001,0.41999999999999993,0.5,0.09999999999999998,2.451,0.0,0.825,0.0,1.626,0.0,0.349,0.0,1.1980330911358643,0.0,0.3834478089938996,0.0,0.6748,0.232,0.1307,0.8196,0.0699,0,0.6,0,0,0,39.1,25.0,9.0,0.0,0.3708133971291867,0.0,0.64,0.5449,0.7004,0.48,0.37,0.42,0.16000000000000003,0.17490000000000006,0.28040000000000004,1
0.0,0.0,0.5,0.5,0,0,1.0,7.698970004336019,7.698970004336019,0.0,0.0,70.0,0.0,0.0,0.0,0,0,0,0.0,0.0,0.0,0.0,0.0,0.0,0.0,0.0,0.0,0.0,0.0,0.0,0.0,0.0,0.0,0.0,0.0,0.0,0.0,0.0,0.0,0.0,0.0,0.0,0.0,0,0.45,0,0,0,25.0,25.0,0.0,0.0,0.0,0.0,0.48,0.37,0.42,0.48,0.37,0.42,0.0,0.0,0.0,1
0.0,0.0,0.5,0.5,0,0,1.0,7.698970004336019,7.698970004336019,0.0,0.0,70.0,0.0,0.0,0.0,0,0,0,0.0,0.0,0.0,0.0,0.0,0.0,0.0,0.0,0.0,0.0,0.0,0.0,0.0,0.0,0.0,0.0,0.0,0.0,0.0,0.0,0.0,0.0,0.0,0.0,0.0,0,0.45,0,0,0,25.0,25.0,0.0,0.0,0.0,0.0,0.48,0.37,0.42,0.48,0.37,0.42,0.0,0.0,0.0,1
0.0,0.0,0.5,0.5,0,0,0.8333333333333334,9.0,9.079181246047625,-0.5,-1.0,87.5,0.0,0.0,0.0,4,8,6,0.40000000000000213,6.0,-2000.0,0.09999999999999998,-0.22000000000000003,-0.16000000000000003,0.09999999999999987,0.0,2.451,2.341,0.825,1.067,1.626,1.274,0.349,0.359,1.1980330911358643,1.1426634743995732,0.3834478089938996,0.2724559087673128,0.6748,0.228,0.1307,0.8196,0.0699,0,0.6,0,0,0,39.1,42.2,9.0,12.0,-0.08133971291866016,0.0,0.64,0.5449,0.7004,0.458,0.5375,0.5466,0.182,0.007400000000000073,0.15380000000000005,1
0.0,0.0,0.5,0.5,0,0,1.0,7.698970004336019,7.698970004336019,0.0,0.0,70.0,0.0,0.0,0.0,0,0,0,0.0,0.0,0.0,0.0,0.0,0.0,0.0,0.0,0.0,0.0,0.0,0.0,0.0,0.0,0.0,0.0,0.0,0.0,0.0,0.0,0.0,0.2725,0.0,0.0,0.0,0,0.45,0,0,0,25.0,25.0,0.0,0.0,0.0,0.0,0.48,0.37,0.42,0.48,0.37,0.42,0.0,0.0,0.0,1
0.0,0.0,0.5,0.5,0,0,1.0,7.698970004336019,7.698970004336019,0.0,0.0,70.0,0.0,0.0,0.0,0,0,0,0.0,0.0,0.0,0.0,0.0,0.0,0.0,0.0,0.0,0.0,0.0,0.0,0.0,0.0,0.0,0.0,0.0,0.0,0.0,0.0,0.4794,0.0,0.2886,0.8789,0.0804,0,0.45,0,0,0,25.0,25.0,0.0,0.0,0.0,0.0,0.48,0.37,0.42,0.48,0.37,0.42,0.0,0.0,0.0,1
0.0,0.0,0.5,0.5,0,0,20.0,9.0,7.698970004336019,13.5,7.0,87.5,0.0,0.0,0.0,5,11,21,0.3000000000000007,13.0,-2500.0,0.09999999999999998,-0.04000000000000001,0.41999999999999993,0.5,0.09999999999999998,2.451,0.0,0.825,0.0,1.626,0.0,0.349,0.0,1.1980330911358643,0.0,0.3834478089938996,0.0,0.6748,0.0,0.1307,0.8196,0.0699,0,0.6,0,0,0,39.1,25.0,9.0,0.0,0.3708133971291867,0.0,0.64,0.5449,0.7004,0.48,0.37,0.42,0.16000000000000003,0.17490000000000006,0.28040000000000004,1
0.0,0.0,0.5,0.5,0,0,24.0,9.079181246047625,7.698970004336019,14.0,8.0,88.5,0.0,0.0,0.0,1,3,15,-0.10000000000000142,7.0,-500.0,0.0,0.18000000000000002,0.58,0.40000000000000013,0.09999999999999998,2.341,0.0,1.067,0.0,1.274,0.0,0.359,0.0,1.1426634743995732,0.0,0.2724559087673128,0.0,0.6109,0.0,0.1611,0.6545,0.0492,0,0.62,1,0,0,42.2,25.0,12.0,0.0,0.45215311004784686,0.0,0.458,0.5375,0.5466,0.48,0.37,0.42,-0.021999999999999964,0.16749999999999998,0.1266,0
0.0,0.0,0.5,0.5,0,0,0.20833333333333334,7.698970004336019,8.380211241711606,-7.5,-4.5,70.0,0.0,0.0,0.0,0,0,-11,-0.6000000000000014,-10.0,0.0,0.0,0.0,0.0,0.0,0.0,0.0,1.6960000000000002,0.0,1.391,0.0,0.305,0.0,-0.196,0.0,0.8891132124050513,0.0,0.3092715455532385,0.0,0.2319,0.0,0.0,0.0,0,0.45,0,-1,-1,25.0,31.0,0.0,2.0,-0.1578947368421052,0.0,0.48,0.37,0.42,0.3333,0.4488,0.4901,0.1467,-0.07879999999999998,-0.0701,1
0.0,0.0,0.5,0.5,0,0,0.4888888888888889,8.342422680822207,8.653212513775344,-3.0,-5.5,80.0,0.0,0.0,0.0,-2,-5,3,0.8999999999999986,5.0,-6000.0,0.25,0.26999999999999996,-0.37,-0.3999999999999999,-0.15000000000000002,1.7739999999999998,2.161,1.399,1.17,0.375,0.991,-0.2739999999999999,0.439,0.8012143853944391,1.0807602735652382,0.301485212462126,0.5795295026523193,0.5765,0.172,0.2085,0.7166,0.0536,2,0.55,0,2,1,25.0,36.8,1.0,3.0,-0.31100478468899506,0.0,0.467,0.3049,0.3458,0.5314,0.501,0.5217,-0.06439999999999996,-0.1961,-0.17590000000000006,0
0.0,0.0,0.5,0.5,0,0,1.0909090909090908,9.079181246047625,9.041392685158225,-0.5,-1.5,88.5,0.0,0.0,0.0,-1,-4,0,0.1999999999999993,-3.0,-300.0,0.0,0.18000000000000002,0.05999999999999994,-0.30000000000000004,0.0,2.341,2.804,1.067,0.5599999999999999,1.274,2.244,0.359,0.296,1.1426634743995732,1.0649770760444726,0.2724559087673128,0.2852756951130297,0.6109,0.2349,0.1611,0.6545,0.0492,0,0.62,1,-3,-1,42.2,42.2,12.0,12.0,0.0,0.0,0.458,0.5375,0.5466,0.6507,0.6107,0.6607,-0.19269999999999993,-0.07320000000000004,-0.11409999999999998,1
0.0,0.0,0.5,0.5,0,0,0.4090909090909091,8.653212513775344,9.041392685158225,-4.5,-0.5,84.0,0.0,0.0,0.0,0,-2,-2,-0.1999999999999993,-4.0,-1300.0,0.04999999999999993,-0.020000000000000004,-0.27,-0.40000000000000013,0.0,2.161,2.804,1.17,0.5599999999999999,0.991,2.244,0.439,0.296,1.0807602735652382,1.0649770760444726,0.5795295026523193,0.2852756951130297,0.639,0.2349,0.189,0.6935,0.066,0,0.53,0,-3,-1,36.8,42.2,3.0,12.0,-0.1411483253588518,0.0,0.5314,0.501,0.5217,0.6507,0.6107,0.6607,-0.11929999999999996,-0.10970000000000002,-0.1389999999999999,1
0.0,0.0,0.5,0.5,0,0,5.0,9.041392685158225,8.342422680822207,7.5,6.0,89.0,0.0,0.0,0.0,2,7,-1,-0.6999999999999993,-1.0,7300.0,-0.29999999999999993,-0.24999999999999997,0.64,0.8,0.15000000000000002,2.804,1.7739999999999998,0.5599999999999999,1.399,2.244,0.375,0.296,-0.2739999999999999,1.0649770760444726,0.8012143853944391,0.2852756951130297,0.301485212462126,0.7185,0.215,0.05,0.6062,0.0885,3,0.68,2,1,0,42.2,25.0,12.0,1.0,0.45215311004784686,0.0,0.6507,0.6107,0.6607,0.467,0.3049,0.3458,0.18369999999999992,0.3058,0.31489999999999996,0
0.0,0.0,0.5,0.5,0,0,2.6666666666666665,9.079181246047625,8.653212513775344,4.0,-1.0,88.5,0.0,0.0,0.0,-1,-2,2,0.3999999999999986,1.0,1000.0,-0.04999999999999993,0.2,0.32999999999999996,0.10000000000000009,0.0,2.341,2.161,1.067,1.17,1.274,0.991,0.359,0.439,1.1426634743995732,1.0807602735652382,0.2724559087673128,0.5795295026523193,0.6109,0.172,0.1611,0.6545,0.0492,0,0.62,1,0,0,42.2,36.8,12.0,3.0,0.1411483253588518,0.0,0.458,0.5375,0.5466,0.5314,0.501,0.5217,-0.07339999999999997,0.03649999999999998,0.024899999999999922,0
0.0,0.0,0.5,0.5,0,0,5.454545454545454,9.079181246047625,8.342422680822207,7.0,4.5,88.5,0.0,0.0,0.0,1,3,-1,-0.5,-4.0,7000.0,-0.29999999999999993,-0.06999999999999995,0.7,0.5,0.15000000000000002,2.341,1.7739999999999998,1.067,1.399,1.274,0.375,0.359,-0.2739999999999999,1.1426634743995732,0.8012143853944391,0.2724559087673128,0.301485212462126,0.6109,0.215,0.1611,0.6545,0.0492,0,0.62,1,-2,-1,42.2,25.0,12.0,1.0,0.45215311004784686,0.0,0.458,0.5375,0.5466,0.467,0.3049,0.3458,-0.009000000000000008,0.23259999999999997,0.20079999999999998,1
0.0,0.0,0.5,0.5,0,0,0.05,7.698970004336019,9.0,-13.5,-7.0,70.0,0.0,0.0,0.0,-5,-11,-21,-0.3000000000000007,-13.0,2500.0,-0.09999999999999998,0.04000000000000001,-0.41999999999999993,-0.5,-0.09999999999999998,0.0,2.451,0.0,0.825,0.0,1.626,0.0,0.349,0.0,1.1980330911358643,0.0,0.3834478089938996,0.3973,0.1945,0.3302,0.8774,0.0839,0,0.45,0,0,0,25.0,39.1,0.0,9.0,-0.3708133971291867,0.0,0.48,0.37,0.42,0.64,0.5449,0.7004,-0.16000000000000003,-0.17490000000000006,-0.28040000000000004,1
0.0,0.0,0.5,0.5,0,0,18.0,8.954242509439325,7.698970004336019,13.5,6.5,87.0,0.0,0.0,0.0,0,2,7,0.6999999999999993,13.0,0.0,0.04999999999999993,0.01999999999999999,0.4,1.0,0.09999999999999998,2.591,0.0,0.97,0.0,1.621,0.0,0.709,0.0,1.1798394922132849,0.0,0.3362356977544835,0.0,0.692,0.2725,0.1045,0.6599,0.0657,0,0.65,0,0,0,39.1,25.0,7.0,0.0,0.3708133971291867,0.0,0.6152,0.5548,0.5951,0.48,0.37,0.42,0.1352,0.18479999999999996,0.17509999999999998,1
0.0,0.0,0.5,0.5,0,0,20.0,9.0,7.698970004336019,13.5,7.0,87.5,0.0,0.0,0.0,5,11,21,0.3000000000000007,13.0,-2500.0,0.09999999999999998,-0.04000000000000001,0.41999999999999993,0.5,0.09999999999999998,2.451,0.0,0.825,0.0,1.626,0.0,0.349,0.0,1.1980330911358643,0.0,0.3834478089938996,0.0,0.6748,0.0,0.1307,0.8196,0.0699,0,0.6,0,0,0,39.1,25.0,9.0,0.0,0.3708133971291867,0.0,0.64,0.5449,0.7004,0.48,0.37,0.42,0.16000000000000003,0.17490000000000006,0.28040000000000004,1
0.0,0.0,0.5,0.5,0,0,0.058823529411764705,7.698970004336019,8.929418925714293,-13.799999999999997,-5.0,70.0,0.0,0.0,0.0,-1,-2,-15,1.0,-3.0,0.0,-0.04999999999999993,-0.13999999999999999,-0.48,-0.6000000000000001,-0.19999999999999996,0.0,2.592,0.0,0.939,0.0,1.653,0.0,0.108,0.0,0.9731844800911872,0.0,0.4399949494659632,0.0,0.1318,0.0,0.0,0.0,0,0.45,0,0,0,25.0,42.3,0.0,12.0,-0.4545454545454546,0.0,0.48,0.37,0.42,0.4564,0.5811,0.6325,0.02360000000000001,-0.21109999999999995,-0.21249999999999997,1
0.0,0.0,0.5,0.5,0,0,3.5416666666666665,8.929418925714293,8.380211241711606,6.5,4.0,88.0,0.0,0.0,0.0,3,6,6,0.3999999999999986,10.0,-1500.0,0.04999999999999993,-0.020000000000000004,0.44999999999999996,0.8000000000000003,0.19999999999999996,2.884,1.6960000000000002,0.95,1.391,1.934,0.305,0.616,-0.196,1.2457596956683417,0.8891132124050513,0.4170851232062826,0.3092715455532385,0.6331,0.2319,0.1742,0.6174,0.0833,1,0.71,2,0,0,36.3,31.0,7.0,2.0,0.13875598086124408,0.0,0.7222,0.6642,0.7,0.3333,0.4488,0.4901,0.38889999999999997,0.21540000000000004,0.20989999999999998,1
0.0,0.0,0.5,0.5,0,0,17.0,8.929418925714293,7.698970004336019,14.0,8.5,88.0,0.0,0.0,0.0,3,6,17,1.0,20.0,-1500.0,0.04999999999999993,-0.020000000000000004,0.44999999999999996,0.8000000000000003,0.19999999999999996,2.884,0.0,0.95,0.0,1.934,0.0,0.616,0.0,1.2457596956683417,0.0,0.4170851232062826,0.0,0.6331,0.0,0.1742,0.6174,0.0833,1,0.71,2,1,1,36.3,25.0,7.0,0.0,0.2966507177033493,0.0,0.7222,0.6642,0.7,0.48,0.37,0.42,0.24219999999999997,0.2942,0.27999999999999997,0
0.0,0.0,0.5,0.5,0,0,3.5416666666666665,8.929418925714293,8.380211241711606,6.299999999999997,0.5,87.5,0.0,0.0,0.0,1,2,4,-1.6000000000000014,-7.0,0.0,0.04999999999999993,0.13999999999999999,0.48,0.6000000000000001,0.19999999999999996,2.592,1.6960000000000002,0.939,1.391,1.653,0.305,0.108,-0.196,0.9731844800911872,0.8891132124050513,0.4399949494659632,0.3092715455532385,0.6413,0.2319,0.2269,0.7296,0.0546,0,0.67,1,-1,-1,42.3,31.0,12.0,2.0,0.2966507177033494,0.0,0.4564,0.5811,0.6325,0.3333,0.4488,0.4901,0.12309999999999999,0.13229999999999997,0.14239999999999997,1
0.0,0.0,0.5,0.5,0,0,24.0,9.079181246047625,7.698970004336019,14.0,8.0,88.5,0.0,0.0,0.0,1,3,15,-0.10000000000000142,7.0,-500.0,0.0,0.18000000000000002,0.58,0.40000000000000013,0.09999999999999998,2.341,0.0,1.067,0.0,1.274,0.0,0.359,0.0,1.1426634743995732,0.0,0.2724559087673128,0.0,0.6109,0.0,0.1611,0.6545,0.0492,0,0.62,1,0,0,42.2,25.0,12.0,0.0,0.45215311004784686,0.0,0.458,0.5375,0.5466,0.48,0.37,0.42,-0.021999999999999964,0.16749999999999998,0.1266,1
0.0,0.0,0.5,0.5,0,0,1.0,7.698970004336019,7.698970004336019,0.0,0.0,70.0,0.0,0.0,0.0,0,0,0,0.0,0.0,0.0,0.0,0.0,0.0,0.0,0.0,0.0,0.0,0.0,0.0,0.0,0.0,0.0,0.0,0.0,0.0,0.0,0.0,0.0,0.232,0.0,0.0,0.0,0,0.45,0,0,0,25.0,25.0,0.0,0.0,0.0,0.0,0.48,0.37,0.42,0.48,0.37,0.42,0.0,0.0,0.0,1
0.0,0.0,0.5,0.5,0,0,1.411764705882353,9.079181246047625,8.929418925714293,0.0,-0.5,88.5,0.0,0.0,0.0,-2,-3,-2,-1.1000000000000014,-13.0,1000.0,-0.04999999999999993,0.2,0.13,-0.40000000000000013,-0.09999999999999998,2.341,2.884,1.067,0.95,1.274,1.934,0.359,0.616,1.1426634743995732,1.2457596956683417,0.2724559087673128,0.4170851232062826,0.6109,0.1927,0.1611,0.6545,0.0492,0,0.62,1,-1,-1,42.2,36.3,12.0,7.0,0.1555023923444976,0.0,0.458,0.5375,0.5466,0.7222,0.6642,0.7,-0.26419999999999993,-0.12670000000000003,-0.15339999999999998,1
0.0,0.0,0.5,0.5,0,0,0.1111111111111111,7.698970004336019,8.653212513775344,-10.0,-9.0,70.0,0.0,0.0,0.0,-2,-5,-13,0.5,-6.0,1500.0,-0.04999999999999993,0.020000000000000004,-0.25,-0.30000000000000004,-0.09999999999999998,0.0,2.161,0.0,1.17,0.0,0.991,0.0,0.439,0.0,1.0807602735652382,0.0,0.5795295026523193,0.0,0.172,0.0,0.0,0.0,0,0.45,0,0,0,25.0,36.8,0.0,3.0,-0.31100478468899506,0.0,0.48,0.37,0.42,0.5314,0.501,0.5217,-0.0514,-0.131,-0.10170000000000007,1
0.0,0.0,0.5,0.5,0,0,1.0,7.698970004336019,7.698970004336019,0.0,0.0,70.0,0.0,0.0,0.0,0,0,0,0.0,0.0,0.0,0.0,0.0,0.0,0.0,0.0,0.0,0.0,0.0,0.0,0.0,0.0,0.0,0.0,0.0,0.0,0.0,0.0,0.0,0.2725,0.0,0.0,0.0,0,0.45,0,0,0,25.0,25.0,0.0,0.0,0.0,0.0,0.48,0.37,0.42,0.48,0.37,0.42,0.0,0.0,0.0,1
0.0,0.0,0.5,0.5,0,0,18.0,8.954242509439325,7.698970004336019,13.5,6.5,87.0,0.0,0.0,0.0,0,2,7,0.6999999999999993,13.0,0.0,0.04999999999999993,0.01999999999999999,0.4,1.0,0.09999999999999998,2.591,0.0,0.97,0.0,1.621,0.0,0.709,0.0,1.1798394922132849,0.0,0.3362356977544835,0.0,0.692,0.0,0.1045,0.6599,0.0657,0,0.65,0,0,0,39.1,25.0,7.0,0.0,0.3708133971291867,0.0,0.6152,0.5548,0.5951,0.48,0.37,0.42,0.1352,0.18479999999999996,0.17509999999999998,1
0.0,0.0,0.5,0.5,0,0,1.0,7.698970004336019,7.698970004336019,0.0,0.0,70.0,0.0,0.0,0.0,0,0,0,0.0,0.0,0.0,0.0,0.0,0.0,0.0,0.0,0.0,0.0,0.0,0.0,0.0,0.0,0.0,0.0,0.0,0.0,0.0,0.0,0.0,0.0,0.0,0.0,0.0,0,0.45,0,0,0,25.0,25.0,0.0,0.0,0.0,0.0,0.48,0.37,0.42,0.48,0.37,0.42,0.0,0.0,0.0,1
0.0,0.0,0.5,0.5,0,0,1.3333333333333333,9.079181246047625,8.954242509439325,0.5,1.5,88.5,0.0,0.0,0.0,1,1,8,-0.8000000000000007,-6.0,-500.0,-0.04999999999999993,0.16000000000000003,0.17999999999999994,-0.5999999999999999,0.0,2.341,2.591,1.067,0.97,1.274,1.621,0.359,0.709,1.1426634743995732,1.1798394922132849,0.2724559087673128,0.3362356977544835,0.6109,0.2035,0.1611,0.6545,0.0492,0,0.62,1,0,0,42.2,39.1,12.0,7.0,0.08133971291866016,0.0,0.458,0.5375,0.5466,0.6152,0.5548,0.5951,-0.15719999999999995,-0.017299999999999982,-0.04849999999999999,1
0.0,0.0,0.5,0.5,0,0,18.0,8.954242509439325,7.698970004336019,13.5,6.5,87.0,0.0,0.0,0.0,0,2,7,0.6999999999999993,13.0,0.0,0.04999999999999993,0.01999999999999999,0.4,1.0,0.09999999999999998,2.591,0.0,0.97,0.0,1.621,0.0,0.709,0.0,1.1798394922132849,0.0,0.3362356977544835,0.0,0.692,0.0,0.1045,0.6599,0.0657,0,0.65,0,0,0,39.1,25.0,7.0,0.0,0.3708133971291867,0.0,0.6152,0.5548,0.5951,0.48,0.37,0.42,0.1352,0.18479999999999996,0.17509999999999998,1
0.0,0.0,0.5,0.5,0,0,1.0,7.698970004336019,7.698970004336019,0.0,0.0,70.0,0.0,0.0,0.0,0,0,0,0.0,0.0,0.0,0.0,-0.15,-0.44999999999999996,0.0,0.0,0.0,0.0,0.0,0.0,0.0,0.0,0.0,0.0,0.0,0.0,0.0,0.0,0.0,0.0,0.0,0.0,0.0,0,0.45,0,0,0,25.0,25.0,0.0,0.0,0.0,0.0,0.48,0.37,0.42,0.48,0.37,0.42,0.0,0.0,0.0,1
0.0,0.0,0.5,0.5,0,0,1.0,7.698970004336019,7.698970004336019,0.0,0.0,70.0,0.0,0.0,0.0,0,0,0,0.0,0.0,0.0,0.0,-0.15,-0.44999999999999996,0.0,0.0,0.0,0.0,0.0,0.0,0.0,0.0,0.0,0.0,0.0,0.0,0.0,0.0,0.0,0.0,0.0,0.0,0.0,0,0.45,0,0,0,25.0,25.0,0.0,0.0,0.0,0.0,0.48,0.37,0.42,0.48,0.37,0.42,0.0,0.0,0.0,1
0.0,0.0,0.5,0.5,0,0,1.0,7.698970004336019,7.698970004336019,0.0,0.0,70.0,0.0,0.0,0.0,0,0,0,0.0,0.0,0.0,0.0,0.0,0.0,0.0,0.0,0.0,0.0,0.0,0.0,0.0,0.0,0.0,0.0,0.0,0.0,0.0,0.0,0.4794,0.0,0.2886,0.8789,0.0804,0,0.45,0,0,0,25.0,25.0,0.0,0.0,0.0,0.0,0.48,0.37,0.42,0.48,0.37,0.42,0.0,0.0,0.0,0
0.0,0.0,0.5,0.5,0,0,1.0,7.698970004336019,7.698970004336019,0.0,0.0,70.0,0.0,0.0,0.0,0,0,0,0.0,0.0,0.0,0.0,0.15,0.44999999999999996,0.0,0.0,0.0,0.0,0.0,0.0,0.0,0.0,0.0,0.0,0.0,0.0,0.0,0.0,0.0,0.232,0.0,0.0,0.0,0,0.45,0,0,0,25.0,25.0,0.0,0.0,0.0,0.0,0.48,0.37,0.42,0.48,0.37,0.42,0.0,0.0,0.0,1
0.0,0.0,0.5,0.5,0,0,1.0,7.698970004336019,7.698970004336019,0.0,0.0,70.0,0.0,0.0,0.0,0,0,0,0.0,0.0,0.0,0.0,0.0,0.0,0.0,0.0,0.0,0.0,0.0,0.0,0.0,0.0,0.0,0.0,0.0,0.0,0.0,0.0,0.0,0.0,0.0,0.0,0.0,0,0.45,0,0,0,25.0,25.0,0.0,0.0,0.0,0.0,0.48,0.37,0.42,0.48,0.37,0.42,0.0,0.0,0.0,1
0.0,0.0,0.5,0.5,0,0,1.0,7.698970004336019,7.698970004336019,0.0,0.0,70.0,0.0,0.0,0.0,0,0,0,0.0,0.0,0.0,0.0,0.0,0.0,0.0,0.0,0.0,0.0,0.0,0.0,0.0,0.0,0.0,0.0,0.0,0.0,0.0,0.0,0.3973,0.0,0.3302,0.8774,0.0839,0,0.45,0,0,0,25.0,25.0,0.0,0.0,0.0,0.0,0.48,0.37,0.42,0.48,0.37,0.42,0.0,0.0,0.0,1
0.0,0.0,0.5,0.5,0,0,0.9,8.954242509439325,9.0,0.0,-0.5,87.0,0.0,0.0,0.0,-5,-9,-14,0.3999999999999986,0.0,2500.0,-0.050000000000000044,0.06,-0.019999999999999907,0.5,0.0,2.591,2.451,0.97,0.825,1.621,1.626,0.709,0.349,1.1798394922132849,1.1980330911358643,0.3362356977544835,0.3834478089938996,0.692,0.1945,0.1045,0.6599,0.0657,0,0.65,0,0,0,39.1,39.1,7.0,9.0,0.0,0.0,0.6152,0.5548,0.5951,0.64,0.5449,0.7004,-0.024800000000000044,0.009899999999999909,-0.10530000000000006,1
0.0,0.0,0.5,0.5,0,0,1.0,8.929418925714293,8.929418925714293,0.20000000000000284,3.5,88.0,0.0,0.0,0.0,2,4,2,2.0,17.0,-1500.0,0.0,-0.15999999999999998,-0.030000000000000027,0.20000000000000018,0.0,2.884,2.592,0.95,0.939,1.934,1.653,0.616,0.108,1.2457596956683417,0.9731844800911872,0.4170851232062826,0.4399949494659632,0.6331,0.1318,0.1742,0.6174,0.0833,1,0.71,2,1,1,36.3,42.3,7.0,12.0,-0.1578947368421053,0.0,0.7222,0.6642,0.7,0.4564,0.5811,0.6325,0.2658,0.08310000000000006,0.0675,1
0.0,0.0,0.5,0.5,0,0,18.0,8.954242509439325,7.698970004336019,13.5,6.5,87.0,0.0,0.0,0.0,0,2,7,0.6999999999999993,13.0,0.0,0.04999999999999993,0.01999999999999999,0.4,1.0,0.09999999999999998,2.591,0.0,0.97,0.0,1.621,0.0,0.709,0.0,1.1798394922132849,0.0,0.3362356977544835,0.0,0.692,0.0,0.1045,0.6599,0.0657,0,0.65,0,0,0,39.1,25.0,7.0,0.0,0.3708133971291867,0.0,0.6152,0.5548,0.5951,0.48,0.37,0.42,0.1352,0.18479999999999996,0.17509999999999998,1
0.0,0.0,0.5,0.5,0,0,4.4,8.342422680822207,7.698970004336019,7.0,3.5,80.0,0.0,0.0,0.0,0,0,16,0.3999999999999986,11.0,-7500.0,0.29999999999999993,0.24999999999999997,-0.12,-0.09999999999999987,-0.050000000000000044,1.7739999999999998,0.0,1.399,0.0,0.375,0.0,-0.2739999999999999,0.0,0.8012143853944391,0.0,0.301485212462126,0.0,0.5765,0.0,0.2085,0.7166,0.0536,2,0.55,0,2,1,25.0,25.0,1.0,0.0,0.0,0.0,0.467,0.3049,0.3458,0.48,0.37,0.42,-0.012999999999999956,-0.06509999999999999,-0.07419999999999999,0
0.0,0.0,0.5,0.5,0,0,10.0,8.698970004336019,7.698970004336019,10.5,4.5,84.5,0.0,0.0,0.0,0,2,13,1.3000000000000007,15.0,300.0,-0.050000000000000044,-0.020000000000000004,0.35,0.20000000000000018,0.04999999999999999,2.002,0.0,1.323,0.0,0.6789999999999999,0.0,-0.1019999999999999,0.0,0.9431066534244954,0.0,0.3376651859131732,0.0,0.5783,0.0,0.2167,0.8053,0.062,0,0.52,0,0,0,34.1,25.0,10.0,0.0,0.23923444976076558,0.0,0.4786,0.471,0.4919,0.48,0.37,0.42,-0.0013999999999999568,0.10099999999999998,0.07190000000000002,1
0.0,0.0,0.5,0.5,0,0,0.1,7.698970004336019,8.698970004336019,-10.5,-4.5,70.0,0.0,0.0,0.0,0,-2,-13,-1.3000000000000007,-15.0,-300.0,0.050000000000000044,0.020000000000000004,-0.35,-0.20000000000000018,-0.04999999999999999,0.0,2.002,0.0,1.323,0.0,0.6789999999999999,0.0,-0.1019999999999999,0.0,0.9431066534244954,0.0,0.3376651859131732,0.0,0.205,0.0,0.0,0.0,0,0.45,0,0,0,25.0,34.1,0.0,10.0,-0.23923444976076558,0.0,0.48,0.37,0.42,0.4786,0.471,0.4919,0.0013999999999999568,-0.10099999999999998,-0.07190000000000002,1
0.0,0.0,0.5,0.5,0,0,4.4,8.342422680822207,7.698970004336019,7.0,3.5,80.0,0.0,0.0,0.0,0,0,16,0.3999999999999986,11.0,-7500.0,0.29999999999999993,0.24999999999999997,-0.12,-0.09999999999999987,-0.050000000000000044,1.7739999999999998,0.0,1.399,0.0,0.375,0.0,-0.2739999999999999,0.0,0.8012143853944391,0.0,0.301485212462126,0.0,0.5765,0.0,0.2085,0.7166,0.0536,2,0.55,0,2,1,25.0,25.0,1.0,0.0,0.0,0.0,0.467,0.3049,0.3458,0.48,0.37,0.42,-0.012999999999999956,-0.06509999999999999,-0.07419999999999999,1
0.0,0.0,0.5,0.5,0,0,1.0,7.698970004336019,7.698970004336019,0.0,0.0,70.0,0.0,0.0,0.0,0,0,0,0.0,0.0,0.0,0.0,0.0,0.0,0.0,0.0,0.0,0.0,0.0,0.0,0.0,0.0,0.0,0.0,0.0,0.0,0.0,0.0,0.0,0.0,0.0,0.0,0.0,0,0.45,0,0,0,25.0,25.0,0.0,0.0,0.0,0.0,0.48,0.37,0.42,0.48,0.37,0.42,0.0,0.0,0.0,1
0.0,0.0,0.5,0.5,0,0,0.44,8.342422680822207,8.698970004336019,-3.5,-1.0,80.0,0.0,0.0,0.0,0,-2,3,-0.9000000000000021,-4.0,-7800.0,0.35,0.26999999999999996,-0.47,-0.30000000000000004,-0.10000000000000003,1.7739999999999998,2.002,1.399,1.323,0.375,0.6789999999999999,-0.2739999999999999,-0.1019999999999999,0.8012143853944391,0.9431066534244954,0.301485212462126,0.3376651859131732,0.5765,0.205,0.2085,0.7166,0.0536,2,0.55,0,2,1,25.0,34.1,1.0,10.0,-0.23923444976076558,0.0,0.467,0.3049,0.3458,0.4786,0.471,0.4919,-0.0116,-0.16609999999999997,-0.1461,1
0.0,0.0,0.5,0.5,0,0,9.0,8.653212513775344,7.698970004336019,10.0,9.0,84.0,0.0,0.0,0.0,2,5,13,-0.5,6.0,-1500.0,0.04999999999999993,-0.020000000000000004,0.25,0.30000000000000004,0.09999999999999998,2.161,0.0,1.17,0.0,0.991,0.0,0.439,0.0,1.0807602735652382,0.0,0.5795295026523193,0.0,0.639,0.0,0.189,0.6935,0.066,0,0.53,0,0,0,36.8,25.0,3.0,0.0,0.31100478468899506,0.0,0.5314,0.501,0.5217,0.48,0.37,0.42,0.0514,0.131,0.10170000000000007,1
0.0,0.0,0.5,0.5,0,0,0.25,7.698970004336019,8.301029995663981,-7.0,-4.0,70.0,0.0,0.0,0.0,0,-4,-11,0.0,0.0,0.0,0.0,0.15,0.44999999999999996,0.0,0.0,0.0,1.599,0.0,1.173,0.0,0.426,0.0,0.1009999999999999,0.0,0.9320745946735548,0.0,0.3812100616603805,0.0,0.2383,0.0,0.0,0.0,0,0.45,0,0,0,25.0,25.6,0.0,1.0,-0.01674641148325351,0.0,0.48,0.37,0.42,0.4689,0.3119,0.418,0.011099999999999999,0.058099999999999985,0.0020000000000000018,1
0.0,0.0,0.5,0.5,0,0,9.0,8.653212513775344,7.698970004336019,10.0,9.0,84.0,0.0,0.0,0.0,2,5,13,-0.5,6.0,-1500.0,0.04999999999999993,-0.16999999999999998,-0.19999999999999996,0.30000000000000004,0.09999999999999998,2.161,0.0,1.17,0.0,0.991,0.0,0.439,0.0,1.0807602735652382,0.0,0.5795295026523193,0.0,0.639,0.0,0.189,0.6935,0.066,0,0.53,0,0,0,36.8,25.0,3.0,0.0,0.31100478468899506,0.0,0.5314,0.501,0.5217,0.48,0.37,0.42,0.0514,0.131,0.10170000000000007,0
0.0,0.0,0.5,0.5,0,0,4.0,8.301029995663981,7.698970004336019,7.0,4.0,81.0,0.0,0.0,0.0,0,4,11,0.0,0.0,0.0,0.0,0.0,0.0,0.0,0.0,1.599,0.0,1.173,0.0,0.426,0.0,0.1009999999999999,0.0,0.9320745946735548,0.0,0.3812100616603805,0.0,0.4719,0.0,0.2898,0.8452,0.0678,0,0.53,0,0,0,25.6,25.0,1.0,0.0,0.01674641148325351,0.0,0.4689,0.3119,0.418,0.48,0.37,0.42,-0.011099999999999999,-0.058099999999999985,-0.0020000000000000018,0
0.0,0.0,0.5,0.5,0,0,0.4444444444444444,8.301029995663981,8.653212513775344,-3.0,-5.0,81.0,0.0,0.0,0.0,-2,-1,-2,0.5,-6.0,1500.0,-0.04999999999999993,0.020000000000000004,-0.25,-0.30000000000000004,-0.09999999999999998,1.599,2.161,1.173,1.17,0.426,0.991,0.1009999999999999,0.439,0.9320745946735548,1.0807602735652382,0.3812100616603805,0.5795295026523193,0.4719,0.172,0.2898,0.8452,0.0678,0,0.53,0,0,0,25.6,36.8,1.0,3.0,-0.29425837320574155,0.0,0.4689,0.3119,0.418,0.5314,0.501,0.5217,-0.0625,-0.1891,-0.10370000000000007,1
0.0,0.0,0.5,0.5,0,0,1.0,7.698970004336019,7.698970004336019,0.0,0.0,70.0,0.0,0.0,0.0,0,0,0,0.0,0.0,0.0,0.0,0.15,0.44999999999999996,0.0,0.0,0.0,0.0,0.0,0.0,0.0,0.0,0.0,0.0,0.0,0.0,0.0,0.0,0.0,0.0,0.0,0.0,0.0,0,0.45,0,0,0,25.0,25.0,0.0,0.0,0.0,0.0,0.48,0.37,0.42,0.48,0.37,0.42,0.0,0.0,0.0,0
0.0,0.0,0.5,0.5,0,0,24.0,9.079181246047625,7.698970004336019,14.0,8.0,88.5,0.0,0.0,0.0,1,3,15,-0.10000000000000142,7.0,-500.0,0.0,0.18000000000000002,0.58,0.40000000000000013,0.09999999999999998,2.341,0.0,1.067,0.0,1.274,0.0,0.359,0.0,1.1426634743995732,0.0,0.2724559087673128,0.0,0.6109,0.3056,0.1611,0.6545,0.0492,0,0.62,1,0,0,42.2,25.0,12.0,0.0,0.45215311004784686,0.0,0.458,0.5375,0.5466,0.48,0.37,0.42,-0.021999999999999964,0.16749999999999998,0.1266,1
0.0,0.0,0.5,0.5,0,0,20.0,9.0,7.698970004336019,13.5,7.0,87.5,0.0,0.0,0.0,5,11,21,0.3000000000000007,13.0,-2500.0,0.09999999999999998,-0.04000000000000001,0.41999999999999993,0.5,0.09999999999999998,2.451,0.0,0.825,0.0,1.626,0.0,0.349,0.0,1.1980330911358643,0.0,0.3834478089938996,0.0,0.6748,0.0,0.1307,0.8196,0.0699,0,0.6,0,0,0,39.1,25.0,9.0,0.0,0.3708133971291867,0.0,0.64,0.5449,0.7004,0.48,0.37,0.42,0.16000000000000003,0.17490000000000006,0.28040000000000004,1
0.0,0.0,0.5,0.5,0,0,1.0,7.698970004336019,7.698970004336019,0.0,0.0,70.0,0.0,0.0,0.0,0,0,0,0.0,0.0,0.0,0.0,0.0,0.0,0.0,0.0,0.0,0.0,0.0,0.0,0.0,0.0,0.0,0.0,0.0,0.0,0.0,0.0,0.4417,0.0,0.2526,0.8661,0.079,0,0.45,0,0,0,25.0,25.0,0.0,0.0,0.0,0.0,0.48,0.37,0.42,0.48,0.37,0.42,0.0,0.0,0.0,1
0.0,0.0,0.5,0.5,0,0,0.8333333333333334,9.0,9.079181246047625,-0.5,-1.0,87.5,0.0,0.0,0.0,4,8,6,0.40000000000000213,6.0,-2000.0,0.09999999999999998,-0.22000000000000003,-0.16000000000000003,0.09999999999999987,0.0,2.451,2.341,0.825,1.067,1.626,1.274,0.349,0.359,1.1980330911358643,1.1426634743995732,0.3834478089938996,0.2724559087673128,0.6748,0.228,0.1307,0.8196,0.0699,0,0.6,0,0,0,39.1,42.2,9.0,12.0,-0.08133971291866016,0.0,0.64,0.5449,0.7004,0.458,0.5375,0.5466,0.182,0.007400000000000073,0.15380000000000005,1
0.0,0.0,0.5,0.5,0,0,20.0,9.0,7.698970004336019,13.5,7.0,87.5,0.0,0.0,0.0,5,11,21,0.3000000000000007,13.0,-2500.0,0.09999999999999998,-0.04000000000000001,0.41999999999999993,0.5,0.09999999999999998,2.451,0.0,0.825,0.0,1.626,0.0,0.349,0.0,1.1980330911358643,0.0,0.3834478089938996,0.0,0.6748,0.3056,0.1307,0.8196,0.0699,0,0.6,0,0,0,39.1,25.0,9.0,0.0,0.3708133971291867,0.0,0.64,0.5449,0.7004,0.48,0.37,0.42,0.16000000000000003,0.17490000000000006,0.28040000000000004,1
0.0,0.0,0.5,0.5,0,0,24.0,9.079181246047625,7.698970004336019,14.0,8.0,88.5,0.0,0.0,0.0,1,3,15,-0.10000000000000142,7.0,-500.0,0.0,0.18000000000000002,0.58,0.40000000000000013,0.09999999999999998,2.341,0.0,1.067,0.0,1.274,0.0,0.359,0.0,1.1426634743995732,0.0,0.2724559087673128,0.0,0.6109,0.0,0.1611,0.6545,0.0492,0,0.62,1,0,0,42.2,25.0,12.0,0.0,0.45215311004784686,0.0,0.458,0.5375,0.5466,0.48,0.37,0.42,-0.021999999999999964,0.16749999999999998,0.1266,1
0.0,0.0,0.5,0.5,0,0,1.0,7.698970004336019,7.698970004336019,0.0,0.0,70.0,0.0,0.0,0.0,0,0,0,0.0,0.0,0.0,0.0,0.0,0.0,0.0,0.0,0.0,0.0,0.0,0.0,0.0,0.0,0.0,0.0,0.0,0.0,0.0,0.0,0.5604,0.0,0.1723,0.8411,0.0493,0,0.45,0,0,0,25.0,25.0,0.0,0.0,0.0,0.0,0.48,0.37,0.42,0.48,0.37,0.42,0.0,0.0,0.0,1
0.0,0.0,0.5,0.5,0,0,0.14285714285714285,7.698970004336019,8.544068044350276,-9.0,-4.0,70.0,0.0,0.0,0.0,0,-1,-5,0.0,-4.0,-500.0,-0.09999999999999998,0.020000000000000004,-0.28,0.0,-0.15000000000000002,0.0,1.7559999999999998,0.0,1.164,0.0,0.592,0.0,0.244,0.0,1.1196847912652483,0.0,0.1581981879373676,0.0,0.2251,0.0,0.0,0.0,0,0.45,0,-1,-1,25.0,32.5,0.0,5.0,-0.19617224880382766,0.0,0.48,0.37,0.42,0.6861,0.3787,0.5068,-0.20610000000000006,-0.008699999999999986,-0.08680000000000004,1
0.0,0.0,0.5,0.5,0,0,0.14285714285714285,7.698970004336019,8.544068044350276,-9.0,-4.0,70.0,0.0,0.0,0.0,0,-1,-5,0.0,-4.0,-500.0,-0.09999999999999998,0.020000000000000004,-0.28,0.0,-0.15000000000000002,0.0,1.7559999999999998,0.0,1.164,0.0,0.592,0.0,0.244,0.0,1.1196847912652483,0.0,0.1581981879373676,0.5604,0.2251,0.1723,0.8411,0.0493,0,0.45,0,-1,-1,25.0,32.5,0.0,5.0,-0.19617224880382766,0.0,0.48,0.37,0.42,0.6861,0.3787,0.5068,-0.20610000000000006,-0.008699999999999986,-0.08680000000000004,1
0.0,0.0,0.5,0.5,0,0,1.0,7.698970004336019,7.698970004336019,0.0,0.0,70.0,0.0,0.0,0.0,0,0,0,0.0,0.0,0.0,0.0,0.0,0.0,0.0,0.0,0.0,0.0,0.0,0.0,0.0,0.0,0.0,0.0,0.0,0.0,0.0,0.0,0.0,0.0,0.0,0.0,0.0,0,0.45,0,0,0,25.0,25.0,0.0,0.0,0.0,0.0,0.48,0.37,0.42,0.48,0.37,0.42,0.0,0.0,0.0,1
0.0,0.0,0.5,0.5,0,0,1.0,7.698970004336019,7.698970004336019,0.0,0.0,70.0,0.0,0.0,0.0,0,0,0,0.0,0.0,0.0,0.0,0.0,0.0,0.0,0.0,0.0,0.0,0.0,0.0,0.0,0.0,0.0,0.0,0.0,0.0,0.0,0.0,0.0,0.2673,0.0,0.0,0.0,0,0.45,0,0,0,25.0,25.0,0.0,0.0,0.0,0.0,0.48,0.37,0.42,0.48,0.37,0.42,0.0,0.0,0.0,1
0.0,0.0,0.5,0.5,0,0,0.14285714285714285,7.698970004336019,8.544068044350276,-9.0,-4.0,70.0,0.0,0.0,0.0,0,-1,-5,0.0,-4.0,-500.0,-0.09999999999999998,0.020000000000000004,-0.28,0.0,-0.15000000000000002,0.0,1.7559999999999998,0.0,1.164,0.0,0.592,0.0,0.244,0.0,1.1196847912652483,0.0,0.1581981879373676,0.0,0.2251,0.0,0.0,0.0,0,0.45,0,-1,-1,25.0,32.5,0.0,5.0,-0.19617224880382766,0.0,0.48,0.37,0.42,0.6861,0.3787,0.5068,-0.20610000000000006,-0.008699999999999986,-0.08680000000000004,0
0.0,0.0,0.5,0.5,0,0,0.1111111111111111,7.698970004336019,8.653212513775344,-10.0,-9.0,70.0,0.0,0.0,0.0,-2,-5,-13,0.5,-6.0,1500.0,-0.04999999999999993,0.020000000000000004,-0.25,-0.30000000000000004,-0.09999999999999998,0.0,2.161,0.0,1.17,0.0,0.991,0.0,0.439,0.0,1.0807602735652382,0.0,0.5795295026523193,0.0,0.172,0.0,0.0,0.0,0,0.45,0,0,0,25.0,36.8,0.0,3.0,-0.31100478468899506,0.0,0.48,0.37,0.42,0.5314,0.501,0.5217,-0.0514,-0.131,-0.10170000000000007,0
0.0,0.0,0.5,0.5,0,0,0.22727272727272727,7.698970004336019,8.342422680822207,-7.0,-3.5,70.0,0.0,0.0,0.0,0,0,-16,-0.3999999999999986,-11.0,7500.0,-0.29999999999999993,-0.09999999999999998,0.57,0.09999999999999987,0.050000000000000044,0.0,1.7739999999999998,0.0,1.399,0.0,0.375,0.0,-0.2739999999999999,0.0,0.8012143853944391,0.0,0.301485212462126,0.0,0.215,0.0,0.0,0.0,0,0.45,0,-2,-1,25.0,25.0,0.0,1.0,0.0,0.0,0.48,0.37,0.42,0.467,0.3049,0.3458,0.012999999999999956,0.06509999999999999,0.07419999999999999,1
0.0,0.0,0.5,0.5,0,0,20.0,9.0,7.698970004336019,13.5,7.0,87.5,0.0,0.0,0.0,5,11,21,0.3000000000000007,13.0,-2500.0,0.09999999999999998,-0.04000000000000001,0.41999999999999993,0.5,0.09999999999999998,2.451,0.0,0.825,0.0,1.626,0.0,0.349,0.0,1.1980330911358643,0.0,0.3834478089938996,0.0,0.6748,0.2673,0.1307,0.8196,0.0699,0,0.6,0,0,0,39.1,25.0,9.0,0.0,0.3708133971291867,0.0,0.64,0.5449,0.7004,0.48,0.37,0.42,0.16000000000000003,0.17490000000000006,0.28040000000000004,1
0.0,0.0,0.5,0.5,0,0,0.041666666666666664,7.698970004336019,9.079181246047625,-14.0,-8.0,70.0,0.0,0.0,0.0,-1,-3,-15,0.10000000000000142,-7.0,500.0,0.0,-0.18000000000000002,-0.58,-0.40000000000000013,-0.09999999999999998,0.0,2.341,0.0,1.067,0.0,1.274,0.0,0.359,0.0,1.1426634743995732,0.0,0.2724559087673128,0.0,0.228,0.0,0.0,0.0,0,0.45,0,0,0,25.0,42.2,0.0,12.0,-0.45215311004784686,0.0,0.48,0.37,0.42,0.458,0.5375,0.5466,0.021999999999999964,-0.16749999999999998,-0.1266,1
0.0,0.0,0.5,0.5,0,0,0.45,8.653212513775344,9.0,-3.5,2.0,84.0,0.0,0.0,0.0,-3,-6,-8,-0.8000000000000007,-7.0,1000.0,-0.050000000000000044,0.020000000000000004,-0.16999999999999993,-0.19999999999999996,0.0,2.161,2.451,1.17,0.825,0.991,1.626,0.439,0.349,1.0807602735652382,1.1980330911358643,0.5795295026523193,0.3834478089938996,0.639,0.1945,0.189,0.6935,0.066,0,0.53,0,0,0,36.8,39.1,3.0,9.0,-0.059808612440191644,0.0,0.5314,0.501,0.5217,0.64,0.5449,0.7004,-0.10860000000000003,-0.04390000000000005,-0.17869999999999997,0
0.0,0.0,0.5,0.5,0,0,1.0,7.698970004336019,7.698970004336019,0.0,0.0,70.0,0.0,0.0,0.0,0,0,0,0.0,0.0,0.0,0.0,0.15,0.44999999999999996,0.0,0.0,0.0,0.0,0.0,0.0,0.0,0.0,0.0,0.0,0.0,0.0,0.0,0.0,0.0,0.0,0.0,0.0,0.0,0,0.45,0,0,0,25.0,25.0,0.0,0.0,0.0,0.0,0.48,0.37,0.42,0.48,0.37,0.42,0.0,0.0,0.0,1
0.0,0.0,0.5,0.5,0,0,9.0,8.653212513775344,7.698970004336019,10.0,9.0,84.0,0.0,0.0,0.0,2,5,13,-0.5,6.0,-1500.0,0.04999999999999993,-0.020000000000000004,0.25,0.30000000000000004,0.09999999999999998,2.161,0.0,1.17,0.0,0.991,0.0,0.439,0.0,1.0807602735652382,0.0,0.5795295026523193,0.0,0.639,0.0,0.189,0.6935,0.066,0,0.53,0,0,0,36.8,25.0,3.0,0.0,0.31100478468899506,0.0,0.5314,0.501,0.5217,0.48,0.37,0.42,0.0514,0.131,0.10170000000000007,0
0.0,0.0,0.5,0.5,0,0,20.0,9.0,7.698970004336019,13.5,7.0,87.5,0.0,0.0,0.0,5,11,21,0.3000000000000007,13.0,-2500.0,0.09999999999999998,-0.19,-0.030000000000000027,0.5,0.09999999999999998,2.451,0.0,0.825,0.0,1.626,0.0,0.349,0.0,1.1980330911358643,0.0,0.3834478089938996,0.0,0.6748,0.0,0.1307,0.8196,0.0699,0,0.6,0,0,0,39.1,25.0,9.0,0.0,0.3708133971291867,0.0,0.64,0.5449,0.7004,0.48,0.37,0.42,0.16000000000000003,0.17490000000000006,0.28040000000000004,1
0.0,0.0,0.5,0.5,0,0,3.25,8.812913356642856,8.301029995663981,5.5,4.5,86.0,0.0,0.0,0.0,0,1,-1,0.10000000000000142,4.0,200.0,-0.050000000000000044,0.04999999999999999,0.38,0.5,0.0,2.645,1.599,0.751,1.173,1.894,0.426,-0.2449999999999999,0.1009999999999999,0.9060118494310764,0.9320745946735548,0.3351699403122077,0.3812100616603805,0.5863,0.2383,0.1947,0.7823,0.0485,0,0.6,0,0,0,38.0,25.6,7.0,1.0,0.3253588516746412,0.0,0.5646,0.5123,0.6106,0.4689,0.3119,0.418,0.09570000000000001,0.20039999999999997,0.19260000000000005,0
0.0,0.0,0.5,0.5,0,0,0.1111111111111111,7.698970004336019,8.653212513775344,-10.0,-9.0,70.0,0.0,0.0,0.0,-2,-5,-13,0.5,-6.0,1500.0,-0.04999999999999993,0.020000000000000004,-0.25,-0.30000000000000004,-0.09999999999999998,0.0,2.161,0.0,1.17,0.0,0.991,0.0,0.439,0.0,1.0807602735652382,0.0,0.5795295026523193,0.0,0.172,0.0,0.0,0.0,0,0.45,0,0,0,25.0,36.8,0.0,3.0,-0.31100478468899506,0.0,0.48,0.37,0.42,0.5314,0.501,0.5217,-0.0514,-0.131,-0.10170000000000007,0
0.0,0.0,0.5,0.5,0,0,4.0,8.301029995663981,7.698970004336019,7.0,4.0,81.0,0.0,0.0,0.0,0,4,11,0.0,0.0,0.0,0.0,0.0,0.0,0.0,0.0,1.599,0.0,1.173,0.0,0.426,0.0,0.1009999999999999,0.0,0.9320745946735548,0.0,0.3812100616603805,0.0,0.4719,0.0,0.2898,0.8452,0.0678,0,0.53,0,0,0,25.6,25.0,1.0,0.0,0.01674641148325351,0.0,0.4689,0.3119,0.418,0.48,0.37,0.42,-0.011099999999999999,-0.058099999999999985,-0.0020000000000000018,0
0.0,0.0,0.5,0.5,0,0,0.6923076923076923,8.653212513775344,8.812913356642856,-2.5,0.5,84.0,0.0,0.0,0.0,2,0,3,-0.6000000000000014,2.0,-1700.0,0.09999999999999998,-0.06999999999999999,-0.13,-0.19999999999999996,0.09999999999999998,2.161,2.645,1.17,0.751,0.991,1.894,0.439,-0.2449999999999999,1.0807602735652382,0.9060118494310764,0.5795295026523193,0.3351699403122077,0.639,0.219,0.189,0.6935,0.066,0,0.53,0,0,0,36.8,38.0,3.0,7.0,-0.03110047846889963,0.0,0.5314,0.501,0.5217,0.5646,0.5123,0.6106,-0.03320000000000001,-0.011299999999999977,-0.08889999999999998,0
0.0,0.0,0.5,0.5,0,0,0.05,7.698970004336019,9.0,-13.5,-7.0,70.0,0.0,0.0,0.0,-5,-11,-21,-0.3000000000000007,-13.0,2500.0,-0.09999999999999998,0.04000000000000001,-0.41999999999999993,-0.5,-0.09999999999999998,0.0,2.451,0.0,0.825,0.0,1.626,0.0,0.349,0.0,1.1980330911358643,0.0,0.3834478089938996,0.0,0.1945,0.0,0.0,0.0,0,0.45,0,0,0,25.0,39.1,0.0,9.0,-0.3708133971291867,0.0,0.48,0.37,0.42,0.64,0.5449,0.7004,-0.16000000000000003,-0.17490000000000006,-0.28040000000000004,0
0.0,0.0,0.5,0.5,0,0,2.4,8.079181246047625,7.698970004336019,5.5,3.5,79.5,0.0,0.0,0.0,0,0,0,0.0,0.0,0.0,0.0,0.0,0.0,0.0,0.0,1.798,0.0,1.513,0.0,0.285,0.0,0.1019999999999999,0.0,1.082179702707457,0.0,0.401214821926276,0.0,0.5274,0.0,0.2516,0.7901,0.0668,0,0.52,0,0,0,25.1,25.0,0.0,0.0,0.0023923444976076125,0.0,0.4965,0.3635,0.4198,0.48,0.37,0.42,0.016500000000000015,-0.006500000000000006,-0.00019999999999997797,0
0.0,0.0,0.5,0.5,0,0,0.12,8.079181246047625,9.0,-8.0,-3.5,79.5,0.0,0.0,0.0,-5,-11,-21,-0.3000000000000007,-13.0,2500.0,-0.09999999999999998,0.04000000000000001,-0.41999999999999993,-0.5,-0.09999999999999998,1.798,2.451,1.513,0.825,0.285,1.626,0.1019999999999999,0.349,1.082179702707457,1.1980330911358643,0.401214821926276,0.3834478089938996,0.5274,0.1945,0.2516,0.7901,0.0668,0,0.52,0,0,0,25.1,39.1,0.0,9.0,-0.3684210526315791,0.0,0.4965,0.3635,0.4198,0.64,0.5449,0.7004,-0.14350000000000002,-0.18140000000000006,-0.2806,0
0.0,0.0,0.5,0.5,0,0,1.0,7.698970004336019,7.698970004336019,0.0,0.0,70.0,0.0,0.0,0.0,0,0,0,0.0,0.0,0.0,0.0,0.0,0.0,0.0,0.0,0.0,0.0,0.0,0.0,0.0,0.0,0.0,0.0,0.0,0.0,0.0,0.0,0.0,0.0,0.0,0.0,0.0,0,0.45,0,0,0,25.0,25.0,0.0,0.0,0.0,0.0,0.48,0.37,0.42,0.48,0.37,0.42,0.0,0.0,0.0,1
0.0,0.0,0.5,0.5,0,0,0.4166666666666667,7.698970004336019,8.079181246047625,-5.5,-3.5,70.0,0.0,0.0,0.0,0,0,0,0.0,0.0,0.0,0.0,0.0,0.0,0.0,0.0,0.0,1.798,0.0,1.513,0.0,0.285,0.0,0.1019999999999999,0.0,1.082179702707457,0.0,0.401214821926276,0.0,0.221,0.0,0.0,0.0,0,0.45,0,0,0,25.0,25.1,0.0,0.0,-0.0023923444976076125,0.0,0.48,0.37,0.42,0.4965,0.3635,0.4198,-0.016500000000000015,0.006500000000000006,0.00019999999999997797,0
0.0,0.0,0.5,0.5,0,0,20.0,9.0,7.698970004336019,13.5,7.0,87.5,0.0,0.0,0.0,5,11,21,0.3000000000000007,13.0,-2500.0,0.09999999999999998,-0.04000000000000001,0.41999999999999993,0.5,0.09999999999999998,2.451,0.0,0.825,0.0,1.626,0.0,0.349,0.0,1.1980330911358643,0.0,0.3834478089938996,0.0,0.6748,0.0,0.1307,0.8196,0.0699,0,0.6,0,0,0,39.1,25.0,9.0,0.0,0.3708133971291867,0.0,0.64,0.5449,0.7004,0.48,0.37,0.42,0.16000000000000003,0.17490000000000006,0.28040000000000004,0
0.0,0.0,0.5,0.5,0,0,1.0,7.698970004336019,7.698970004336019,0.0,0.0,70.0,0.0,0.0,0.0,0,0,0,0.0,0.0,0.0,0.0,0.0,0.0,0.0,0.0,0.0,0.0,0.0,0.0,0.0,0.0,0.0,0.0,0.0,0.0,0.0,0.0,0.0,0.0,0.0,0.0,0.0,0,0.45,0,0,0,25.0,25.0,0.0,0.0,0.0,0.0,0.48,0.37,0.42,0.48,0.37,0.42,0.0,0.0,0.0,1
0.0,0.0,0.5,0.5,0,0,0.9,7.653212513775344,7.698970004336019,2.0,2.0,75.5,0.0,0.0,0.0,0,0,5,0.0,0.0,0.0,0.0,0.0,0.0,0.0,0.0,1.298,0.0,1.684,0.0,-0.386,0.0,0.202,0.0,1.2667385824722657,0.0,0.4647293118938521,0.0,0.5865,0.232,0.1176,0.8662,0.0636,0,0.48,0,0,0,25.5,25.0,0.0,0.0,0.014354066985645897,0.0,0.4629,0.3785,0.4231,0.48,0.37,0.42,-0.017100000000000004,0.008500000000000008,0.0030999999999999917,0
0.0,0.0,0.5,0.5,0,0,1.0,7.698970004336019,7.698970004336019,0.0,0.0,70.0,0.0,0.0,0.0,0,0,0,0.0,0.0,0.0,0.0,0.0,0.0,0.0,0.0,0.0,0.0,0.0,0.0,0.0,0.0,0.0,0.0,0.0,0.0,0.0,0.0,0.4794,0.0,0.2886,0.8789,0.0804,0,0.45,0,0,0,25.0,25.0,0.0,0.0,0.0,0.0,0.48,0.37,0.42,0.48,0.37,0.42,0.0,0.0,0.0,0
0.0,0.0,0.5,0.5,0,0,0.9,7.653212513775344,7.698970004336019,2.0,2.0,75.5,0.0,0.0,0.0,0,0,5,0.0,0.0,0.0,0.0,0.0,0.0,0.0,0.0,1.298,0.0,1.684,0.0,-0.386,0.0,0.202,0.0,1.2667385824722657,0.0,0.4647293118938521,0.0,0.5865,0.0,0.1176,0.8662,0.0636,0,0.48,0,0,0,25.5,25.0,0.0,0.0,0.014354066985645897,0.0,0.4629,0.3785,0.4231,0.48,0.37,0.42,-0.017100000000000004,0.008500000000000008,0.0030999999999999917,0
0.0,0.0,0.5,0.5,0,0,1.1111111111111112,7.698970004336019,7.653212513775344,-2.0,-2.0,70.0,0.0,0.0,0.0,0,0,-5,0.0,0.0,0.0,0.0,0.0,0.0,0.0,0.0,0.0,1.298,0.0,1.684,0.0,-0.386,0.0,0.202,0.0,1.2667385824722657,0.0,0.4647293118938521,0.0,0.2959,0.0,0.0,0.0,0,0.45,0,0,0,25.0,25.5,0.0,0.0,-0.014354066985645897,0.0,0.48,0.37,0.42,0.4629,0.3785,0.4231,0.017100000000000004,-0.008500000000000008,-0.0030999999999999917,1
0.0,0.0,0.5,0.5,0,0,1.0,7.698970004336019,7.698970004336019,0.0,0.0,70.0,0.0,0.0,0.0,0,0,0,0.0,0.0,0.0,0.0,0.0,0.0,0.0,0.0,0.0,0.0,0.0,0.0,0.0,0.0,0.0,0.0,0.0,0.0,0.0,0.0,0.0,0.232,0.0,0.0,0.0,0,0.45,0,0,0,25.0,25.0,0.0,0.0,0.0,0.0,0.48,0.37,0.42,0.48,0.37,0.42,0.0,0.0,0.0,1
0.0,0.0,0.5,0.5,0,0,4.0,8.301029995663981,7.698970004336019,7.0,4.0,81.0,0.0,0.0,0.0,0,4,11,0.0,0.0,0.0,0.0,0.0,0.0,0.0,0.0,1.599,0.0,1.173,0.0,0.426,0.0,0.1009999999999999,0.0,0.9320745946735548,0.0,0.3812100616603805,0.0,0.4719,0.2179,0.2898,0.8452,0.0678,0,0.53,0,0,0,25.6,25.0,1.0,0.0,0.01674641148325351,0.0,0.4689,0.3119,0.418,0.48,0.37,0.42,-0.011099999999999999,-0.058099999999999985,-0.0020000000000000018,0
0.0,0.0,0.5,0.5,0,0,1.0,7.698970004336019,7.698970004336019,0.0,0.0,70.0,0.0,0.0,0.0,0,0,0,0.0,0.0,0.0,0.0,0.0,0.0,0.0,0.0,0.0,0.0,0.0,0.0,0.0,0.0,0.0,0.0,0.0,0.0,0.0,0.0,0.0,0.0,0.0,0.0,0.0,0,0.45,0,0,0,25.0,25.0,0.0,0.0,0.0,0.0,0.48,0.37,0.42,0.48,0.37,0.42,0.0,0.0,0.0,0
0.0,0.0,0.5,0.5,0,0,0.65,8.812913356642856,9.0,-1.0,1.5,86.0,0.0,0.0,0.0,-5,-6,-11,-0.1999999999999993,-9.0,2700.0,-0.15000000000000002,0.09,-0.039999999999999925,0.0,-0.09999999999999998,2.645,2.451,0.751,0.825,1.894,1.626,-0.2449999999999999,0.349,0.9060118494310764,1.1980330911358643,0.3351699403122077,0.3834478089938996,0.5863,0.1945,0.1947,0.7823,0.0485,0,0.6,0,0,0,38.0,39.1,7.0,9.0,-0.028708133971292016,0.0,0.5646,0.5123,0.6106,0.64,0.5449,0.7004,-0.07540000000000002,-0.03260000000000007,-0.08979999999999999,1
0.0,0.0,0.5,0.5,0,0,17.0,8.929418925714293,7.698970004336019,14.0,8.5,88.0,0.0,0.0,0.0,3,6,17,1.0,20.0,-1500.0,0.04999999999999993,-0.020000000000000004,0.44999999999999996,0.8000000000000003,0.19999999999999996,2.884,0.0,0.95,0.0,1.934,0.0,0.616,0.0,1.2457596956683417,0.0,0.4170851232062826,0.0,0.6331,0.0,0.1742,0.6174,0.0833,1,0.71,2,1,1,36.3,25.0,7.0,0.0,0.2966507177033493,0.0,0.7222,0.6642,0.7,0.48,0.37,0.42,0.24219999999999997,0.2942,0.27999999999999997,0
0.0,0.0,0.5,0.5,0,0,0.07692307692307693,7.698970004336019,8.812913356642856,-12.5,-8.5,70.0,0.0,0.0,0.0,0,-5,-10,-0.10000000000000142,-4.0,-200.0,0.050000000000000044,-0.04999999999999999,-0.38,-0.5,0.0,0.0,2.645,0.0,0.751,0.0,1.894,0.0,-0.2449999999999999,0.0,0.9060118494310764,0.0,0.3351699403122077,0.0,0.219,0.0,0.0,0.0,0,0.45,0,0,0,25.0,38.0,0.0,7.0,-0.3421052631578947,0.0,0.48,0.37,0.42,0.5646,0.5123,0.6106,-0.08460000000000001,-0.14229999999999998,-0.19060000000000005,0
0.0,0.0,0.5,0.5,0,0,0.85,8.929418925714293,9.0,0.5,1.5,88.0,0.0,0.0,0.0,-2,-5,-4,0.6999999999999993,7.0,1000.0,-0.050000000000000044,0.020000000000000004,0.030000000000000027,0.30000000000000027,0.09999999999999998,2.884,2.451,0.95,0.825,1.934,1.626,0.616,0.349,1.2457596956683417,1.1980330911358643,0.4170851232062826,0.3834478089938996,0.6331,0.1945,0.1742,0.6174,0.0833,1,0.71,2,1,1,36.3,39.1,7.0,9.0,-0.07416267942583743,0.0,0.7222,0.6642,0.7,0.64,0.5449,0.7004,0.08219999999999994,0.11929999999999996,-0.00040000000000006697,0
0.0,0.0,0.5,0.5,0,0,20.0,9.0,7.698970004336019,13.5,7.0,87.5,0.0,0.0,0.0,5,11,21,0.3000000000000007,13.0,-2500.0,0.09999999999999998,-0.04000000000000001,0.41999999999999993,0.5,0.09999999999999998,2.451,0.0,0.825,0.0,1.626,0.0,0.349,0.0,1.1980330911358643,0.0,0.3834478089938996,0.0,0.6748,0.0,0.1307,0.8196,0.0699,0,0.6,0,0,0,39.1,25.0,9.0,0.0,0.3708133971291867,0.0,0.64,0.5449,0.7004,0.48,0.37,0.42,0.16000000000000003,0.17490000000000006,0.28040000000000004,1
0.0,0.0,0.5,0.5,0,0,0.7647058823529411,8.812913356642856,8.929418925714293,-1.5,0.0,86.0,0.0,0.0,0.0,-3,-1,-7,-0.8999999999999986,-16.0,1700.0,-0.09999999999999998,0.06999999999999999,-0.06999999999999995,-0.30000000000000027,-0.19999999999999996,2.645,2.884,0.751,0.95,1.894,1.934,-0.2449999999999999,0.616,0.9060118494310764,1.2457596956683417,0.3351699403122077,0.4170851232062826,0.5863,0.1927,0.1947,0.7823,0.0485,0,0.6,0,-1,-1,38.0,36.3,7.0,7.0,0.045454545454545414,0.0,0.5646,0.5123,0.6106,0.7222,0.6642,0.7,-0.15759999999999996,-0.15190000000000003,-0.08939999999999992,1
0.0,0.0,0.5,0.5,0,0,1.0,7.698970004336019,7.698970004336019,0.0,0.0,70.0,0.0,0.0,0.0,0,0,0,0.0,0.0,0.0,0.0,-0.15,-0.44999999999999996,0.0,0.0,0.0,0.0,0.0,0.0,0.0,0.0,0.0,0.0,0.0,0.0,0.0,0.0,0.5587,0.0,0.2233,0.8282,0.0681,0,0.45,0,0,0,25.0,25.0,0.0,0.0,0.0,0.0,0.48,0.37,0.42,0.48,0.37,0.42,0.0,0.0,0.0,1
0.0,0.0,0.5,0.5,0,0,56.666666666666664,8.929418925714293,7.176091259055681,17.0,12.5,88.0,0.0,0.0,0.0,3,6,17,1.0,20.0,-1500.0,0.04999999999999993,-0.020000000000000004,0.44999999999999996,0.8000000000000003,0.19999999999999996,2.884,0.8,0.95,2.039,1.934,-1.239,0.616,0.2999999999999999,1.2457596956683417,1.3626570551662731,0.4170851232062826,0.4410845220086004,0.6331,0.0,0.1742,0.6174,0.0833,1,0.71,2,1,1,36.3,24.1,7.0,0.0,0.32057416267942596,0.0,0.7222,0.6642,0.7,0.4214,0.3575,0.4058,0.30079999999999996,0.30670000000000003,0.29419999999999996,1
0.0,0.0,0.5,0.5,0,0,0.3,7.176091259055681,7.698970004336019,-3.0,-4.0,70.5,0.0,0.0,0.0,0,0,0,0.0,0.0,0.0,0.0,0.0,0.0,0.0,0.0,0.8,0.0,2.039,0.0,-1.239,0.0,0.2999999999999999,0.0,1.3626570551662731,0.0,0.4410845220086004,0.0,0.0,0.2179,0.0,0.0,0.0,0,0.38,0,0,0,24.1,25.0,0.0,0.0,-0.02392344497607668,0.0,0.4214,0.3575,0.4058,0.48,0.37,0.42,-0.058599999999999985,-0.012500000000000011,-0.01419999999999999,0
0.0,0.0,0.5,0.5,0,0,17.0,8.929418925714293,7.698970004336019,14.0,8.5,88.0,0.0,0.0,0.0,3,6,17,1.0,20.0,-1500.0,0.04999999999999993,-0.16999999999999998,0.0,0.8000000000000003,0.19999999999999996,2.884,0.0,0.95,0.0,1.934,0.0,0.616,0.0,1.2457596956683417,0.0,0.4170851232062826,0.0,0.6331,0.0,0.1742,0.6174,0.0833,1,0.71,2,1,1,36.3,25.0,7.0,0.0,0.2966507177033493,0.0,0.7222,0.6642,0.7,0.48,0.37,0.42,0.24219999999999997,0.2942,0.27999999999999997,0
0.0,0.0,0.5,0.5,0,0,0.058823529411764705,7.698970004336019,8.929418925714293,-14.0,-8.5,70.0,0.0,0.0,0.0,-3,-6,-17,-1.0,-20.0,1500.0,-0.04999999999999993,0.020000000000000004,-0.44999999999999996,-0.8000000000000003,-0.19999999999999996,0.0,2.884,0.0,0.95,0.0,1.934,0.0,0.616,0.0,1.2457596956683417,0.0,0.4170851232062826,0.5587,0.1927,0.2233,0.8282,0.0681,0,0.45,0,-1,-1,25.0,36.3,0.0,7.0,-0.2966507177033493,0.0,0.48,0.37,0.42,0.7222,0.6642,0.7,-0.24219999999999997,-0.2942,-0.27999999999999997,1
0.0,0.0,0.5,0.5,0,0,3.3333333333333335,7.698970004336019,7.176091259055681,3.0,4.0,70.0,0.0,0.0,0.0,0,0,0,0.0,0.0,0.0,0.0,0.15,0.44999999999999996,0.0,0.0,0.0,0.8,0.0,2.039,0.0,-1.239,0.0,0.2999999999999999,0.0,1.3626570551662731,0.0,0.4410845220086004,0.0,0.0,0.0,0.0,0.0,0,0.45,0,0,0,25.0,24.1,0.0,0.0,0.02392344497607668,0.0,0.48,0.37,0.42,0.4214,0.3575,0.4058,0.058599999999999985,0.012500000000000011,0.01419999999999999,1
0.0,0.0,0.5,0.5,0,0,0.4444444444444444,8.301029995663981,8.653212513775344,-3.0,-5.0,81.0,0.0,0.0,0.0,-2,-1,-2,0.5,-6.0,1500.0,-0.04999999999999993,0.020000000000000004,-0.25,-0.30000000000000004,-0.09999999999999998,1.599,2.161,1.173,1.17,0.426,0.991,0.1009999999999999,0.439,0.9320745946735548,1.0807602735652382,0.3812100616603805,0.5795295026523193,0.4719,0.172,0.2898,0.8452,0.0678,0,0.53,0,0,0,25.6,36.8,1.0,3.0,-0.29425837320574155,0.0,0.4689,0.3119,0.418,0.5314,0.501,0.5217,-0.0625,-0.1891,-0.10370000000000007,1
0.0,0.0,0.5,0.5,0,0,0.07692307692307693,7.698970004336019,8.812913356642856,-12.5,-8.5,70.0,0.0,0.0,0.0,0,-5,-10,-0.10000000000000142,-4.0,-200.0,0.050000000000000044,-0.04999999999999999,-0.38,-0.5,0.0,0.0,2.645,0.0,0.751,0.0,1.894,0.0,-0.2449999999999999,0.0,0.9060118494310764,0.0,0.3351699403122077,0.0,0.219,0.0,0.0,0.0,0,0.45,0,0,0,25.0,38.0,0.0,7.0,-0.3421052631578947,0.0,0.48,0.37,0.42,0.5646,0.5123,0.6106,-0.08460000000000001,-0.14229999999999998,-0.19060000000000005,0
0.0,0.0,0.5,0.5,0,0,4.0,8.301029995663981,7.698970004336019,7.0,4.0,81.0,0.0,0.0,0.0,0,4,11,0.0,0.0,0.0,0.0,0.0,0.0,0.0,0.0,1.599,0.0,1.173,0.0,0.426,0.0,0.1009999999999999,0.0,0.9320745946735548,0.0,0.3812100616603805,0.0,0.4719,0.0,0.2898,0.8452,0.0678,0,0.53,0,0,0,25.6,25.0,1.0,0.0,0.01674641148325351,0.0,0.4689,0.3119,0.418,0.48,0.37,0.42,-0.011099999999999999,-0.058099999999999985,-0.0020000000000000018,1
0.0,0.0,0.5,0.5,0,0,1.0,7.698970004336019,7.698970004336019,0.0,0.0,70.0,0.0,0.0,0.0,0,0,0,0.0,0.0,0.0,0.0,0.0,0.0,0.0,0.0,0.0,0.0,0.0,0.0,0.0,0.0,0.0,0.0,0.0,0.0,0.0,0.0,0.5587,0.0,0.2233,0.8282,0.0681,0,0.45,0,0,0,25.0,25.0,0.0,0.0,0.0,0.0,0.48,0.37,0.42,0.48,0.37,0.42,0.0,0.0,0.0,0
0.0,0.0,0.5,0.5,0,0,1.0,7.698970004336019,7.698970004336019,0.0,0.0,70.0,0.0,0.0,0.0,0,0,0,0.0,0.0,0.0,0.0,0.0,0.0,0.0,0.0,0.0,0.0,0.0,0.0,0.0,0.0,0.0,0.0,0.0,0.0,0.0,0.0,0.5587,0.0,0.2233,0.8282,0.0681,0,0.45,0,0,0,25.0,25.0,0.0,0.0,0.0,0.0,0.48,0.37,0.42,0.48,0.37,0.42,0.0,0.0,0.0,1
0.0,0.0,0.5,0.5,0,0,0.25,7.698970004336019,8.301029995663981,-7.0,-4.0,70.0,0.0,0.0,0.0,0,-4,-11,0.0,0.0,0.0,0.0,0.0,0.0,0.0,0.0,0.0,1.599,0.0,1.173,0.0,0.426,0.0,0.1009999999999999,0.0,0.9320745946735548,0.0,0.3812100616603805,0.0,0.2383,0.0,0.0,0.0,0,0.45,0,0,0,25.0,25.6,0.0,1.0,-0.01674641148325351,0.0,0.48,0.37,0.42,0.4689,0.3119,0.418,0.011099999999999999,0.058099999999999985,0.0020000000000000018,1
0.0,0.0,0.5,0.5,0,0,13.0,8.812913356642856,7.698970004336019,12.5,8.5,86.0,0.0,0.0,0.0,0,5,10,0.10000000000000142,4.0,200.0,-0.050000000000000044,0.04999999999999999,0.38,0.5,0.0,2.645,0.0,0.751,0.0,1.894,0.0,-0.2449999999999999,0.0,0.9060118494310764,0.0,0.3351699403122077,0.0,0.5863,0.0,0.1947,0.7823,0.0485,0,0.6,0,0,0,38.0,25.0,7.0,0.0,0.3421052631578947,0.0,0.5646,0.5123,0.6106,0.48,0.37,0.42,0.08460000000000001,0.14229999999999998,0.19060000000000005,0
0.0,0.0,0.5,0.5,0,0,20.0,9.0,7.698970004336019,13.5,7.0,87.5,0.0,0.0,0.0,5,11,21,0.3000000000000007,13.0,-2500.0,0.09999999999999998,-0.04000000000000001,0.41999999999999993,0.5,0.09999999999999998,2.451,0.0,0.825,0.0,1.626,0.0,0.349,0.0,1.1980330911358643,0.0,0.3834478089938996,0.0,0.6748,0.2179,0.1307,0.8196,0.0699,0,0.6,0,0,0,39.1,25.0,9.0,0.0,0.3708133971291867,0.0,0.64,0.5449,0.7004,0.48,0.37,0.42,0.16000000000000003,0.17490000000000006,0.28040000000000004,0
0.0,0.0,0.5,0.5,0,0,1.0,7.698970004336019,7.698970004336019,0.0,0.0,70.0,0.0,0.0,0.0,0,0,0,0.0,0.0,0.0,0.0,0.0,0.0,0.0,0.0,0.0,0.0,0.0,0.0,0.0,0.0,0.0,0.0,0.0,0.0,0.0,0.0,0.5604,0.2179,0.1723,0.8411,0.0493,0,0.45,0,0,0,25.0,25.0,0.0,0.0,0.0,0.0,0.48,0.37,0.42,0.48,0.37,0.42,0.0,0.0,0.0,0
0.0,0.0,0.5,0.5,0,0,0.85,8.929418925714293,9.0,0.5,1.5,88.0,0.0,0.0,0.0,-2,-5,-4,0.6999999999999993,7.0,1000.0,-0.050000000000000044,0.020000000000000004,0.030000000000000027,0.30000000000000027,0.09999999999999998,2.884,2.451,0.95,0.825,1.934,1.626,0.616,0.349,1.2457596956683417,1.1980330911358643,0.4170851232062826,0.3834478089938996,0.6331,0.1945,0.1742,0.6174,0.0833,1,0.71,2,1,1,36.3,39.1,7.0,9.0,-0.07416267942583743,0.0,0.7222,0.6642,0.7,0.64,0.5449,0.7004,0.08219999999999994,0.11929999999999996,-0.00040000000000006697,0
0.0,0.0,0.5,0.5,0,0,0.07692307692307693,7.698970004336019,8.812913356642856,-12.5,-8.5,70.0,0.0,0.0,0.0,0,-5,-10,-0.10000000000000142,-4.0,-200.0,0.050000000000000044,0.1,0.06999999999999995,-0.5,0.0,0.0,2.645,0.0,0.751,0.0,1.894,0.0,-0.2449999999999999,0.0,0.9060118494310764,0.0,0.3351699403122077,0.0,0.219,0.0,0.0,0.0,0,0.45,0,0,0,25.0,38.0,0.0,7.0,-0.3421052631578947,0.0,0.48,0.37,0.42,0.5646,0.5123,0.6106,-0.08460000000000001,-0.14229999999999998,-0.19060000000000005,0
0.0,0.0,0.5,0.5,0,0,3.6,8.255272505103306,7.698970004336019,7.0,5.0,80.5,0.0,0.0,0.0,0,0,6,0.0,0.0,0.0,0.0,0.0,0.0,0.0,0.0,2.008,0.0,1.38,0.0,0.6280000000000001,0.0,0.1919999999999999,0.0,1.0959572566962812,0.0,0.4442921961452345,0.0,0.3957,0.0,0.259,0.881,0.0469,0,0.6,0,0,0,23.7,25.0,0.0,0.0,-0.03349282296650724,0.0,0.4442,0.329,0.414,0.48,0.37,0.42,-0.0358,-0.04099999999999998,-0.006000000000000005,1
0.0,0.0,0.5,0.5,0,0,0.2777777777777778,7.698970004336019,8.255272505103306,-7.0,-5.0,70.0,0.0,0.0,0.0,0,0,-6,0.0,0.0,0.0,0.0,0.15,0.44999999999999996,0.0,0.0,0.0,2.008,0.0,1.38,0.0,0.6280000000000001,0.0,0.1919999999999999,0.0,1.0959572566962812,0.0,0.4442921961452345,0.0,0.3453,0.0,0.0,0.0,0,0.45,0,0,0,25.0,23.7,0.0,0.0,0.03349282296650724,0.0,0.48,0.37,0.42,0.4442,0.329,0.414,0.0358,0.04099999999999998,0.006000000000000005,1
0.0,0.0,0.5,0.5,0,0,13.0,8.812913356642856,7.698970004336019,12.5,8.5,86.0,0.0,0.0,0.0,0,5,10,0.10000000000000142,4.0,200.0,-0.050000000000000044,0.04999999999999999,0.38,0.5,0.0,2.645,0.0,0.751,0.0,1.894,0.0,-0.2449999999999999,0.0,0.9060118494310764,0.0,0.3351699403122077,0.0,0.5863,0.0,0.1947,0.7823,0.0485,0,0.6,0,0,0,38.0,25.0,7.0,0.0,0.3421052631578947,0.0,0.5646,0.5123,0.6106,0.48,0.37,0.42,0.08460000000000001,0.14229999999999998,0.19060000000000005,0
0.0,0.0,0.5,0.5,0,0,1.0,7.698970004336019,7.698970004336019,0.0,0.0,70.0,0.0,0.0,0.0,0,0,0,0.0,0.0,0.0,0.0,0.0,0.0,0.0,0.0,0.0,0.0,0.0,0.0,0.0,0.0,0.0,0.0,0.0,0.0,0.0,0.0,0.0,0.2179,0.0,0.0,0.0,0,0.45,0,0,0,25.0,25.0,0.0,0.0,0.0,0.0,0.48,0.37,0.42,0.48,0.37,0.42,0.0,0.0,0.0,0
0.0,0.0,0.5,0.5,0,0,0.2727272727272727,7.778151250383644,8.342422680822207,-4.5,-2.5,76.0,0.0,0.0,0.0,0,0,-11,-0.3999999999999986,-11.0,7500.0,-0.29999999999999993,-0.24999999999999997,0.12,0.09999999999999987,0.050000000000000044,1.372,1.7739999999999998,1.892,1.399,-0.5199999999999999,0.375,0.628,-0.2739999999999999,1.5354699312272966,0.8012143853944391,0.2863098554596634,0.301485212462126,0.0,0.215,0.0,0.0,0.0,1,0.47,0,-1,-1,26.7,25.0,0.0,1.0,0.045454545454545414,0.0,0.4658,0.3327,0.4275,0.467,0.3049,0.3458,-0.0012000000000000344,0.02779999999999999,0.0817,1
0.0,0.0,0.5,0.5,0,0,17.0,8.929418925714293,7.698970004336019,14.0,8.5,88.0,0.0,0.0,0.0,3,6,17,1.0,20.0,-1500.0,0.04999999999999993,-0.020000000000000004,0.44999999999999996,0.8000000000000003,0.19999999999999996,2.884,0.0,0.95,0.0,1.934,0.0,0.616,0.0,1.2457596956683417,0.0,0.4170851232062826,0.0,0.6331,0.2725,0.1742,0.6174,0.0833,1,0.71,2,1,1,36.3,25.0,7.0,0.0,0.2966507177033493,0.0,0.7222,0.6642,0.7,0.48,0.37,0.42,0.24219999999999997,0.2942,0.27999999999999997,1
0.0,0.0,0.5,0.5,0,0,0.045454545454545456,7.698970004336019,9.041392685158225,-14.5,-9.5,70.0,0.0,0.0,0.0,-2,-7,-15,0.3000000000000007,-10.0,200.0,0.0,0.15,-0.07000000000000006,-0.7000000000000002,-0.09999999999999998,0.0,2.804,0.0,0.5599999999999999,0.0,2.244,0.0,0.296,0.0,1.0649770760444726,0.0,0.2852756951130297,0.0,0.2349,0.0,0.0,0.0,0,0.45,0,-3,-1,25.0,42.2,0.0,12.0,-0.45215311004784686,0.0,0.48,0.37,0.42,0.6507,0.6107,0.6607,-0.17069999999999996,-0.24070000000000003,-0.24069999999999997,1
0.0,0.0,0.5,0.5,0,0,1.0,7.698970004336019,7.698970004336019,0.0,0.0,70.0,0.0,0.0,0.0,0,0,0,0.0,0.0,0.0,0.0,0.15,0.44999999999999996,0.0,0.0,0.0,0.0,0.0,0.0,0.0,0.0,0.0,0.0,0.0,0.0,0.0,0.0,0.0,0.0,0.0,0.0,0.0,0,0.45,0,0,0,25.0,25.0,0.0,0.0,0.0,0.0,0.48,0.37,0.42,0.48,0.37,0.42,0.0,0.0,0.0,0
0.0,0.0,0.5,0.5,0,0,0.27692307692307694,8.255272505103306,8.812913356642856,-5.5,-3.5,80.5,0.0,0.0,0.0,0,-5,-4,-0.10000000000000142,-4.0,-200.0,0.050000000000000044,-0.04999999999999999,-0.38,-0.5,0.0,2.008,2.645,1.38,0.751,0.6280000000000001,1.894,0.1919999999999999,-0.2449999999999999,1.0959572566962812,0.9060118494310764,0.4442921961452345,0.3351699403122077,0.3957,0.219,0.259,0.881,0.0469,0,0.6,0,0,0,23.7,38.0,0.0,7.0,-0.37559808612440193,0.0,0.4442,0.329,0.414,0.5646,0.5123,0.6106,-0.12040000000000001,-0.18329999999999996,-0.19660000000000005,0
0.0,0.0,0.5,0.5,0,0,0.18461538461538463,8.079181246047625,8.812913356642856,-7.0,-5.0,79.5,0.0,0.0,0.0,0,-5,-10,-0.10000000000000142,-4.0,-200.0,0.050000000000000044,-0.04999999999999999,-0.38,-0.5,0.0,1.798,2.645,1.513,0.751,0.285,1.894,0.1019999999999999,-0.2449999999999999,1.082179702707457,0.9060118494310764,0.401214821926276,0.3351699403122077,0.5274,0.219,0.2516,0.7901,0.0668,0,0.52,0,0,0,25.1,38.0,0.0,7.0,-0.3397129186602871,0.0,0.4965,0.3635,0.4198,0.5646,0.5123,0.6106,-0.0681,-0.1488,-0.19080000000000003,1
0.0,0.0,0.5,0.5,0,0,1.1111111111111112,7.698970004336019,7.653212513775344,-2.5,-1.5,70.0,0.0,0.0,0.0,0,0,0,0.0,0.0,0.0,0.0,0.0,0.0,0.0,0.0,0.0,1.375,0.0,1.632,0.0,-0.257,0.0,0.125,0.0,1.078173606970716,0.0,0.5094932122544257,0.5604,0.3694,0.1723,0.8411,0.0493,0,0.45,0,0,0,25.0,23.9,0.0,0.0,0.028708133971291905,0.0,0.48,0.37,0.42,0.5315,0.3408,0.4142,-0.05149999999999999,0.029200000000000004,0.005799999999999972,1
0.0,0.0,0.5,0.5,0,0,13.0,8.812913356642856,7.698970004336019,12.5,8.5,86.0,0.0,0.0,0.0,0,5,10,0.10000000000000142,4.0,200.0,-0.050000000000000044,0.04999999999999999,0.38,0.5,0.0,2.645,0.0,0.751,0.0,1.894,0.0,-0.2449999999999999,0.0,0.9060118494310764,0.0,0.3351699403122077,0.0,0.5863,0.2673,0.1947,0.7823,0.0485,0,0.6,0,0,0,38.0,25.0,7.0,0.0,0.3421052631578947,0.0,0.5646,0.5123,0.6106,0.48,0.37,0.42,0.08460000000000001,0.14229999999999998,0.19060000000000005,0
0.0,0.0,0.5,0.5,0,0,2.6666666666666665,8.079181246047625,7.653212513775344,3.0,2.0,79.5,0.0,0.0,0.0,0,0,0,0.0,0.0,0.0,0.0,0.0,0.0,0.0,0.0,1.798,1.375,1.513,1.632,0.285,-0.257,0.1019999999999999,0.125,1.082179702707457,1.078173606970716,0.401214821926276,0.5094932122544257,0.5274,0.3694,0.2516,0.7901,0.0668,0,0.52,0,0,0,25.1,23.9,0.0,0.0,0.031100478468899517,0.0,0.4965,0.3635,0.4198,0.5315,0.3408,0.4142,-0.034999999999999976,0.022699999999999998,0.005599999999999994,0
0.0,0.0,0.5,0.5,0,0,14.444444444444445,8.812913356642856,7.653212513775344,10.0,7.0,86.0,0.0,0.0,0.0,0,5,10,0.10000000000000142,4.0,200.0,-0.050000000000000044,0.04999999999999999,0.38,0.5,0.0,2.645,1.375,0.751,1.632,1.894,-0.257,-0.2449999999999999,0.125,0.9060118494310764,1.078173606970716,0.3351699403122077,0.5094932122544257,0.5863,0.3694,0.1947,0.7823,0.0485,0,0.6,0,0,0,38.0,23.9,7.0,0.0,0.3708133971291866,0.0,0.5646,0.5123,0.6106,0.5315,0.3408,0.4142,0.03310000000000002,0.17149999999999999,0.19640000000000002,1
0.0,0.0,0.5,0.5,0,0,0.4166666666666667,7.698970004336019,8.079181246047625,-5.5,-3.5,70.0,0.0,0.0,0.0,0,0,0,0.0,0.0,0.0,0.0,0.0,0.0,0.0,0.0,0.0,1.798,0.0,1.513,0.0,0.285,0.0,0.1019999999999999,0.0,1.082179702707457,0.0,0.401214821926276,0.5604,0.221,0.1723,0.8411,0.0493,0,0.45,0,0,0,25.0,25.1,0.0,0.0,-0.0023923444976076125,0.0,0.48,0.37,0.42,0.4965,0.3635,0.4198,-0.016500000000000015,0.006500000000000006,0.00019999999999997797,1
0.0,0.0,0.5,0.5,0,0,5.555555555555555,9.0,8.255272505103306,6.5,2.0,87.5,0.0,0.0,0.0,5,11,15,0.3000000000000007,13.0,-2500.0,0.09999999999999998,-0.04000000000000001,0.41999999999999993,0.5,0.09999999999999998,2.451,2.008,0.825,1.38,1.626,0.6280000000000001,0.349,0.1919999999999999,1.1980330911358643,1.0959572566962812,0.3834478089938996,0.4442921961452345,0.6748,0.3453,0.1307,0.8196,0.0699,0,0.6,0,0,0,39.1,23.7,9.0,0.0,0.40430622009569395,0.0,0.64,0.5449,0.7004,0.4442,0.329,0.414,0.19580000000000003,0.21590000000000004,0.28640000000000004,1
0.0,0.0,0.5,0.5,0,0,4.25,8.929418925714293,8.301029995663981,6.799999999999997,1.0,87.5,0.0,0.0,0.0,1,-2,4,-1.0,3.0,0.0,0.04999999999999993,0.13999999999999999,0.48,0.6000000000000001,0.19999999999999996,2.592,1.599,0.939,1.173,1.653,0.426,0.108,0.1009999999999999,0.9731844800911872,0.9320745946735548,0.4399949494659632,0.3812100616603805,0.6413,0.2383,0.2269,0.7296,0.0546,0,0.67,1,0,0,42.3,25.6,12.0,1.0,0.4377990430622011,0.0,0.4564,0.5811,0.6325,0.4689,0.3119,0.418,-0.012500000000000011,0.26919999999999994,0.21449999999999997,1
0.0,0.0,0.5,0.5,0,0,1.1764705882352942,9.0,8.929418925714293,-0.29999999999999716,2.0,87.5,0.0,0.0,0.0,4,9,6,1.3000000000000007,10.0,-2500.0,0.050000000000000044,-0.18,-0.06000000000000005,-0.10000000000000009,-0.09999999999999998,2.451,2.592,0.825,0.939,1.626,1.653,0.349,0.108,1.1980330911358643,0.9731844800911872,0.3834478089938996,0.4399949494659632,0.6748,0.1318,0.1307,0.8196,0.0699,0,0.6,0,0,0,39.1,42.3,9.0,12.0,-0.08373205741626788,0.0,0.64,0.5449,0.7004,0.4564,0.5811,0.6325,0.18360000000000004,-0.0361999999999999,0.06790000000000007,0
0.0,0.0,0.5,0.5,0,0,0.9,8.255272505103306,8.301029995663981,0.0,1.0,80.5,0.0,0.0,0.0,0,-4,-5,0.0,0.0,0.0,0.0,0.0,0.0,0.0,0.0,2.008,1.599,1.38,1.173,0.6280000000000001,0.426,0.1919999999999999,0.1009999999999999,1.0959572566962812,0.9320745946735548,0.4442921961452345,0.3812100616603805,0.3957,0.2383,0.259,0.881,0.0469,0,0.6,0,0,0,23.7,25.6,0.0,1.0,-0.05023923444976075,0.0,0.4442,0.329,0.414,0.4689,0.3119,0.418,-0.0247,0.017100000000000004,-0.0040000000000000036,1
0.0,0.0,0.5,0.5,0,0,5.0,9.0,8.301029995663981,6.5,3.0,87.5,0.0,0.0,0.0,5,7,10,0.3000000000000007,13.0,-2500.0,0.09999999999999998,-0.04000000000000001,0.41999999999999993,0.5,0.09999999999999998,2.451,1.599,0.825,1.173,1.626,0.426,0.349,0.1009999999999999,1.1980330911358643,0.9320745946735548,0.3834478089938996,0.3812100616603805,0.6748,0.2383,0.1307,0.8196,0.0699,0,0.6,0,0,0,39.1,25.6,9.0,1.0,0.3540669856459332,0.0,0.64,0.5449,0.7004,0.4689,0.3119,0.418,0.17110000000000003,0.23300000000000004,0.28240000000000004,0
0.0,0.0,0.5,0.5,0,0,0.21176470588235294,8.255272505103306,8.929418925714293,-6.799999999999997,0.0,80.5,0.0,0.0,0.0,-1,-2,-9,1.0,-3.0,0.0,-0.04999999999999993,-0.13999999999999999,-0.48,-0.6000000000000001,-0.19999999999999996,2.008,2.592,1.38,0.939,0.6280000000000001,1.653,0.1919999999999999,0.108,1.0959572566962812,0.9731844800911872,0.4442921961452345,0.4399949494659632,0.3957,0.1318,0.259,0.881,0.0469,0,0.6,0,0,0,23.7,42.3,0.0,12.0,-0.4880382775119618,0.0,0.4442,0.329,0.414,0.4564,0.5811,0.6325,-0.012199999999999989,-0.25209999999999994,-0.21849999999999997,1
0.0,0.0,0.5,0.5,0,0,0.22727272727272727,7.698970004336019,8.342422680822207,-7.0,-3.5,70.0,0.0,0.0,0.0,0,0,-16,-0.3999999999999986,-11.0,7500.0,-0.29999999999999993,-0.24999999999999997,0.12,0.09999999999999987,0.050000000000000044,0.0,1.7739999999999998,0.0,1.399,0.0,0.375,0.0,-0.2739999999999999,0.0,0.8012143853944391,0.0,0.301485212462126,0.5587,0.215,0.2233,0.8282,0.0681,0,0.45,0,-2,-1,25.0,25.0,0.0,1.0,0.0,0.0,0.48,0.37,0.42,0.467,0.3049,0.3458,0.012999999999999956,0.06509999999999999,0.07419999999999999,1
0.0,0.0,0.5,0.5,0,0,0.8333333333333334,7.698970004336019,7.778151250383644,-2.5,-1.0,70.0,0.0,0.0,0.0,0,0,-5,0.0,0.0,0.0,0.0,0.0,0.0,0.0,0.0,0.0,1.372,0.0,1.892,0.0,-0.5199999999999999,0.0,0.628,0.0,1.5354699312272966,0.0,0.2863098554596634,0.0,0.0,0.0,0.0,0.0,0,0.45,0,-1,0,25.0,26.7,0.0,0.0,-0.045454545454545414,0.0,0.48,0.37,0.42,0.4658,0.3327,0.4275,0.01419999999999999,0.0373,-0.007500000000000007,0
0.0,0.0,0.5,0.5,0,0,20.0,9.0,7.698970004336019,13.5,7.0,87.5,0.0,0.0,0.0,5,11,21,0.3000000000000007,13.0,-2500.0,0.09999999999999998,-0.04000000000000001,0.41999999999999993,0.5,0.09999999999999998,2.451,0.0,0.825,0.0,1.626,0.0,0.349,0.0,1.1980330911358643,0.0,0.3834478089938996,0.0,0.6748,0.2179,0.1307,0.8196,0.0699,0,0.6,0,0,0,39.1,25.0,9.0,0.0,0.3708133971291867,0.0,0.64,0.5449,0.7004,0.48,0.37,0.42,0.16000000000000003,0.17490000000000006,0.28040000000000004,1
0.0,0.0,0.5,0.5,0,0,17.0,8.929418925714293,7.698970004336019,14.0,8.5,88.0,0.0,0.0,0.0,3,6,17,1.0,20.0,-1500.0,0.04999999999999993,-0.020000000000000004,0.44999999999999996,0.8000000000000003,0.19999999999999996,2.884,0.0,0.95,0.0,1.934,0.0,0.616,0.0,1.2457596956683417,0.0,0.4170851232062826,0.0,0.6331,0.2673,0.1742,0.6174,0.0833,1,0.71,2,1,1,36.3,25.0,7.0,0.0,0.2966507177033493,0.0,0.7222,0.6642,0.7,0.48,0.37,0.42,0.24219999999999997,0.2942,0.27999999999999997,1
0.0,0.0,0.5,0.5,0,0,20.0,9.0,7.698970004336019,13.5,7.0,87.5,0.0,0.0,0.0,5,11,21,0.3000000000000007,13.0,-2500.0,0.09999999999999998,-0.19,-0.030000000000000027,0.5,0.09999999999999998,2.451,0.0,0.825,0.0,1.626,0.0,0.349,0.0,1.1980330911358643,0.0,0.3834478089938996,0.0,0.6748,0.0,0.1307,0.8196,0.0699,0,0.6,0,0,0,39.1,25.0,9.0,0.0,0.3708133971291867,0.0,0.64,0.5449,0.7004,0.48,0.37,0.42,0.16000000000000003,0.17490000000000006,0.28040000000000004,1
0.0,0.0,0.5,0.5,0,0,1.3076923076923077,8.929418925714293,8.812913356642856,1.5,0.0,88.0,0.0,0.0,0.0,3,1,7,0.8999999999999986,16.0,-1700.0,0.09999999999999998,-0.06999999999999999,0.06999999999999995,0.30000000000000027,0.19999999999999996,2.884,2.645,0.95,0.751,1.934,1.894,0.616,-0.2449999999999999,1.2457596956683417,0.9060118494310764,0.4170851232062826,0.3351699403122077,0.6331,0.219,0.1742,0.6174,0.0833,1,0.71,2,1,1,36.3,38.0,7.0,7.0,-0.045454545454545414,0.0,0.7222,0.6642,0.7,0.5646,0.5123,0.6106,0.15759999999999996,0.15190000000000003,0.08939999999999992,1
0.0,0.0,0.5,0.5,0,0,20.0,9.0,7.698970004336019,13.5,7.0,87.5,0.0,0.0,0.0,5,11,21,0.3000000000000007,13.0,-2500.0,0.09999999999999998,-0.04000000000000001,0.41999999999999993,0.5,0.09999999999999998,2.451,0.0,0.825,0.0,1.626,0.0,0.349,0.0,1.1980330911358643,0.0,0.3834478089938996,0.0,0.6748,0.2673,0.1307,0.8196,0.0699,0,0.6,0,0,0,39.1,25.0,9.0,0.0,0.3708133971291867,0.0,0.64,0.5449,0.7004,0.48,0.37,0.42,0.16000000000000003,0.17490000000000006,0.28040000000000004,1
0.0,0.0,0.5,0.5,0,0,17.0,8.929418925714293,7.698970004336019,14.0,8.5,88.0,0.0,0.0,0.0,3,6,17,1.0,20.0,-1500.0,0.04999999999999993,-0.020000000000000004,0.44999999999999996,0.8000000000000003,0.19999999999999996,2.884,0.0,0.95,0.0,1.934,0.0,0.616,0.0,1.2457596956683417,0.0,0.4170851232062826,0.0,0.6331,0.2179,0.1742,0.6174,0.0833,1,0.71,2,1,1,36.3,25.0,7.0,0.0,0.2966507177033493,0.0,0.7222,0.6642,0.7,0.48,0.37,0.42,0.24219999999999997,0.2942,0.27999999999999997,1
0.0,0.0,0.5,0.5,0,0,0.8333333333333334,7.698970004336019,7.778151250383644,-2.5,-1.0,70.0,0.0,0.0,0.0,0,0,-5,0.0,0.0,0.0,0.0,0.0,0.0,0.0,0.0,0.0,1.372,0.0,1.892,0.0,-0.5199999999999999,0.0,0.628,0.0,1.5354699312272966,0.0,0.2863098554596634,0.5587,0.0,0.2233,0.8282,0.0681,0,0.45,0,-1,0,25.0,26.7,0.0,0.0,-0.045454545454545414,0.0,0.48,0.37,0.42,0.4658,0.3327,0.4275,0.01419999999999999,0.0373,-0.007500000000000007,1
0.0,0.0,0.5,0.5,0,0,0.22727272727272727,7.698970004336019,8.342422680822207,-7.0,-3.5,70.0,0.0,0.0,0.0,0,0,-16,-0.3999999999999986,-11.0,7500.0,-0.29999999999999993,-0.24999999999999997,0.12,0.09999999999999987,0.050000000000000044,0.0,1.7739999999999998,0.0,1.399,0.0,0.375,0.0,-0.2739999999999999,0.0,0.8012143853944391,0.0,0.301485212462126,0.0,0.215,0.0,0.0,0.0,0,0.45,0,-2,-1,25.0,25.0,0.0,1.0,0.0,0.0,0.48,0.37,0.42,0.467,0.3049,0.3458,0.012999999999999956,0.06509999999999999,0.07419999999999999,1
0.0,0.0,0.5,0.5,0,0,1.0,7.698970004336019,7.698970004336019,0.0,0.0,70.0,0.0,0.0,0.0,0,0,0,0.0,0.0,0.0,0.0,0.15,0.44999999999999996,0.0,0.0,0.0,0.0,0.0,0.0,0.0,0.0,0.0,0.0,0.0,0.0,0.0,0.0,0.0,0.2725,0.0,0.0,0.0,0,0.45,0,0,0,25.0,25.0,0.0,0.0,0.0,0.0,0.48,0.37,0.42,0.48,0.37,0.42,0.0,0.0,0.0,1
0.0,0.0,0.5,0.5,0,0,0.7727272727272727,8.929418925714293,9.041392685158225,-0.5,-1.0,88.0,0.0,0.0,0.0,1,-1,2,1.3000000000000007,10.0,-1300.0,0.04999999999999993,-0.020000000000000004,-0.07000000000000006,0.10000000000000009,0.09999999999999998,2.884,2.804,0.95,0.5599999999999999,1.934,2.244,0.616,0.296,1.2457596956683417,1.0649770760444726,0.4170851232062826,0.2852756951130297,0.6331,0.2349,0.1742,0.6174,0.0833,1,0.71,2,-2,0,36.3,42.2,7.0,12.0,-0.1555023923444976,0.0,0.7222,0.6642,0.7,0.6507,0.6107,0.6607,0.07150000000000001,0.05349999999999999,0.0393,1
0.0,0.0,0.5,0.5,0,0,22.0,9.041392685158225,7.698970004336019,14.5,9.5,89.0,0.0,0.0,0.0,2,7,15,-0.3000000000000007,10.0,-200.0,0.0,0.0,0.52,0.7000000000000002,0.09999999999999998,2.804,0.0,0.5599999999999999,0.0,2.244,0.0,0.296,0.0,1.0649770760444726,0.0,0.2852756951130297,0.0,0.7185,0.2725,0.05,0.6062,0.0885,3,0.68,2,3,1,42.2,25.0,12.0,0.0,0.45215311004784686,0.0,0.6507,0.6107,0.6607,0.48,0.37,0.42,0.17069999999999996,0.24070000000000003,0.24069999999999997,1
0.0,0.0,0.5,0.5,0,0,17.0,8.929418925714293,7.698970004336019,14.0,8.5,88.0,0.0,0.0,0.0,3,6,17,1.0,20.0,-1500.0,0.04999999999999993,-0.16999999999999998,0.0,0.8000000000000003,0.19999999999999996,2.884,0.0,0.95,0.0,1.934,0.0,0.616,0.0,1.2457596956683417,0.0,0.4170851232062826,0.0,0.6331,0.0,0.1742,0.6174,0.0833,1,0.71,2,1,1,36.3,25.0,7.0,0.0,0.2966507177033493,0.0,0.7222,0.6642,0.7,0.48,0.37,0.42,0.24219999999999997,0.2942,0.27999999999999997,0
0.0,0.0,0.5,0.5,0,0,1.0,7.698970004336019,7.698970004336019,0.0,0.0,70.0,0.0,0.0,0.0,0,0,-7,0.0,0.0,0.0,0.0,0.0,0.0,0.0,0.0,0.0,0.0,0.0,0.0,0.0,0.0,0.0,0.0,0.0,0.0,0.0,0.0,0.5587,0.2709,0.2233,0.8282,0.0681,0,0.45,0,0,0,25.0,25.0,0.0,0.0,0.0,0.0,0.48,0.37,0.42,0.48,0.37,0.42,0.0,0.0,0.0,0
0.0,0.0,0.5,0.5,0,0,1.0,7.698970004336019,7.698970004336019,0.0,0.0,70.0,0.0,0.0,0.0,0,0,0,0.0,0.0,0.0,0.0,0.15,0.44999999999999996,0.0,0.0,0.0,0.0,0.0,0.0,0.0,0.0,0.0,0.0,0.0,0.0,0.0,0.0,0.0,0.2673,0.0,0.0,0.0,0,0.45,0,0,0,25.0,25.0,0.0,0.0,0.0,0.0,0.48,0.37,0.42,0.48,0.37,0.42,0.0,0.0,0.0,0
0.0,0.0,0.5,0.5,0,0,1.0,7.698970004336019,7.698970004336019,0.0,0.0,70.0,0.0,0.0,0.0,0,0,-7,0.0,0.0,0.0,0.0,0.0,0.0,0.0,0.0,0.0,0.0,0.0,0.0,0.0,0.0,0.0,0.0,0.0,0.0,0.0,0.0,0.5604,0.2709,0.1723,0.8411,0.0493,0,0.45,0,0,0,25.0,25.0,0.0,0.0,0.0,0.0,0.48,0.37,0.42,0.48,0.37,0.42,0.0,0.0,0.0,0
0.0,0.0,0.5,0.5,0,0,1.0,7.698970004336019,7.698970004336019,0.0,0.0,70.0,0.0,0.0,0.0,0,0,0,0.0,0.0,0.0,0.0,0.15,0.44999999999999996,0.0,0.0,0.0,0.0,0.0,0.0,0.0,0.0,0.0,0.0,0.0,0.0,0.0,0.0,0.0,0.2179,0.0,0.0,0.0,0,0.45,0,0,0,25.0,25.0,0.0,0.0,0.0,0.0,0.48,0.37,0.42,0.48,0.37,0.42,0.0,0.0,0.0,0
0.0,0.0,0.5,0.5,0,0,1.0,7.698970004336019,7.698970004336019,0.0,0.0,70.0,0.0,0.0,0.0,0,0,0,0.0,0.0,0.0,0.0,0.0,0.0,0.0,0.0,0.0,0.0,0.0,0.0,0.0,0.0,0.0,0.0,0.0,0.0,0.0,0.0,0.0,0.0,0.0,0.0,0.0,0,0.45,0,0,0,25.0,25.0,0.0,0.0,0.0,0.0,0.48,0.37,0.42,0.48,0.37,0.42,0.0,0.0,0.0,0
0.0,0.0,0.5,0.5,0,0,1.0909090909090908,9.079181246047625,9.041392685158225,-0.5,-1.5,88.5,0.0,0.0,0.0,-1,-4,0,0.1999999999999993,-3.0,-300.0,0.0,0.18000000000000002,0.05999999999999994,-0.30000000000000004,0.0,2.341,2.804,1.067,0.5599999999999999,1.274,2.244,0.359,0.296,1.1426634743995732,1.0649770760444726,0.2724559087673128,0.2852756951130297,0.6109,0.2349,0.1611,0.6545,0.0492,0,0.62,1,-3,-1,42.2,42.2,12.0,12.0,0.0,0.0,0.458,0.5375,0.5466,0.6507,0.6107,0.6607,-0.19269999999999993,-0.07320000000000004,-0.11409999999999998,1
0.0,0.0,0.5,0.5,0,0,17.0,8.929418925714293,7.698970004336019,14.0,8.5,88.0,0.0,0.0,0.0,3,6,17,1.0,20.0,-1500.0,0.04999999999999993,-0.020000000000000004,0.44999999999999996,0.8000000000000003,0.19999999999999996,2.884,0.0,0.95,0.0,1.934,0.0,0.616,0.0,1.2457596956683417,0.0,0.4170851232062826,0.0,0.6331,0.0,0.1742,0.6174,0.0833,1,0.71,2,1,1,36.3,25.0,7.0,0.0,0.2966507177033493,0.0,0.7222,0.6642,0.7,0.48,0.37,0.42,0.24219999999999997,0.2942,0.27999999999999997,1
0.0,0.0,0.5,0.5,0,0,10.0,8.698970004336019,7.698970004336019,10.5,4.5,84.5,0.0,0.0,0.0,0,2,13,1.3000000000000007,15.0,300.0,-0.050000000000000044,-0.020000000000000004,0.35,0.20000000000000018,0.04999999999999999,2.002,0.0,1.323,0.0,0.6789999999999999,0.0,-0.1019999999999999,0.0,0.9431066534244954,0.0,0.3376651859131732,0.0,0.5783,0.2725,0.2167,0.8053,0.062,0,0.52,0,0,0,34.1,25.0,10.0,0.0,0.23923444976076558,0.0,0.4786,0.471,0.4919,0.48,0.37,0.42,-0.0013999999999999568,0.10099999999999998,0.07190000000000002,0
0.0,0.0,0.5,0.5,0,0,10.0,8.698970004336019,7.698970004336019,10.5,4.5,84.5,0.0,0.0,0.0,0,2,13,1.3000000000000007,15.0,300.0,-0.050000000000000044,-0.020000000000000004,0.35,0.20000000000000018,0.04999999999999999,2.002,0.0,1.323,0.0,0.6789999999999999,0.0,-0.1019999999999999,0.0,0.9431066534244954,0.0,0.3376651859131732,0.0,0.5783,0.0,0.2167,0.8053,0.062,0,0.52,0,0,0,34.1,25.0,10.0,0.0,0.23923444976076558,0.0,0.4786,0.471,0.4919,0.48,0.37,0.42,-0.0013999999999999568,0.10099999999999998,0.07190000000000002,1
0.0,0.0,0.5,0.5,0,0,17.0,8.929418925714293,7.698970004336019,14.0,8.5,88.0,0.0,0.0,0.0,3,6,17,1.0,20.0,-1500.0,0.04999999999999993,-0.020000000000000004,0.44999999999999996,0.8000000000000003,0.19999999999999996,2.884,0.0,0.95,0.0,1.934,0.0,0.616,0.0,1.2457596956683417,0.0,0.4170851232062826,0.0,0.6331,0.2725,0.1742,0.6174,0.0833,1,0.71,2,1,1,36.3,25.0,7.0,0.0,0.2966507177033493,0.0,0.7222,0.6642,0.7,0.48,0.37,0.42,0.24219999999999997,0.2942,0.27999999999999997,1
0.0,0.0,0.5,0.5,0,0,1.0,7.698970004336019,7.698970004336019,0.0,0.0,70.0,0.0,0.0,0.0,0,0,0,0.0,0.0,0.0,0.0,0.0,0.0,0.0,0.0,0.0,0.0,0.0,0.0,0.0,0.0,0.0,0.0,0.0,0.0,0.0,0.0,0.3973,0.0,0.3302,0.8774,0.0839,0,0.45,0,0,0,25.0,25.0,0.0,0.0,0.0,0.0,0.48,0.37,0.42,0.48,0.37,0.42,0.0,0.0,0.0,1
0.0,0.0,0.5,0.5,0,0,1.7,8.929418925714293,8.698970004336019,3.5,4.0,88.0,0.0,0.0,0.0,3,4,4,-0.3000000000000007,5.0,-1800.0,0.09999999999999998,0.0,0.09999999999999998,0.6000000000000001,0.14999999999999997,2.884,2.002,0.95,1.323,1.934,0.6789999999999999,0.616,-0.1019999999999999,1.2457596956683417,0.9431066534244954,0.4170851232062826,0.3376651859131732,0.6331,0.205,0.1742,0.6174,0.0833,1,0.71,2,1,1,36.3,34.1,7.0,10.0,0.0574162679425837,0.0,0.7222,0.6642,0.7,0.4786,0.471,0.4919,0.24359999999999993,0.19320000000000004,0.20809999999999995,0
0.0,0.0,0.5,0.5,0,0,0.2777777777777778,7.698970004336019,8.255272505103306,-7.0,-5.0,70.0,0.0,0.0,0.0,0,0,-6,0.0,0.0,0.0,0.0,0.0,0.0,0.0,0.0,0.0,2.008,0.0,1.38,0.0,0.6280000000000001,0.0,0.1919999999999999,0.0,1.0959572566962812,0.0,0.4442921961452345,0.0,0.3453,0.0,0.0,0.0,0,0.45,0,0,0,25.0,23.7,0.0,0.0,0.03349282296650724,0.0,0.48,0.37,0.42,0.4442,0.329,0.414,0.0358,0.04099999999999998,0.006000000000000005,1
0.0,0.0,0.5,0.5,0,0,3.0,8.176091259055681,7.698970004336019,6.0,3.0,80.0,0.0,0.0,0.0,0,0,3,0.0,0.0,0.0,0.0,0.0,0.0,0.0,0.0,1.593,0.0,1.442,0.0,0.151,0.0,0.207,0.0,1.1826885206737323,0.0,0.3051793643817426,0.0,0.4962,0.232,0.2401,0.8887,0.0526,1,0.5,0,1,0,25.7,25.0,1.0,0.0,0.019138755980861233,0.0,0.4742,0.3144,0.4331,0.48,0.37,0.42,-0.005799999999999972,-0.05559999999999998,0.0131,1
0.0,0.0,0.5,0.5,0,0,0.8333333333333334,8.176091259055681,8.255272505103306,-1.0,-2.0,80.0,0.0,0.0,0.0,0,0,-3,0.0,0.0,0.0,0.0,0.0,0.0,0.0,0.0,1.593,2.008,1.442,1.38,0.151,0.6280000000000001,0.207,0.1919999999999999,1.1826885206737323,1.0959572566962812,0.3051793643817426,0.4442921961452345,0.4962,0.3453,0.2401,0.8887,0.0526,1,0.5,0,1,0,25.7,23.7,1.0,0.0,0.052631578947368474,0.0,0.4742,0.3144,0.4331,0.4442,0.329,0.414,0.030000000000000027,-0.014600000000000002,0.019100000000000006,0
0.0,0.0,0.5,0.5,0,0,1.0,7.698970004336019,7.698970004336019,0.0,0.0,70.0,0.0,0.0,0.0,0,0,0,0.0,0.0,0.0,0.0,0.0,0.0,0.0,0.0,0.0,0.0,0.0,0.0,0.0,0.0,0.0,0.0,0.0,0.0,0.0,0.0,0.0,0.232,0.0,0.0,0.0,0,0.45,0,0,0,25.0,25.0,0.0,0.0,0.0,0.0,0.48,0.37,0.42,0.48,0.37,0.42,0.0,0.0,0.0,1
0.0,0.0,0.5,0.5,0,0,0.2777777777777778,7.698970004336019,8.255272505103306,-7.0,-5.0,70.0,0.0,0.0,0.0,0,0,-6,0.0,0.0,0.0,0.0,0.0,0.0,0.0,0.0,0.0,2.008,0.0,1.38,0.0,0.6280000000000001,0.0,0.1919999999999999,0.0,1.0959572566962812,0.0,0.4442921961452345,0.4794,0.3453,0.2886,0.8789,0.0804,0,0.45,0,0,0,25.0,23.7,0.0,0.0,0.03349282296650724,0.0,0.48,0.37,0.42,0.4442,0.329,0.414,0.0358,0.04099999999999998,0.006000000000000005,0
0.0,0.0,0.5,0.5,0,0,0.3333333333333333,7.698970004336019,8.176091259055681,-6.0,-3.0,70.0,0.0,0.0,0.0,0,0,-3,0.0,0.0,0.0,0.0,0.0,0.0,0.0,0.0,0.0,1.593,0.0,1.442,0.0,0.151,0.0,0.207,0.0,1.1826885206737323,0.0,0.3051793643817426,0.0,0.2637,0.0,0.0,0.0,0,0.45,0,-1,0,25.0,25.7,0.0,1.0,-0.019138755980861233,0.0,0.48,0.37,0.42,0.4742,0.3144,0.4331,0.005799999999999972,0.05559999999999998,-0.0131,0
0.0,0.0,0.5,0.5,0,0,1.0,7.698970004336019,7.698970004336019,0.0,0.0,70.0,0.0,0.0,0.0,0,0,-7,0.0,0.0,0.0,0.0,0.15,0.44999999999999996,0.0,0.0,0.0,0.0,0.0,0.0,0.0,0.0,0.0,0.0,0.0,0.0,0.0,0.0,0.0,0.2709,0.0,0.0,0.0,0,0.45,0,0,0,25.0,25.0,0.0,0.0,0.0,0.0,0.48,0.37,0.42,0.48,0.37,0.42,0.0,0.0,0.0,0
0.0,0.0,0.5,0.5,0,0,1.0,7.698970004336019,7.698970004336019,0.0,0.0,70.0,0.0,0.0,0.0,0,0,0,0.0,0.0,0.0,0.0,0.0,0.0,0.0,0.0,0.0,0.0,0.0,0.0,0.0,0.0,0.0,0.0,0.0,0.0,0.0,0.0,0.5587,0.2673,0.2233,0.8282,0.0681,0,0.45,0,0,0,25.0,25.0,0.0,0.0,0.0,0.0,0.48,0.37,0.42,0.48,0.37,0.42,0.0,0.0,0.0,1
0.0,0.0,0.5,0.5,0,0,0.1,7.698970004336019,8.698970004336019,-10.5,-4.5,70.0,0.0,0.0,0.0,0,-2,-13,-1.3000000000000007,-15.0,-300.0,0.050000000000000044,0.020000000000000004,-0.35,-0.20000000000000018,-0.04999999999999999,0.0,2.002,0.0,1.323,0.0,0.6789999999999999,0.0,-0.1019999999999999,0.0,0.9431066534244954,0.0,0.3376651859131732,0.5587,0.205,0.2233,0.8282,0.0681,0,0.45,0,0,0,25.0,34.1,0.0,10.0,-0.23923444976076558,0.0,0.48,0.37,0.42,0.4786,0.471,0.4919,0.0013999999999999568,-0.10099999999999998,-0.07190000000000002,1
0.0,0.0,0.5,0.5,0,0,10.0,8.698970004336019,7.698970004336019,10.5,4.5,84.5,0.0,0.0,0.0,0,2,13,1.3000000000000007,15.0,300.0,-0.050000000000000044,-0.020000000000000004,0.35,0.20000000000000018,0.04999999999999999,2.002,0.0,1.323,0.0,0.6789999999999999,0.0,-0.1019999999999999,0.0,0.9431066534244954,0.0,0.3376651859131732,0.0,0.5783,0.0,0.2167,0.8053,0.062,0,0.52,0,0,0,34.1,25.0,10.0,0.0,0.23923444976076558,0.0,0.4786,0.471,0.4919,0.48,0.37,0.42,-0.0013999999999999568,0.10099999999999998,0.07190000000000002,0
0.0,0.0,0.5,0.5,0,0,1.0,7.698970004336019,7.698970004336019,0.0,0.0,70.0,0.0,0.0,0.0,0,0,0,0.0,0.0,0.0,0.0,0.0,0.0,0.0,0.0,0.0,0.0,0.0,0.0,0.0,0.0,0.0,0.0,0.0,0.0,0.0,0.0,0.0,0.2179,0.0,0.0,0.0,0,0.45,0,0,0,25.0,25.0,0.0,0.0,0.0,0.0,0.48,0.37,0.42,0.48,0.37,0.42,0.0,0.0,0.0,0
0.0,0.0,0.5,0.5,0,0,0.041666666666666664,7.698970004336019,9.079181246047625,-14.0,-8.0,70.0,0.0,0.0,0.0,-1,-3,-15,0.10000000000000142,-7.0,500.0,0.0,-0.18000000000000002,-0.58,-0.40000000000000013,-0.09999999999999998,0.0,2.341,0.0,1.067,0.0,1.274,0.0,0.359,0.0,1.1426634743995732,0.0,0.2724559087673128,0.0,0.228,0.0,0.0,0.0,0,0.45,0,0,0,25.0,42.2,0.0,12.0,-0.45215311004784686,0.0,0.48,0.37,0.42,0.458,0.5375,0.5466,0.021999999999999964,-0.16749999999999998,-0.1266,0
0.0,0.0,0.5,0.5,0,0,0.058823529411764705,7.698970004336019,8.929418925714293,-13.799999999999997,-5.0,70.0,0.0,0.0,0.0,-1,-2,-15,1.0,-3.0,0.0,-0.04999999999999993,-0.13999999999999999,-0.48,-0.6000000000000001,-0.19999999999999996,0.0,2.592,0.0,0.939,0.0,1.653,0.0,0.108,0.0,0.9731844800911872,0.0,0.4399949494659632,0.0,0.1318,0.0,0.0,0.0,0,0.45,0,0,0,25.0,42.3,0.0,12.0,-0.4545454545454546,0.0,0.48,0.37,0.42,0.4564,0.5811,0.6325,0.02360000000000001,-0.21109999999999995,-0.21249999999999997,1
0.0,0.0,0.5,0.5,0,0,0.7083333333333334,8.929418925714293,9.079181246047625,-0.20000000000000284,-3.0,87.5,0.0,0.0,0.0,0,-1,0,-0.8999999999999986,-4.0,500.0,0.04999999999999993,-0.040000000000000036,-0.09999999999999998,0.19999999999999996,0.09999999999999998,2.592,2.341,0.939,1.067,1.653,1.274,0.108,0.359,0.9731844800911872,1.1426634743995732,0.4399949494659632,0.2724559087673128,0.6413,0.228,0.2269,0.7296,0.0546,0,0.67,1,0,0,42.3,42.2,12.0,12.0,0.0023923444976077235,0.0,0.4564,0.5811,0.6325,0.458,0.5375,0.5466,-0.0016000000000000458,0.04359999999999997,0.08589999999999998,0
0.0,0.0,0.5,0.5,0,0,0.058823529411764705,7.698970004336019,8.929418925714293,-14.0,-8.5,70.0,0.0,0.0,0.0,-3,-6,-17,-1.0,-20.0,1500.0,-0.04999999999999993,0.16999999999999998,0.0,-0.8000000000000003,-0.19999999999999996,0.0,2.884,0.0,0.95,0.0,1.934,0.0,0.616,0.0,1.2457596956683417,0.0,0.4170851232062826,0.0,0.1927,0.0,0.0,0.0,0,0.45,0,-1,-1,25.0,36.3,0.0,7.0,-0.2966507177033493,0.0,0.48,0.37,0.42,0.7222,0.6642,0.7,-0.24219999999999997,-0.2942,-0.27999999999999997,1
0.0,0.0,0.5,0.5,0,0,0.85,8.929418925714293,9.0,0.5,1.5,88.0,0.0,0.0,0.0,-2,-5,-4,0.6999999999999993,7.0,1000.0,-0.050000000000000044,0.020000000000000004,0.030000000000000027,0.30000000000000027,0.09999999999999998,2.884,2.451,0.95,0.825,1.934,1.626,0.616,0.349,1.2457596956683417,1.1980330911358643,0.4170851232062826,0.3834478089938996,0.6331,0.1945,0.1742,0.6174,0.0833,1,0.71,2,1,1,36.3,39.1,7.0,9.0,-0.07416267942583743,0.0,0.7222,0.6642,0.7,0.64,0.5449,0.7004,0.08219999999999994,0.11929999999999996,-0.00040000000000006697,0
0.0,0.0,0.5,0.5,0,0,0.05,7.698970004336019,9.0,-13.5,-7.0,70.0,0.0,0.0,0.0,-5,-11,-21,-0.3000000000000007,-13.0,2500.0,-0.09999999999999998,0.19,0.030000000000000027,-0.5,-0.09999999999999998,0.0,2.451,0.0,0.825,0.0,1.626,0.0,0.349,0.0,1.1980330911358643,0.0,0.3834478089938996,0.0,0.1945,0.0,0.0,0.0,0,0.45,0,0,0,25.0,39.1,0.0,9.0,-0.3708133971291867,0.0,0.48,0.37,0.42,0.64,0.5449,0.7004,-0.16000000000000003,-0.17490000000000006,-0.28040000000000004,1
0.0,0.0,0.5,0.5,0,0,0.16363636363636364,8.255272505103306,9.041392685158225,-7.5,-4.5,80.5,0.0,0.0,0.0,-2,-7,-9,0.3000000000000007,-10.0,200.0,0.0,0.0,-0.52,-0.7000000000000002,-0.09999999999999998,2.008,2.804,1.38,0.5599999999999999,0.6280000000000001,2.244,0.1919999999999999,0.296,1.0959572566962812,1.0649770760444726,0.4442921961452345,0.2852756951130297,0.3957,0.2349,0.259,0.881,0.0469,0,0.6,0,-3,-1,23.7,42.2,0.0,12.0,-0.4856459330143541,0.0,0.4442,0.329,0.414,0.6507,0.6107,0.6607,-0.20649999999999996,-0.2817,-0.24669999999999997,0
0.0,0.0,0.5,0.5,0,0,3.6,8.255272505103306,7.698970004336019,7.0,5.0,80.5,0.0,0.0,0.0,0,0,6,0.0,0.0,0.0,0.0,0.0,0.0,0.0,0.0,2.008,0.0,1.38,0.0,0.6280000000000001,0.0,0.1919999999999999,0.0,1.0959572566962812,0.0,0.4442921961452345,0.0,0.3957,0.0,0.259,0.881,0.0469,0,0.6,0,0,0,23.7,25.0,0.0,0.0,-0.03349282296650724,0.0,0.4442,0.329,0.414,0.48,0.37,0.42,-0.0358,-0.04099999999999998,-0.006000000000000005,0
0.0,0.0,0.5,0.5,0,0,22.0,9.041392685158225,7.698970004336019,14.5,9.5,89.0,0.0,0.0,0.0,2,7,15,-0.3000000000000007,10.0,-200.0,0.0,0.0,0.52,0.7000000000000002,0.09999999999999998,2.804,0.0,0.5599999999999999,0.0,2.244,0.0,0.296,0.0,1.0649770760444726,0.0,0.2852756951130297,0.0,0.7185,0.0,0.05,0.6062,0.0885,3,0.68,2,3,1,42.2,25.0,12.0,0.0,0.45215311004784686,0.0,0.6507,0.6107,0.6607,0.48,0.37,0.42,0.17069999999999996,0.24070000000000003,0.24069999999999997,1
0.0,0.0,0.5,0.5,0,0,1.0,7.698970004336019,7.698970004336019,0.0,0.0,70.0,0.0,0.0,0.0,0,0,0,0.0,0.0,0.0,0.0,-0.15,-0.44999999999999996,0.0,0.0,0.0,0.0,0.0,0.0,0.0,0.0,0.0,0.0,0.0,0.0,0.0,0.0,0.5587,0.0,0.2233,0.8282,0.0681,0,0.45,0,0,0,25.0,25.0,0.0,0.0,0.0,0.0,0.48,0.37,0.42,0.48,0.37,0.42,0.0,0.0,0.0,0
0.0,0.0,0.5,0.5,0,0,0.045454545454545456,7.698970004336019,9.041392685158225,-14.5,-9.5,70.0,0.0,0.0,0.0,-2,-7,-15,0.3000000000000007,-10.0,200.0,0.0,0.0,-0.52,-0.7000000000000002,-0.09999999999999998,0.0,2.804,0.0,0.5599999999999999,0.0,2.244,0.0,0.296,0.0,1.0649770760444726,0.0,0.2852756951130297,0.0,0.2349,0.0,0.0,0.0,0,0.45,0,-3,-1,25.0,42.2,0.0,12.0,-0.45215311004784686,0.0,0.48,0.37,0.42,0.6507,0.6107,0.6607,-0.17069999999999996,-0.24070000000000003,-0.24069999999999997,0
0.0,0.0,0.5,0.5,0,0,0.045454545454545456,7.698970004336019,9.041392685158225,-14.5,-9.5,70.0,0.0,0.0,0.0,-2,-7,-15,0.3000000000000007,-10.0,200.0,0.0,0.0,-0.52,-0.7000000000000002,-0.09999999999999998,0.0,2.804,0.0,0.5599999999999999,0.0,2.244,0.0,0.296,0.0,1.0649770760444726,0.0,0.2852756951130297,0.5587,0.2349,0.2233,0.8282,0.0681,0,0.45,0,-3,-1,25.0,42.2,0.0,12.0,-0.45215311004784686,0.0,0.48,0.37,0.42,0.6507,0.6107,0.6607,-0.17069999999999996,-0.24070000000000003,-0.24069999999999997,1
0.0,0.0,0.5,0.5,0,0,1.0,7.698970004336019,7.698970004336019,0.0,0.0,70.0,0.0,0.0,0.0,0,0,0,0.0,0.0,0.0,0.0,0.15,0.44999999999999996,0.0,0.0,0.0,0.0,0.0,0.0,0.0,0.0,0.0,0.0,0.0,0.0,0.0,0.0,0.0,0.0,0.0,0.0,0.0,0,0.45,0,0,0,25.0,25.0,0.0,0.0,0.0,0.0,0.48,0.37,0.42,0.48,0.37,0.42,0.0,0.0,0.0,1
0.0,0.0,0.5,0.5,0,0,24.0,9.079181246047625,7.698970004336019,14.0,8.0,88.5,0.0,0.0,0.0,1,3,15,-0.10000000000000142,7.0,-500.0,0.0,0.18000000000000002,0.58,0.40000000000000013,0.09999999999999998,2.341,0.0,1.067,0.0,1.274,0.0,0.359,0.0,1.1426634743995732,0.0,0.2724559087673128,0.0,0.6109,0.0,0.1611,0.6545,0.0492,0,0.62,1,0,0,42.2,25.0,12.0,0.0,0.45215311004784686,0.0,0.458,0.5375,0.5466,0.48,0.37,0.42,-0.021999999999999964,0.16749999999999998,0.1266,1
0.0,0.0,0.5,0.5,0,0,22.0,9.041392685158225,7.698970004336019,14.5,9.5,89.0,0.0,0.0,0.0,2,7,15,-0.3000000000000007,10.0,-200.0,0.0,0.0,0.52,0.7000000000000002,0.09999999999999998,2.804,0.0,0.5599999999999999,0.0,2.244,0.0,0.296,0.0,1.0649770760444726,0.0,0.2852756951130297,0.0,0.7185,0.0,0.05,0.6062,0.0885,3,0.68,2,3,1,42.2,25.0,12.0,0.0,0.45215311004784686,0.0,0.6507,0.6107,0.6607,0.48,0.37,0.42,0.17069999999999996,0.24070000000000003,0.24069999999999997,1
0.0,0.0,0.5,0.5,0,0,22.0,9.041392685158225,7.698970004336019,14.5,9.5,89.0,0.0,0.0,0.0,2,7,15,-0.3000000000000007,10.0,-200.0,0.0,0.0,0.52,0.7000000000000002,0.09999999999999998,2.804,0.0,0.5599999999999999,0.0,2.244,0.0,0.296,0.0,1.0649770760444726,0.0,0.2852756951130297,0.0,0.7185,0.0,0.05,0.6062,0.0885,3,0.68,2,3,1,42.2,25.0,12.0,0.0,0.45215311004784686,0.0,0.6507,0.6107,0.6607,0.48,0.37,0.42,0.17069999999999996,0.24070000000000003,0.24069999999999997,0
0.0,0.0,0.5,0.5,0,0,24.0,9.079181246047625,7.698970004336019,14.0,8.0,88.5,0.0,0.0,0.0,1,3,15,-0.10000000000000142,7.0,-500.0,0.0,0.18000000000000002,0.58,0.40000000000000013,0.09999999999999998,2.341,0.0,1.067,0.0,1.274,0.0,0.359,0.0,1.1426634743995732,0.0,0.2724559087673128,0.0,0.6109,0.0,0.1611,0.6545,0.0492,0,0.62,1,0,0,42.2,25.0,12.0,0.0,0.45215311004784686,0.0,0.458,0.5375,0.5466,0.48,0.37,0.42,-0.021999999999999964,0.16749999999999998,0.1266,1
0.0,0.0,0.5,0.5,0,0,17.0,8.929418925714293,7.698970004336019,13.799999999999997,5.0,87.5,0.0,0.0,0.0,1,2,15,-1.0,3.0,0.0,0.04999999999999993,0.13999999999999999,0.48,0.6000000000000001,0.19999999999999996,2.592,0.0,0.939,0.0,1.653,0.0,0.108,0.0,0.9731844800911872,0.0,0.4399949494659632,0.0,0.6413,0.0,0.2269,0.7296,0.0546,0,0.67,1,0,0,42.3,25.0,12.0,0.0,0.4545454545454546,0.0,0.4564,0.5811,0.6325,0.48,0.37,0.42,-0.02360000000000001,0.21109999999999995,0.21249999999999997,0
0.0,0.0,0.5,0.5,0,0,1.0,7.698970004336019,7.698970004336019,0.0,0.0,70.0,0.0,0.0,0.0,0,0,0,0.0,0.0,0.0,0.0,0.0,0.0,0.0,0.0,0.0,0.0,0.0,0.0,0.0,0.0,0.0,0.0,0.0,0.0,0.0,0.0,0.0,0.0,0.0,0.0,0.0,0,0.45,0,0,0,25.0,25.0,0.0,0.0,0.0,0.0,0.48,0.37,0.42,0.48,0.37,0.42,0.0,0.0,0.0,0
0.0,0.0,0.5,0.5,0,0,17.0,8.929418925714293,7.698970004336019,13.799999999999997,5.0,87.5,0.0,0.0,0.0,1,2,15,-1.0,3.0,0.0,0.04999999999999993,0.13999999999999999,0.48,0.6000000000000001,0.19999999999999996,2.592,0.0,0.939,0.0,1.653,0.0,0.108,0.0,0.9731844800911872,0.0,0.4399949494659632,0.0,0.6413,0.0,0.2269,0.7296,0.0546,0,0.67,1,0,0,42.3,25.0,12.0,0.0,0.4545454545454546,0.0,0.4564,0.5811,0.6325,0.48,0.37,0.42,-0.02360000000000001,0.21109999999999995,0.21249999999999997,1
0.0,0.0,0.5,0.5,0,0,1.0,7.698970004336019,7.698970004336019,0.0,0.0,70.0,0.0,0.0,0.0,0,0,0,0.0,0.0,0.0,0.0,0.0,0.0,0.0,0.0,0.0,0.0,0.0,0.0,0.0,0.0,0.0,0.0,0.0,0.0,0.0,0.0,0.0,0.0,0.0,0.0,0.0,0,0.45,0,0,0,25.0,25.0,0.0,0.0,0.0,0.0,0.48,0.37,0.42,0.48,0.37,0.42,0.0,0.0,0.0,0
0.0,0.0,0.5,0.5,0,0,1.0,7.698970004336019,7.698970004336019,0.0,0.0,70.0,0.0,0.0,0.0,0,0,0,0.0,0.0,0.0,0.0,0.0,0.0,0.0,0.0,0.0,0.0,0.0,0.0,0.0,0.0,0.0,0.0,0.0,0.0,0.0,0.0,0.0,0.0,0.0,0.0,0.0,0,0.45,0,0,0,25.0,25.0,0.0,0.0,0.0,0.0,0.48,0.37,0.42,0.48,0.37,0.42,0.0,0.0,0.0,0
0.0,0.0,0.5,0.5,0,0,17.0,8.929418925714293,7.698970004336019,13.799999999999997,5.0,87.5,0.0,0.0,0.0,1,2,15,-1.0,3.0,0.0,0.04999999999999993,0.13999999999999999,0.48,0.6000000000000001,0.19999999999999996,2.592,0.0,0.939,0.0,1.653,0.0,0.108,0.0,0.9731844800911872,0.0,0.4399949494659632,0.0,0.6413,0.0,0.2269,0.7296,0.0546,0,0.67,1,0,0,42.3,25.0,12.0,0.0,0.4545454545454546,0.0,0.4564,0.5811,0.6325,0.48,0.37,0.42,-0.02360000000000001,0.21109999999999995,0.21249999999999997,0
0.0,0.0,0.5,0.5,0,0,20.0,9.0,7.698970004336019,13.5,7.0,87.5,0.0,0.0,0.0,5,11,21,0.3000000000000007,13.0,-2500.0,0.09999999999999998,-0.04000000000000001,0.41999999999999993,0.5,0.09999999999999998,2.451,0.0,0.825,0.0,1.626,0.0,0.349,0.0,1.1980330911358643,0.0,0.3834478089938996,0.0,0.6748,0.0,0.1307,0.8196,0.0699,0,0.6,0,0,0,39.1,25.0,9.0,0.0,0.3708133971291867,0.0,0.64,0.5449,0.7004,0.48,0.37,0.42,0.16000000000000003,0.17490000000000006,0.28040000000000004,1
0.0,0.0,0.5,0.5,0,0,4.8,8.079181246047625,7.3979400086720375,6.5,3.5,79.5,0.0,0.0,0.0,0,0,-1,0.0,0.0,0.0,0.0,0.0,0.0,0.0,0.0,1.798,1.105,1.513,1.845,0.285,-0.74,0.1019999999999999,0.195,1.082179702707457,1.20716299119675,0.401214821926276,0.3729238826117498,0.5274,0.0,0.2516,0.7901,0.0668,0,0.52,0,0,0,25.1,24.7,0.0,1.0,0.009569377990430672,0.0,0.4965,0.3635,0.4198,0.4839,0.3485,0.4356,0.0126,0.015000000000000013,-0.01579999999999998,1
0.0,0.0,0.5,0.5,0,0,8.333333333333334,9.0,8.079181246047625,8.0,3.5,87.5,0.0,0.0,0.0,5,11,21,0.3000000000000007,13.0,-2500.0,0.09999999999999998,-0.04000000000000001,0.41999999999999993,0.5,0.09999999999999998,2.451,1.798,0.825,1.513,1.626,0.285,0.349,0.1019999999999999,1.1980330911358643,1.082179702707457,0.3834478089938996,0.401214821926276,0.6748,0.221,0.1307,0.8196,0.0699,0,0.6,0,0,0,39.1,25.1,9.0,0.0,0.3684210526315791,0.0,0.64,0.5449,0.7004,0.4965,0.3635,0.4198,0.14350000000000002,0.18140000000000006,0.2806,1
0.0,0.0,0.5,0.5,0,0,2.0,7.698970004336019,7.3979400086720375,1.0,0.0,70.0,0.0,0.0,0.0,0,0,-1,0.0,0.0,0.0,0.0,0.0,0.0,0.0,0.0,0.0,1.105,0.0,1.845,0.0,-0.74,0.0,0.195,0.0,1.20716299119675,0.0,0.3729238826117498,0.0,0.0,0.0,0.0,0.0,0,0.45,0,0,0,25.0,24.7,0.0,1.0,0.0071770334928230595,0.0,0.48,0.37,0.42,0.4839,0.3485,0.4356,-0.0039000000000000146,0.02150000000000002,-0.015600000000000003,1
0.0,0.0,0.5,0.5,0,0,0.4166666666666667,7.698970004336019,8.079181246047625,-5.5,-3.5,70.0,0.0,0.0,0.0,0,0,0,0.0,0.0,0.0,0.0,0.0,0.0,0.0,0.0,0.0,1.798,0.0,1.513,0.0,0.285,0.0,0.1019999999999999,0.0,1.082179702707457,0.0,0.401214821926276,0.0,0.221,0.0,0.0,0.0,0,0.45,0,0,0,25.0,25.1,0.0,0.0,-0.0023923444976076125,0.0,0.48,0.37,0.42,0.4965,0.3635,0.4198,-0.016500000000000015,0.006500000000000006,0.00019999999999997797,0
0.0,0.0,0.5,0.5,0,0,40.0,9.0,7.3979400086720375,14.5,7.0,87.5,0.0,0.0,0.0,5,11,20,0.3000000000000007,13.0,-2500.0,0.09999999999999998,-0.04000000000000001,0.41999999999999993,0.5,0.09999999999999998,2.451,1.105,0.825,1.845,1.626,-0.74,0.349,0.195,1.1980330911358643,1.20716299119675,0.3834478089938996,0.3729238826117498,0.6748,0.0,0.1307,0.8196,0.0699,0,0.6,0,0,0,39.1,24.7,9.0,1.0,0.37799043062200977,0.0,0.64,0.5449,0.7004,0.4839,0.3485,0.4356,0.15610000000000002,0.19640000000000007,0.26480000000000004,1
0.0,0.0,0.5,0.5,0,0,1.0,7.698970004336019,7.698970004336019,0.0,0.0,70.0,0.0,0.0,0.0,0,0,0,0.0,0.0,0.0,0.0,0.0,0.0,0.0,0.0,0.0,0.0,0.0,0.0,0.0,0.0,0.0,0.0,0.0,0.0,0.0,0.0,0.5263,0.0,0.2429,0.8909,0.0788,0,0.45,0,0,0,25.0,25.0,0.0,0.0,0.0,0.0,0.48,0.37,0.42,0.48,0.37,0.42,0.0,0.0,0.0,1
0.0,0.0,0.5,0.5,0,0,0.26666666666666666,8.079181246047625,8.653212513775344,-4.5,-5.5,79.5,0.0,0.0,0.0,-2,-5,-13,0.5,-6.0,1500.0,-0.04999999999999993,0.020000000000000004,-0.25,-0.30000000000000004,-0.09999999999999998,1.798,2.161,1.513,1.17,0.285,0.991,0.1019999999999999,0.439,1.082179702707457,1.0807602735652382,0.401214821926276,0.5795295026523193,0.5274,0.172,0.2516,0.7901,0.0668,0,0.52,0,0,0,25.1,36.8,0.0,3.0,-0.30861244019138745,0.0,0.4965,0.3635,0.4198,0.5314,0.501,0.5217,-0.03489999999999999,-0.1375,-0.10190000000000005,0
0.0,0.0,0.5,0.5,0,0,7.0,8.544068044350276,7.698970004336019,9.0,4.0,83.0,0.0,0.0,0.0,0,1,5,0.0,4.0,500.0,0.09999999999999998,-0.020000000000000004,0.28,0.0,0.15000000000000002,1.7559999999999998,0.0,1.164,0.0,0.592,0.0,0.244,0.0,1.1196847912652483,0.0,0.1581981879373676,0.0,0.5143,0.2179,0.2606,0.8589,0.0712,1,0.64,0,1,1,32.5,25.0,5.0,0.0,0.19617224880382766,0.0,0.6861,0.3787,0.5068,0.48,0.37,0.42,0.20610000000000006,0.008699999999999986,0.08680000000000004,0
0.0,0.0,0.5,0.5,0,0,0.75,8.954242509439325,9.079181246047625,-0.5,-1.5,87.0,0.0,0.0,0.0,-1,-1,-8,0.8000000000000007,6.0,500.0,0.04999999999999993,-0.16000000000000003,-0.17999999999999994,0.5999999999999999,0.0,2.591,2.341,0.97,1.067,1.621,1.274,0.709,0.359,1.1798394922132849,1.1426634743995732,0.3362356977544835,0.2724559087673128,0.692,0.228,0.1045,0.6599,0.0657,0,0.65,0,0,0,39.1,42.2,7.0,12.0,-0.08133971291866016,0.0,0.6152,0.5548,0.5951,0.458,0.5375,0.5466,0.15719999999999995,0.017299999999999982,0.04849999999999999,1
0.0,0.0,0.5,0.5,0,0,3.4285714285714284,9.079181246047625,8.544068044350276,5.0,4.0,88.5,0.0,0.0,0.0,1,2,10,-0.10000000000000142,3.0,-1000.0,-0.09999999999999998,0.2,0.29999999999999993,0.40000000000000013,-0.050000000000000044,2.341,1.7559999999999998,1.067,1.164,1.274,0.592,0.359,0.244,1.1426634743995732,1.1196847912652483,0.2724559087673128,0.1581981879373676,0.6109,0.2251,0.1611,0.6545,0.0492,0,0.62,1,-1,-1,42.2,32.5,12.0,5.0,0.2559808612440192,0.0,0.458,0.5375,0.5466,0.6861,0.3787,0.5068,-0.22810000000000002,0.1588,0.03979999999999995,0
0.0,0.0,0.5,0.5,0,0,0.05555555555555555,7.698970004336019,8.954242509439325,-13.5,-6.5,70.0,0.0,0.0,0.0,0,-2,-7,-0.6999999999999993,-13.0,0.0,-0.04999999999999993,-0.01999999999999999,-0.4,-1.0,-0.09999999999999998,0.0,2.591,0.0,0.97,0.0,1.621,0.0,0.709,0.0,1.1798394922132849,0.0,0.3362356977544835,0.5587,0.2035,0.2233,0.8282,0.0681,0,0.45,0,0,0,25.0,39.1,0.0,7.0,-0.3708133971291867,0.0,0.48,0.37,0.42,0.6152,0.5548,0.5951,-0.1352,-0.18479999999999996,-0.17509999999999998,1
0.0,0.0,0.5,0.5,0,0,24.0,9.079181246047625,7.698970004336019,14.0,8.0,88.5,0.0,0.0,0.0,1,3,15,-0.10000000000000142,7.0,-500.0,0.0,0.18000000000000002,0.58,0.40000000000000013,0.09999999999999998,2.341,0.0,1.067,0.0,1.274,0.0,0.359,0.0,1.1426634743995732,0.0,0.2724559087673128,0.0,0.6109,0.2179,0.1611,0.6545,0.0492,0,0.62,1,0,0,42.2,25.0,12.0,0.0,0.45215311004784686,0.0,0.458,0.5375,0.5466,0.48,0.37,0.42,-0.021999999999999964,0.16749999999999998,0.1266,1
0.0,0.0,0.5,0.5,0,0,2.5714285714285716,8.954242509439325,8.544068044350276,4.5,2.5,87.0,0.0,0.0,0.0,0,1,2,0.6999999999999993,9.0,-500.0,-0.050000000000000044,0.039999999999999994,0.12,1.0,-0.050000000000000044,2.591,1.7559999999999998,0.97,1.164,1.621,0.592,0.709,0.244,1.1798394922132849,1.1196847912652483,0.3362356977544835,0.1581981879373676,0.692,0.2251,0.1045,0.6599,0.0657,0,0.65,0,-1,-1,39.1,32.5,7.0,5.0,0.17464114832535904,0.0,0.6152,0.5548,0.5951,0.6861,0.3787,0.5068,-0.07090000000000007,0.17609999999999998,0.08829999999999993,0
0.0,0.0,0.5,0.5,0,0,4.4,8.342422680822207,7.698970004336019,7.0,3.5,80.0,0.0,0.0,0.0,0,0,16,0.3999999999999986,11.0,-7500.0,0.29999999999999993,0.24999999999999997,-0.12,-0.09999999999999987,-0.050000000000000044,1.7739999999999998,0.0,1.399,0.0,0.375,0.0,-0.2739999999999999,0.0,0.8012143853944391,0.0,0.301485212462126,0.0,0.5765,0.0,0.2085,0.7166,0.0536,2,0.55,0,2,1,25.0,25.0,1.0,0.0,0.0,0.0,0.467,0.3049,0.3458,0.48,0.37,0.42,-0.012999999999999956,-0.06509999999999999,-0.07419999999999999,1
0.0,0.0,0.5,0.5,0,0,0.1,7.698970004336019,8.698970004336019,-10.5,-4.5,70.0,0.0,0.0,0.0,0,-2,-13,-1.3000000000000007,-15.0,-300.0,0.050000000000000044,0.020000000000000004,-0.35,-0.20000000000000018,-0.04999999999999999,0.0,2.002,0.0,1.323,0.0,0.6789999999999999,0.0,-0.1019999999999999,0.0,0.9431066534244954,0.0,0.3376651859131732,0.0,0.205,0.0,0.0,0.0,0,0.45,0,0,0,25.0,34.1,0.0,10.0,-0.23923444976076558,0.0,0.48,0.37,0.42,0.4786,0.471,0.4919,0.0013999999999999568,-0.10099999999999998,-0.07190000000000002,0
0.0,0.0,0.5,0.5,0,0,20.0,9.0,7.698970004336019,13.5,7.0,87.5,0.0,0.0,0.0,5,11,21,0.3000000000000007,13.0,-2500.0,0.09999999999999998,-0.04000000000000001,0.41999999999999993,0.5,0.09999999999999998,2.451,0.0,0.825,0.0,1.626,0.0,0.349,0.0,1.1980330911358643,0.0,0.3834478089938996,0.0,0.6748,0.2179,0.1307,0.8196,0.0699,0,0.6,0,0,0,39.1,25.0,9.0,0.0,0.3708133971291867,0.0,0.64,0.5449,0.7004,0.48,0.37,0.42,0.16000000000000003,0.17490000000000006,0.28040000000000004,1
0.0,0.0,0.5,0.5,0,0,1.8888888888888888,8.929418925714293,8.653212513775344,4.0,-0.5,88.0,0.0,0.0,0.0,1,1,4,1.5,14.0,0.0,0.0,0.0,0.19999999999999996,0.5000000000000002,0.09999999999999998,2.884,2.161,0.95,1.17,1.934,0.991,0.616,0.439,1.2457596956683417,1.0807602735652382,0.4170851232062826,0.5795295026523193,0.6331,0.172,0.1742,0.6174,0.0833,1,0.71,2,1,1,36.3,36.8,7.0,3.0,-0.014354066985645786,0.0,0.7222,0.6642,0.7,0.5314,0.501,0.5217,0.19079999999999997,0.1632,0.1782999999999999,1
0.0,0.0,0.5,0.5,0,0,0.045454545454545456,7.698970004336019,9.041392685158225,-14.5,-9.5,70.0,0.0,0.0,0.0,-2,-7,-15,0.3000000000000007,-10.0,200.0,0.0,0.15,-0.07000000000000006,-0.7000000000000002,-0.09999999999999998,0.0,2.804,0.0,0.5599999999999999,0.0,2.244,0.0,0.296,0.0,1.0649770760444726,0.0,0.2852756951130297,0.0,0.2349,0.0,0.0,0.0,0,0.45,0,-3,-1,25.0,42.2,0.0,12.0,-0.45215311004784686,0.0,0.48,0.37,0.42,0.6507,0.6107,0.6607,-0.17069999999999996,-0.24070000000000003,-0.24069999999999997,0
0.0,0.0,0.5,0.5,0,0,7.0,8.544068044350276,7.698970004336019,9.0,4.0,83.0,0.0,0.0,0.0,0,1,5,0.0,4.0,500.0,0.09999999999999998,-0.020000000000000004,0.28,0.0,0.15000000000000002,1.7559999999999998,0.0,1.164,0.0,0.592,0.0,0.244,0.0,1.1196847912652483,0.0,0.1581981879373676,0.0,0.5143,0.0,0.2606,0.8589,0.0712,1,0.64,0,1,1,32.5,25.0,5.0,0.0,0.19617224880382766,0.0,0.6861,0.3787,0.5068,0.48,0.37,0.42,0.20610000000000006,0.008699999999999986,0.08680000000000004,0
0.0,0.0,0.5,0.5,0,0,10.0,9.079181246047625,8.079181246047625,9.5,4.5,88.5,0.0,0.0,0.0,1,3,8,-0.10000000000000142,7.0,-500.0,0.0,0.18000000000000002,0.58,0.40000000000000013,0.09999999999999998,2.341,1.6,1.067,1.705,1.274,-0.1049999999999999,0.359,0.7,1.1426634743995732,1.397464068315691,0.2724559087673128,0.4263279905841928,0.6109,0.0,0.1611,0.6545,0.0492,0,0.62,1,-1,0,42.2,24.5,12.0,1.0,0.46650717703349287,0.0,0.458,0.5375,0.5466,0.5189,0.3806,0.4334,-0.06090000000000001,0.15689999999999998,0.11319999999999997,1
0.0,0.0,0.5,0.5,0,0,0.058823529411764705,7.698970004336019,8.929418925714293,-13.799999999999997,-5.0,70.0,0.0,0.0,0.0,-1,-2,-15,1.0,-3.0,0.0,-0.04999999999999993,-0.13999999999999999,-0.48,-0.6000000000000001,-0.19999999999999996,0.0,2.592,0.0,0.939,0.0,1.653,0.0,0.108,0.0,0.9731844800911872,0.0,0.4399949494659632,0.5263,0.1318,0.2429,0.8909,0.0788,0,0.45,0,0,0,25.0,42.3,0.0,12.0,-0.4545454545454546,0.0,0.48,0.37,0.42,0.4564,0.5811,0.6325,0.02360000000000001,-0.21109999999999995,-0.21249999999999997,0
0.0,0.0,0.5,0.5,0,0,17.0,8.929418925714293,7.698970004336019,14.0,8.5,88.0,0.0,0.0,0.0,3,6,17,1.0,20.0,-1500.0,0.04999999999999993,-0.020000000000000004,0.44999999999999996,0.8000000000000003,0.19999999999999996,2.884,0.0,0.95,0.0,1.934,0.0,0.616,0.0,1.2457596956683417,0.0,0.4170851232062826,0.0,0.6331,0.0,0.1742,0.6174,0.0833,1,0.71,2,1,1,36.3,25.0,7.0,0.0,0.2966507177033493,0.0,0.7222,0.6642,0.7,0.48,0.37,0.42,0.24219999999999997,0.2942,0.27999999999999997,1
0.0,0.0,0.5,0.5,0,0,0.45454545454545453,8.698970004336019,9.041392685158225,-4.0,-5.0,84.5,0.0,0.0,0.0,-2,-5,-2,1.6000000000000014,5.0,500.0,-0.050000000000000044,-0.020000000000000004,-0.17000000000000004,-0.5,-0.04999999999999999,2.002,2.804,1.323,0.5599999999999999,0.6789999999999999,2.244,-0.1019999999999999,0.296,0.9431066534244954,1.0649770760444726,0.3376651859131732,0.2852756951130297,0.5783,0.2349,0.2167,0.8053,0.062,0,0.52,0,-3,-1,34.1,42.2,10.0,12.0,-0.21291866028708128,0.0,0.4786,0.471,0.4919,0.6507,0.6107,0.6607,-0.17209999999999992,-0.13970000000000005,-0.16879999999999995,0
0.0,0.0,0.5,0.5,0,0,1.7,8.929418925714293,8.698970004336019,3.5,4.0,88.0,0.0,0.0,0.0,3,4,4,-0.3000000000000007,5.0,-1800.0,0.09999999999999998,0.0,0.09999999999999998,0.6000000000000001,0.14999999999999997,2.884,2.002,0.95,1.323,1.934,0.6789999999999999,0.616,-0.1019999999999999,1.2457596956683417,0.9431066534244954,0.4170851232062826,0.3376651859131732,0.6331,0.205,0.1742,0.6174,0.0833,1,0.71,2,1,1,36.3,34.1,7.0,10.0,0.0574162679425837,0.0,0.7222,0.6642,0.7,0.4786,0.471,0.4919,0.24359999999999993,0.19320000000000004,0.20809999999999995,1
0.0,0.0,0.5,0.5,0,0,22.0,9.041392685158225,7.698970004336019,14.5,9.5,89.0,0.0,0.0,0.0,2,7,15,-0.3000000000000007,10.0,-200.0,0.0,0.0,0.52,0.7000000000000002,0.09999999999999998,2.804,0.0,0.5599999999999999,0.0,2.244,0.0,0.296,0.0,1.0649770760444726,0.0,0.2852756951130297,0.0,0.7185,0.0,0.05,0.6062,0.0885,3,0.68,2,3,1,42.2,25.0,12.0,0.0,0.45215311004784686,0.0,0.6507,0.6107,0.6607,0.48,0.37,0.42,0.17069999999999996,0.24070000000000003,0.24069999999999997,0
0.0,0.0,0.5,0.5,0,0,1.7,8.929418925714293,8.698970004336019,3.299999999999997,0.5,87.5,0.0,0.0,0.0,1,0,2,-2.3000000000000007,-12.0,-300.0,0.09999999999999998,0.15999999999999998,0.13,0.3999999999999999,0.14999999999999997,2.592,2.002,0.939,1.323,1.653,0.6789999999999999,0.108,-0.1019999999999999,0.9731844800911872,0.9431066534244954,0.4399949494659632,0.3376651859131732,0.6413,0.205,0.2269,0.7296,0.0546,0,0.67,1,0,0,42.3,34.1,12.0,10.0,0.215311004784689,0.0,0.4564,0.5811,0.6325,0.4786,0.471,0.4919,-0.022200000000000053,0.11009999999999998,0.14059999999999995,0
0.0,0.0,0.5,0.5,0,0,0.7083333333333334,8.929418925714293,9.079181246047625,0.0,0.5,88.0,0.0,0.0,0.0,2,3,2,1.1000000000000014,13.0,-1000.0,0.04999999999999993,-0.2,-0.13,0.40000000000000013,0.09999999999999998,2.884,2.341,0.95,1.067,1.934,1.274,0.616,0.359,1.2457596956683417,1.1426634743995732,0.4170851232062826,0.2724559087673128,0.6331,0.228,0.1742,0.6174,0.0833,1,0.71,2,1,1,36.3,42.2,7.0,12.0,-0.1555023923444976,0.0,0.7222,0.6642,0.7,0.458,0.5375,0.5466,0.26419999999999993,0.12670000000000003,0.15339999999999998,1
0.0,0.0,0.5,0.5,0,0,0.22727272727272727,7.698970004336019,8.342422680822207,-7.0,-3.5,70.0,0.0,0.0,0.0,0,0,-16,-0.3999999999999986,-11.0,7500.0,-0.29999999999999993,-0.24999999999999997,0.12,0.09999999999999987,0.050000000000000044,0.0,1.7739999999999998,0.0,1.399,0.0,0.375,0.0,-0.2739999999999999,0.0,0.8012143853944391,0.0,0.301485212462126,0.0,0.215,0.0,0.0,0.0,0,0.45,0,-2,-1,25.0,25.0,0.0,1.0,0.0,0.0,0.48,0.37,0.42,0.467,0.3049,0.3458,0.012999999999999956,0.06509999999999999,0.07419999999999999,0
0.0,0.0,0.5,0.5,0,0,0.9090909090909091,9.0,9.041392685158225,-1.0,-2.5,87.5,0.0,0.0,0.0,3,4,6,0.6000000000000014,3.0,-2300.0,0.09999999999999998,-0.04000000000000001,-0.10000000000000009,-0.20000000000000018,0.0,2.451,2.804,0.825,0.5599999999999999,1.626,2.244,0.349,0.296,1.1980330911358643,1.0649770760444726,0.3834478089938996,0.2852756951130297,0.6748,0.2349,0.1307,0.8196,0.0699,0,0.6,0,-3,-1,39.1,42.2,9.0,12.0,-0.08133971291866016,0.0,0.64,0.5449,0.7004,0.6507,0.6107,0.6607,-0.010699999999999932,-0.06579999999999997,0.03970000000000007,0
0.0,0.0,0.5,0.5,0,0,6.666666666666667,9.0,8.176091259055681,7.5,4.0,87.5,0.0,0.0,0.0,5,11,18,0.3000000000000007,13.0,-2500.0,0.09999999999999998,-0.04000000000000001,0.41999999999999993,0.5,0.09999999999999998,2.451,1.593,0.825,1.442,1.626,0.151,0.349,0.207,1.1980330911358643,1.1826885206737323,0.3834478089938996,0.3051793643817426,0.6748,0.2637,0.1307,0.8196,0.0699,0,0.6,0,-1,0,39.1,25.7,9.0,1.0,0.3516746411483255,0.0,0.64,0.5449,0.7004,0.4742,0.3144,0.4331,0.1658,0.23050000000000004,0.26730000000000004,1
0.0,0.0,0.5,0.5,0,0,0.058823529411764705,7.698970004336019,8.929418925714293,-13.799999999999997,-5.0,70.0,0.0,0.0,0.0,-1,-2,-15,1.0,-3.0,0.0,-0.04999999999999993,-0.13999999999999999,-0.48,-0.6000000000000001,-0.19999999999999996,0.0,2.592,0.0,0.939,0.0,1.653,0.0,0.108,0.0,0.9731844800911872,0.0,0.4399949494659632,0.0,0.1318,0.0,0.0,0.0,0,0.45,0,0,0,25.0,42.3,0.0,12.0,-0.4545454545454546,0.0,0.48,0.37,0.42,0.4564,0.5811,0.6325,0.02360000000000001,-0.21109999999999995,-0.21249999999999997,0
0.0,0.0,0.5,0.5,0,0,0.05,7.698970004336019,9.0,-13.5,-7.0,70.0,0.0,0.0,0.0,-5,-11,-21,-0.3000000000000007,-13.0,2500.0,-0.09999999999999998,0.04000000000000001,-0.41999999999999993,-0.5,-0.09999999999999998,0.0,2.451,0.0,0.825,0.0,1.626,0.0,0.349,0.0,1.1980330911358643,0.0,0.3834478089938996,0.0,0.1945,0.0,0.0,0.0,0,0.45,0,0,0,25.0,39.1,0.0,9.0,-0.3708133971291867,0.0,0.48,0.37,0.42,0.64,0.5449,0.7004,-0.16000000000000003,-0.17490000000000006,-0.28040000000000004,0
0.0,0.0,0.5,0.5,0,0,0.17647058823529413,8.176091259055681,8.929418925714293,-7.799999999999997,-2.0,80.0,0.0,0.0,0.0,-1,-2,-12,1.0,-3.0,0.0,-0.04999999999999993,-0.13999999999999999,-0.48,-0.6000000000000001,-0.19999999999999996,1.593,2.592,1.442,0.939,0.151,1.653,0.207,0.108,1.1826885206737323,0.9731844800911872,0.3051793643817426,0.4399949494659632,0.4962,0.1318,0.2401,0.8887,0.0526,1,0.5,0,1,0,25.7,42.3,1.0,12.0,-0.43540669856459335,0.0,0.4742,0.3144,0.4331,0.4564,0.5811,0.6325,0.017800000000000038,-0.26669999999999994,-0.19939999999999997,0
0.0,0.0,0.5,0.5,0,0,9.0,8.653212513775344,7.698970004336019,10.0,9.0,84.0,0.0,0.0,0.0,2,5,13,-0.5,6.0,-1500.0,0.04999999999999993,-0.020000000000000004,0.25,0.30000000000000004,0.09999999999999998,2.161,0.0,1.17,0.0,0.991,0.0,0.439,0.0,1.0807602735652382,0.0,0.5795295026523193,0.0,0.639,0.0,0.189,0.6935,0.066,0,0.53,0,0,0,36.8,25.0,3.0,0.0,0.31100478468899506,0.0,0.5314,0.501,0.5217,0.48,0.37,0.42,0.0514,0.131,0.10170000000000007,0
0.0,0.0,0.5,0.5,0,0,2.4,8.079181246047625,7.698970004336019,5.5,3.5,79.5,0.0,0.0,0.0,0,0,0,0.0,0.0,0.0,0.0,0.0,0.0,0.0,0.0,1.798,0.0,1.513,0.0,0.285,0.0,0.1019999999999999,0.0,1.082179702707457,0.0,0.401214821926276,0.0,0.5274,0.2308,0.2516,0.7901,0.0668,0,0.52,0,0,0,25.1,25.0,0.0,0.0,0.0023923444976076125,0.0,0.4965,0.3635,0.4198,0.48,0.37,0.42,0.016500000000000015,-0.006500000000000006,-0.00019999999999997797,0
0.0,0.0,0.5,0.5,0,0,0.4166666666666667,7.698970004336019,8.079181246047625,-5.5,-3.5,70.0,0.0,0.0,0.0,0,0,0,0.0,0.0,0.0,0.0,0.0,0.0,0.0,0.0,0.0,1.798,0.0,1.513,0.0,0.285,0.0,0.1019999999999999,0.0,1.082179702707457,0.0,0.401214821926276,0.0,0.221,0.0,0.0,0.0,0,0.45,0,0,0,25.0,25.1,0.0,0.0,-0.0023923444976076125,0.0,0.48,0.37,0.42,0.4965,0.3635,0.4198,-0.016500000000000015,0.006500000000000006,0.00019999999999997797,1
0.0,0.0,0.5,0.5,0,0,0.1111111111111111,7.698970004336019,8.653212513775344,-10.0,-9.0,70.0,0.0,0.0,0.0,-2,-5,-13,0.5,-6.0,1500.0,-0.04999999999999993,0.020000000000000004,-0.25,-0.30000000000000004,-0.09999999999999998,0.0,2.161,0.0,1.17,0.0,0.991,0.0,0.439,0.0,1.0807602735652382,0.0,0.5795295026523193,0.5263,0.172,0.2429,0.8909,0.0788,0,0.45,0,0,0,25.0,36.8,0.0,3.0,-0.31100478468899506,0.0,0.48,0.37,0.42,0.5314,0.501,0.5217,-0.0514,-0.131,-0.10170000000000007,1
0.0,0.0,0.5,0.5,0,0,0.045454545454545456,7.698970004336019,9.041392685158225,-14.5,-9.5,70.0,0.0,0.0,0.0,-2,-7,-14,-0.1999999999999993,-10.0,-6600.0,0.19999999999999996,0.0,-0.52,-0.7000000000000002,-0.09999999999999998,1.496,2.804,1.407,0.5599999999999999,0.0889999999999999,2.244,0.204,0.296,1.138187641738186,1.0649770760444726,0.2988199011667953,0.2852756951130297,0.5881,0.2349,0.1961,0.6224,0.0893,0,0.48,0,-3,-1,25.0,42.2,0.0,12.0,-0.45215311004784686,0.0,0.48,0.37,0.42,0.6507,0.6107,0.6607,-0.17069999999999996,-0.24070000000000003,-0.24069999999999997,0
0.0,0.0,0.5,0.5,0,0,1.0,7.698970004336019,7.698970004336019,0.0,0.0,70.0,0.0,0.0,0.0,0,0,0,0.0,0.0,0.0,0.0,0.0,0.0,0.0,0.0,0.0,0.0,0.0,0.0,0.0,0.0,0.0,0.0,0.0,0.0,0.0,0.0,0.0,0.2725,0.0,0.0,0.0,0,0.45,0,0,0,25.0,25.0,0.0,0.0,0.0,0.0,0.48,0.37,0.42,0.48,0.37,0.42,0.0,0.0,0.0,1
0.0,0.0,0.5,0.5,0,0,22.0,9.041392685158225,7.698970004336019,14.5,9.5,89.0,0.0,0.0,0.0,2,7,15,-0.3000000000000007,10.0,-200.0,0.0,0.0,0.52,0.7000000000000002,0.09999999999999998,2.804,0.0,0.5599999999999999,0.0,2.244,0.0,0.296,0.0,1.0649770760444726,0.0,0.2852756951130297,0.0,0.7185,0.0,0.05,0.6062,0.0885,3,0.68,2,3,1,42.2,25.0,12.0,0.0,0.45215311004784686,0.0,0.6507,0.6107,0.6607,0.48,0.37,0.42,0.17069999999999996,0.24070000000000003,0.24069999999999997,0
0.0,0.0,0.5,0.5,0,0,1.0,7.698970004336019,7.698970004336019,0.0,0.0,70.0,0.0,0.0,0.0,0,0,-1,0.5,0.0,6800.0,-0.19999999999999996,0.0,0.0,0.0,0.0,0.0,1.496,0.0,1.407,0.0,0.0889999999999999,0.0,0.204,0.0,1.138187641738186,0.0,0.2988199011667953,0.3973,0.2158,0.3302,0.8774,0.0839,0,0.45,0,0,0,25.0,25.0,0.0,0.0,0.0,0.0,0.48,0.37,0.42,0.48,0.37,0.42,0.0,0.0,0.0,1
0.0,0.0,0.5,0.5,0,0,1.0,7.698970004336019,7.698970004336019,0.0,0.0,70.0,0.0,0.0,0.0,0,0,0,0.0,0.0,0.0,0.0,-0.15,-0.44999999999999996,0.0,0.0,0.0,0.0,0.0,0.0,0.0,0.0,0.0,0.0,0.0,0.0,0.0,0.0,0.0,0.0,0.0,0.0,0.0,0,0.45,0,0,0,25.0,25.0,0.0,0.0,0.0,0.0,0.48,0.37,0.42,0.48,0.37,0.42,0.0,0.0,0.0,0
0.0,0.0,0.5,0.5,0,0,4.722222222222222,8.929418925714293,8.255272505103306,8.0,6.5,88.0,0.0,0.0,0.0,3,5,7,1.0,20.0,-3500.0,0.09999999999999998,0.0,0.47,0.6000000000000001,0.19999999999999996,2.884,1.7420000000000002,0.95,1.473,1.934,0.269,0.616,0.758,1.2457596956683417,1.5093139957020203,0.4170851232062826,0.4204177816305003,0.6331,0.2727,0.1742,0.6174,0.0833,1,0.71,2,1,1,36.3,27.6,7.0,0.0,0.2272727272727273,0.0,0.7222,0.6642,0.7,0.415,0.3381,0.4039,0.3072,0.3261,0.2961,1
0.0,0.0,0.5,0.5,0,0,0.058823529411764705,7.698970004336019,8.929418925714293,-14.0,-8.5,70.0,0.0,0.0,0.0,-3,-6,-17,-1.0,-20.0,1500.0,-0.04999999999999993,0.16999999999999998,0.0,-0.8000000000000003,-0.19999999999999996,0.0,2.884,0.0,0.95,0.0,1.934,0.0,0.616,0.0,1.2457596956683417,0.0,0.4170851232062826,0.0,0.1927,0.0,0.0,0.0,0,0.45,0,-1,-1,25.0,36.3,0.0,7.0,-0.2966507177033493,0.0,0.48,0.37,0.42,0.7222,0.6642,0.7,-0.24219999999999997,-0.2942,-0.27999999999999997,0
0.0,0.0,0.5,0.5,0,0,3.6,8.255272505103306,7.698970004336019,6.0,2.0,81.0,0.0,0.0,0.0,0,1,10,0.0,0.0,2000.0,-0.050000000000000044,-0.020000000000000004,-0.020000000000000018,0.20000000000000018,0.0,1.7420000000000002,0.0,1.473,0.0,0.269,0.0,0.758,0.0,1.5093139957020203,0.0,0.4204177816305003,0.0,0.613,0.0,0.1143,0.8314,0.0437,0,0.5,0,0,0,27.6,25.0,0.0,0.0,0.06937799043062198,0.0,0.415,0.3381,0.4039,0.48,0.37,0.42,-0.065,-0.031899999999999984,-0.016100000000000003,0
0.0,0.0,0.5,0.5,0,0,3.6,8.255272505103306,7.698970004336019,6.0,2.0,81.0,0.0,0.0,0.0,0,1,10,0.0,0.0,2000.0,-0.050000000000000044,-0.16999999999999998,-0.47,0.20000000000000018,0.0,1.7420000000000002,0.0,1.473,0.0,0.269,0.0,0.758,0.0,1.5093139957020203,0.0,0.4204177816305003,0.0,0.613,0.0,0.1143,0.8314,0.0437,0,0.5,0,0,0,27.6,25.0,0.0,0.0,0.06937799043062198,0.0,0.415,0.3381,0.4039,0.48,0.37,0.42,-0.065,-0.031899999999999984,-0.016100000000000003,0
0.0,0.0,0.5,0.5,0,0,17.0,8.929418925714293,7.698970004336019,14.0,8.5,88.0,0.0,0.0,0.0,3,6,17,1.0,20.0,-1500.0,0.04999999999999993,-0.020000000000000004,0.44999999999999996,0.8000000000000003,0.19999999999999996,2.884,0.0,0.95,0.0,1.934,0.0,0.616,0.0,1.2457596956683417,0.0,0.4170851232062826,0.0,0.6331,0.0,0.1742,0.6174,0.0833,1,0.71,2,1,1,36.3,25.0,7.0,0.0,0.2966507177033493,0.0,0.7222,0.6642,0.7,0.48,0.37,0.42,0.24219999999999997,0.2942,0.27999999999999997,1
0.0,0.0,0.5,0.5,0,0,2.272727272727273,8.698970004336019,8.342422680822207,3.5,1.0,84.5,0.0,0.0,0.0,0,2,-3,0.9000000000000021,4.0,7800.0,-0.35,-0.26999999999999996,0.47,0.30000000000000004,0.10000000000000003,2.002,1.7739999999999998,1.323,1.399,0.6789999999999999,0.375,-0.1019999999999999,-0.2739999999999999,0.9431066534244954,0.8012143853944391,0.3376651859131732,0.301485212462126,0.5783,0.215,0.2167,0.8053,0.062,0,0.52,0,-2,-1,34.1,25.0,10.0,1.0,0.23923444976076558,0.0,0.4786,0.471,0.4919,0.467,0.3049,0.3458,0.0116,0.16609999999999997,0.1461,0
0.0,0.0,0.5,0.5,0,0,8.0,8.079181246047625,7.176091259055681,7.0,8.5,78.0,0.0,0.0,0.0,0,0,7,0.0,0.0,0.0,0.0,0.0,0.0,0.0,0.0,1.6,1.167,1.705,1.918,-0.1049999999999999,-0.751,0.7,0.033,1.397464068315691,1.283853801955137,0.4263279905841928,0.4510986588319677,0.0,0.0,0.0,0.0,0.0,1,0.48,0,1,0,24.5,24.6,1.0,1.0,-0.004784688995215336,0.0,0.5189,0.3806,0.4334,0.4885,0.3377,0.4128,0.030400000000000038,0.042899999999999994,0.020600000000000007,1
0.0,0.0,0.5,0.5,0,0,1.8333333333333333,8.342422680822207,8.079181246047625,2.5,0.0,80.0,0.0,0.0,0.0,0,0,9,0.3999999999999986,11.0,-7500.0,0.29999999999999993,0.24999999999999997,-0.12,-0.09999999999999987,-0.050000000000000044,1.7739999999999998,1.6,1.399,1.705,0.375,-0.1049999999999999,-0.2739999999999999,0.7,0.8012143853944391,1.397464068315691,0.301485212462126,0.4263279905841928,0.5765,0.0,0.2085,0.7166,0.0536,2,0.55,0,1,1,25.0,24.5,1.0,1.0,0.014354066985646008,0.0,0.467,0.3049,0.3458,0.5189,0.3806,0.4334,-0.0519,-0.07569999999999999,-0.08760000000000001,0
0.0,0.0,0.5,0.5,0,0,0.03,7.176091259055681,8.698970004336019,-13.0,-9.5,71.0,0.0,0.0,0.0,0,-2,-13,-1.3000000000000007,-15.0,-300.0,0.050000000000000044,0.020000000000000004,-0.35,-0.20000000000000018,-0.04999999999999999,1.167,2.002,1.918,1.323,-0.751,0.6789999999999999,0.033,-0.1019999999999999,1.283853801955137,0.9431066534244954,0.4510986588319677,0.3376651859131732,0.0,0.205,0.0,0.0,0.0,0,0.47,0,0,0,24.6,34.1,1.0,10.0,-0.24880382775119625,0.0,0.4885,0.3377,0.4128,0.4786,0.471,0.4919,0.009899999999999964,-0.13329999999999997,-0.0791,0
0.0,0.0,0.5,0.5,0,0,0.24,8.079181246047625,8.698970004336019,-6.0,-1.0,78.0,0.0,0.0,0.0,0,-2,-6,-1.3000000000000007,-15.0,-300.0,0.050000000000000044,0.020000000000000004,-0.35,-0.20000000000000018,-0.04999999999999999,1.6,2.002,1.705,1.323,-0.1049999999999999,0.6789999999999999,0.7,-0.1019999999999999,1.397464068315691,0.9431066534244954,0.4263279905841928,0.3376651859131732,0.0,0.205,0.0,0.0,0.0,1,0.48,0,1,0,24.5,34.1,1.0,10.0,-0.2535885167464116,0.0,0.5189,0.3806,0.4334,0.4786,0.471,0.4919,0.0403,-0.09039999999999998,-0.058499999999999996,0
0.0,0.0,0.5,0.5,0,0,0.06818181818181818,7.176091259055681,8.342422680822207,-9.5,-8.5,71.0,0.0,0.0,0.0,0,0,-16,-0.3999999999999986,-11.0,7500.0,-0.29999999999999993,-0.24999999999999997,0.12,0.09999999999999987,0.050000000000000044,1.167,1.7739999999999998,1.918,1.399,-0.751,0.375,0.033,-0.2739999999999999,1.283853801955137,0.8012143853944391,0.4510986588319677,0.301485212462126,0.0,0.215,0.0,0.0,0.0,0,0.47,0,-2,-1,24.6,25.0,1.0,1.0,-0.009569377990430672,0.0,0.4885,0.3377,0.4128,0.467,0.3049,0.3458,0.021499999999999964,0.032799999999999996,0.067,0
0.0,0.0,0.5,0.5,0,0,0.045454545454545456,7.698970004336019,9.041392685158225,-14.5,-9.5,70.0,0.0,0.0,0.0,-2,-7,-15,0.3000000000000007,-10.0,200.0,0.0,0.0,-0.52,-0.7000000000000002,-0.09999999999999998,0.0,2.804,0.0,0.5599999999999999,0.0,2.244,0.0,0.296,0.0,1.0649770760444726,0.0,0.2852756951130297,0.3973,0.2349,0.3302,0.8774,0.0839,0,0.45,0,-3,-1,25.0,42.2,0.0,12.0,-0.45215311004784686,0.0,0.48,0.37,0.42,0.6507,0.6107,0.6607,-0.17069999999999996,-0.24070000000000003,-0.24069999999999997,0
0.0,0.0,0.5,0.5,0,0,1.0,7.698970004336019,7.698970004336019,0.0,0.0,70.0,0.0,0.0,0.0,0,0,-1,0.5,0.0,6800.0,-0.19999999999999996,0.0,0.0,0.0,0.0,0.0,1.496,0.0,1.407,0.0,0.0889999999999999,0.0,0.204,0.0,1.138187641738186,0.0,0.2988199011667953,0.0,0.2158,0.0,0.0,0.0,0,0.45,0,0,0,25.0,25.0,0.0,0.0,0.0,0.0,0.48,0.37,0.42,0.48,0.37,0.42,0.0,0.0,0.0,1
0.0,0.0,0.5,0.5,0,0,0.85,8.929418925714293,9.0,0.29999999999999716,-2.0,87.5,0.0,0.0,0.0,-4,-9,-6,-1.3000000000000007,-10.0,2500.0,-0.050000000000000044,0.18,0.06000000000000005,0.10000000000000009,0.09999999999999998,2.592,2.451,0.939,0.825,1.653,1.626,0.108,0.349,0.9731844800911872,1.1980330911358643,0.4399949494659632,0.3834478089938996,0.6413,0.1945,0.2269,0.7296,0.0546,0,0.67,1,0,0,42.3,39.1,12.0,9.0,0.08373205741626788,0.0,0.4564,0.5811,0.6325,0.64,0.5449,0.7004,-0.18360000000000004,0.0361999999999999,-0.06790000000000007,0
0.0,0.0,0.5,0.5,0,0,3.0,8.176091259055681,7.698970004336019,6.0,3.0,80.0,0.0,0.0,0.0,0,0,3,0.0,0.0,0.0,0.0,0.0,0.0,0.0,0.0,1.593,0.0,1.442,0.0,0.151,0.0,0.207,0.0,1.1826885206737323,0.0,0.3051793643817426,0.0,0.4962,0.0,0.2401,0.8887,0.0526,1,0.5,0,1,0,25.7,25.0,1.0,0.0,0.019138755980861233,0.0,0.4742,0.3144,0.4331,0.48,0.37,0.42,-0.005799999999999972,-0.05559999999999998,0.0131,0
0.0,0.0,0.5,0.5,0,0,0.07692307692307693,7.698970004336019,8.812913356642856,-12.5,-8.5,70.0,0.0,0.0,0.0,0,-5,-10,-0.10000000000000142,-4.0,-200.0,0.050000000000000044,-0.04999999999999999,-0.38,-0.5,0.0,0.0,2.645,0.0,0.751,0.0,1.894,0.0,-0.2449999999999999,0.0,0.9060118494310764,0.0,0.3351699403122077,0.0,0.219,0.0,0.0,0.0,0,0.45,0,0,0,25.0,38.0,0.0,7.0,-0.3421052631578947,0.0,0.48,0.37,0.42,0.5646,0.5123,0.6106,-0.08460000000000001,-0.14229999999999998,-0.19060000000000005,0
0.0,0.0,0.5,0.5,0,0,10.0,9.079181246047625,8.079181246047625,9.5,8.0,88.5,0.0,0.0,0.0,1,3,13,-0.10000000000000142,7.0,-500.0,0.0,0.18000000000000002,0.58,0.40000000000000013,0.09999999999999998,2.341,1.764,1.067,1.675,1.274,0.089,0.359,-0.064,1.1426634743995732,0.9638575780728784,0.2724559087673128,0.284026602822889,0.6109,0.2807,0.1611,0.6545,0.0492,0,0.62,1,0,0,42.2,25.3,12.0,0.0,0.4449760765550239,0.0,0.458,0.5375,0.5466,0.4741,0.3382,0.414,-0.016100000000000003,0.19929999999999998,0.1326,1
0.0,0.0,0.5,0.5,0,0,0.4166666666666667,7.698970004336019,8.079181246047625,-4.5,0.0,70.0,0.0,0.0,0.0,0,0,-2,0.0,0.0,0.0,0.0,0.0,0.0,0.0,0.0,0.0,1.764,0.0,1.675,0.0,0.089,0.0,-0.064,0.0,0.9638575780728784,0.0,0.284026602822889,0.0,0.2807,0.0,0.0,0.0,0,0.45,0,0,0,25.0,25.3,0.0,0.0,-0.0071770334928229484,0.0,0.48,0.37,0.42,0.4741,0.3382,0.414,0.005899999999999961,0.031799999999999995,0.006000000000000005,0
0.0,0.0,0.5,0.5,0,0,1.8461538461538463,9.079181246047625,8.812913356642856,1.5,-0.5,88.5,0.0,0.0,0.0,1,-2,5,-0.20000000000000284,3.0,-700.0,0.050000000000000044,0.13000000000000003,0.19999999999999996,-0.09999999999999987,0.09999999999999998,2.341,2.645,1.067,0.751,1.274,1.894,0.359,-0.2449999999999999,1.1426634743995732,0.9060118494310764,0.2724559087673128,0.3351699403122077,0.6109,0.219,0.1611,0.6545,0.0492,0,0.62,1,0,0,42.2,38.0,12.0,7.0,0.11004784688995217,0.0,0.458,0.5375,0.5466,0.5646,0.5123,0.6106,-0.10659999999999997,0.0252,-0.06400000000000006,0
0.0,0.0,0.5,0.5,0,0,0.16666666666666666,7.698970004336019,8.477121254719663,-8.5,-6.5,70.0,0.0,0.0,0.0,0,0,-5,-0.1999999999999993,-5.0,4000.0,-0.15000000000000002,0.04000000000000001,-0.15000000000000002,-0.20000000000000018,-0.04999999999999999,0.0,1.959,0.0,1.329,0.0,0.63,0.0,0.741,0.0,1.3862285654790514,0.0,0.2850516522394571,0.0,0.2643,0.0,0.0,0.0,0,0.45,0,0,0,25.0,31.0,0.0,4.0,-0.1578947368421052,0.0,0.48,0.37,0.42,0.5139,0.4692,0.4953,-0.03390000000000004,-0.09920000000000001,-0.07530000000000003,1
0.0,0.0,0.5,0.5,0,0,1.0,7.698970004336019,7.698970004336019,0.0,0.0,70.0,0.0,0.0,0.0,0,0,0,0.0,0.0,0.0,0.0,0.0,0.0,0.0,0.0,0.0,0.0,0.0,0.0,0.0,0.0,0.0,0.0,0.0,0.0,0.0,0.0,0.0,0.0,0.0,0.0,0.0,0,0.45,0,0,0,25.0,25.0,0.0,0.0,0.0,0.0,0.48,0.37,0.42,0.48,0.37,0.42,0.0,0.0,0.0,1
0.0,0.0,0.5,0.5,0,0,0.16666666666666666,7.698970004336019,8.477121254719663,-8.5,-6.5,70.0,0.0,0.0,0.0,0,0,-5,-0.1999999999999993,-5.0,4000.0,-0.15000000000000002,0.04000000000000001,-0.15000000000000002,-0.20000000000000018,-0.04999999999999999,0.0,1.959,0.0,1.329,0.0,0.63,0.0,0.741,0.0,1.3862285654790514,0.0,0.2850516522394571,0.0,0.2643,0.0,0.0,0.0,0,0.45,0,0,0,25.0,31.0,0.0,4.0,-0.1578947368421052,0.0,0.48,0.37,0.42,0.5139,0.4692,0.4953,-0.03390000000000004,-0.09920000000000001,-0.07530000000000003,0
0.0,0.0,0.5,0.5,0,0,1.0,7.698970004336019,7.698970004336019,0.0,0.0,70.0,0.0,0.0,0.0,0,0,0,0.0,0.0,0.0,0.0,0.0,0.0,0.0,0.0,0.0,0.0,0.0,0.0,0.0,0.0,0.0,0.0,0.0,0.0,0.0,0.0,0.0,0.0,0.0,0.0,0.0,0,0.45,0,0,0,25.0,25.0,0.0,0.0,0.0,0.0,0.48,0.37,0.42,0.48,0.37,0.42,0.0,0.0,0.0,1
0.0,0.0,0.5,0.5,0,0,2.7777777777777777,8.698970004336019,8.255272505103306,4.5,2.5,84.5,0.0,0.0,0.0,0,1,3,1.3000000000000007,15.0,-1700.0,0.0,0.0,0.37,0.0,0.04999999999999999,2.002,1.7420000000000002,1.323,1.473,0.6789999999999999,0.269,-0.1019999999999999,0.758,0.9431066534244954,1.5093139957020203,0.3376651859131732,0.4204177816305003,0.5783,0.2727,0.2167,0.8053,0.062,0,0.52,0,0,0,34.1,27.6,10.0,0.0,0.1698564593301436,0.0,0.4786,0.471,0.4919,0.415,0.3381,0.4039,0.06360000000000005,0.13289999999999996,0.08800000000000002,1
0.0,0.0,0.5,0.5,0,0,0.5294117647058824,8.653212513775344,8.929418925714293,-3.799999999999997,4.0,84.0,0.0,0.0,0.0,1,3,-2,0.5,3.0,-1500.0,0.0,-0.15999999999999998,-0.22999999999999998,-0.30000000000000004,-0.09999999999999998,2.161,2.592,1.17,0.939,0.991,1.653,0.439,0.108,1.0807602735652382,0.9731844800911872,0.5795295026523193,0.4399949494659632,0.639,0.1318,0.189,0.6935,0.066,0,0.53,0,0,0,36.8,42.3,3.0,12.0,-0.14354066985645952,0.0,0.5314,0.501,0.5217,0.4564,0.5811,0.6325,0.07500000000000001,-0.08009999999999995,-0.1107999999999999,0
0.0,0.0,0.5,0.5,0,0,1.1111111111111112,8.698970004336019,8.653212513775344,0.5,-4.5,84.5,0.0,0.0,0.0,-2,-3,0,1.8000000000000007,9.0,1800.0,-0.09999999999999998,0.0,0.09999999999999998,-0.09999999999999987,-0.04999999999999999,2.002,2.161,1.323,1.17,0.6789999999999999,0.991,-0.1019999999999999,0.439,0.9431066534244954,1.0807602735652382,0.3376651859131732,0.5795295026523193,0.5783,0.172,0.2167,0.8053,0.062,0,0.52,0,0,0,34.1,36.8,10.0,3.0,-0.07177033492822948,0.0,0.4786,0.471,0.4919,0.5314,0.501,0.5217,-0.05279999999999996,-0.030000000000000027,-0.02980000000000005,1
0.0,0.0,0.5,0.5,0,0,0.21176470588235294,8.255272505103306,8.929418925714293,-7.799999999999997,-3.0,81.0,0.0,0.0,0.0,-1,-1,-5,1.0,-3.0,2000.0,-0.09999999999999998,-0.15999999999999998,-0.5,-0.3999999999999999,-0.19999999999999996,1.7420000000000002,2.592,1.473,0.939,0.269,1.653,0.758,0.108,1.5093139957020203,0.9731844800911872,0.4204177816305003,0.4399949494659632,0.613,0.1318,0.1143,0.8314,0.0437,0,0.5,0,0,0,27.6,42.3,0.0,12.0,-0.3851674641148326,0.0,0.415,0.3381,0.4039,0.4564,0.5811,0.6325,-0.04139999999999999,-0.24299999999999994,-0.22859999999999997,0
0.0,0.0,0.5,0.5,0,0,1.0,7.698970004336019,7.698970004336019,0.0,0.0,70.0,0.0,0.0,0.0,0,0,0,0.0,0.0,0.0,0.0,0.15,0.44999999999999996,0.0,0.0,0.0,0.0,0.0,0.0,0.0,0.0,0.0,0.0,0.0,0.0,0.0,0.0,0.0,0.0,0.0,0.0,0.0,0,0.45,0,0,0,25.0,25.0,0.0,0.0,0.0,0.0,0.48,0.37,0.42,0.48,0.37,0.42,0.0,0.0,0.0,1
0.0,0.0,0.5,0.5,0,0,0.5625,8.255272505103306,8.505149978319906,-1.0,0.0,80.5,0.0,0.0,0.0,0,-1,-4,1.3999999999999986,-1.0,7000.0,-0.25,0.020000000000000004,-0.17999999999999994,-0.10000000000000009,0.0,2.008,1.7120000000000002,1.38,1.179,0.6280000000000001,0.5329999999999999,0.1919999999999999,0.088,1.0959572566962812,1.1043395370402465,0.4442921961452345,0.3105121217887923,0.3957,0.2715,0.259,0.881,0.0469,0,0.6,0,0,0,23.7,30.2,0.0,2.0,-0.1698564593301436,0.0,0.4442,0.329,0.414,0.3901,0.3768,0.3964,0.05409999999999998,-0.04780000000000001,0.017600000000000005,1
0.0,0.0,0.5,0.5,0,0,17.0,8.929418925714293,7.698970004336019,14.0,8.5,88.0,0.0,0.0,0.0,3,6,10,1.0,20.0,-1500.0,0.04999999999999993,-0.020000000000000004,0.44999999999999996,0.8000000000000003,0.19999999999999996,2.884,0.0,0.95,0.0,1.934,0.0,0.616,0.0,1.2457596956683417,0.0,0.4170851232062826,0.0,0.6331,0.2709,0.1742,0.6174,0.0833,1,0.71,2,1,1,36.3,25.0,7.0,0.0,0.2966507177033493,0.0,0.7222,0.6642,0.7,0.48,0.37,0.42,0.24219999999999997,0.2942,0.27999999999999997,0
0.0,0.0,0.5,0.5,0,0,1.0,7.698970004336019,7.698970004336019,0.0,0.0,70.0,0.0,0.0,0.0,0,0,0,0.0,0.0,0.0,0.0,0.0,0.0,0.0,0.0,0.0,0.0,0.0,0.0,0.0,0.0,0.0,0.0,0.0,0.0,0.0,0.0,0.0,0.3056,0.0,0.0,0.0,0,0.45,0,0,0,25.0,25.0,0.0,0.0,0.0,0.0,0.48,0.37,0.42,0.48,0.37,0.42,0.0,0.0,0.0,0
0.0,0.0,0.5,0.5,0,0,17.0,8.929418925714293,7.698970004336019,14.0,8.5,88.0,0.0,0.0,0.0,3,6,17,1.0,20.0,-1500.0,0.04999999999999993,-0.020000000000000004,0.44999999999999996,0.8000000000000003,0.19999999999999996,2.884,0.0,0.95,0.0,1.934,0.0,0.616,0.0,1.2457596956683417,0.0,0.4170851232062826,0.0,0.6331,0.0,0.1742,0.6174,0.0833,1,0.71,2,1,1,36.3,25.0,7.0,0.0,0.2966507177033493,0.0,0.7222,0.6642,0.7,0.48,0.37,0.42,0.24219999999999997,0.2942,0.27999999999999997,1
0.0,0.0,0.5,0.5,0,0,1.0,7.698970004336019,7.698970004336019,0.0,0.0,70.0,0.0,0.0,0.0,0,0,7,0.0,0.0,0.0,0.0,0.0,0.0,0.0,0.0,0.0,0.0,0.0,0.0,0.0,0.0,0.0,0.0,0.0,0.0,0.0,0.0,0.5138,0.3056,0.2154,0.6021,0.0655,0,0.45,0,0,0,25.0,25.0,0.0,0.0,0.0,0.0,0.48,0.37,0.42,0.48,0.37,0.42,0.0,0.0,0.0,1
0.0,0.0,0.5,0.5,0,0,17.0,8.929418925714293,7.698970004336019,14.0,8.5,88.0,0.0,0.0,0.0,3,6,17,1.0,20.0,-1500.0,0.04999999999999993,-0.020000000000000004,0.44999999999999996,0.8000000000000003,0.19999999999999996,2.884,0.0,0.95,0.0,1.934,0.0,0.616,0.0,1.2457596956683417,0.0,0.4170851232062826,0.0,0.6331,0.3056,0.1742,0.6174,0.0833,1,0.71,2,1,1,36.3,25.0,7.0,0.0,0.2966507177033493,0.0,0.7222,0.6642,0.7,0.48,0.37,0.42,0.24219999999999997,0.2942,0.27999999999999997,0
0.0,0.0,0.5,0.5,0,0,1.0,7.698970004336019,7.698970004336019,0.0,0.0,70.0,0.0,0.0,0.0,0,0,7,0.0,0.0,0.0,0.0,0.0,0.0,0.0,0.0,0.0,0.0,0.0,0.0,0.0,0.0,0.0,0.0,0.0,0.0,0.0,0.0,0.5138,0.0,0.2154,0.6021,0.0655,0,0.45,0,0,0,25.0,25.0,0.0,0.0,0.0,0.0,0.48,0.37,0.42,0.48,0.37,0.42,0.0,0.0,0.0,0
0.0,0.0,0.5,0.5,0,0,1.6666666666666667,8.301029995663981,8.079181246047625,1.5,0.5,81.0,0.0,0.0,0.0,0,4,11,0.0,0.0,0.0,0.0,0.0,0.0,0.0,0.0,1.599,1.798,1.173,1.513,0.426,0.285,0.1009999999999999,0.1019999999999999,0.9320745946735548,1.082179702707457,0.3812100616603805,0.401214821926276,0.4719,0.221,0.2898,0.8452,0.0678,0,0.53,0,0,0,25.6,25.1,1.0,0.0,0.014354066985645897,0.0,0.4689,0.3119,0.418,0.4965,0.3635,0.4198,-0.027600000000000013,-0.05159999999999998,-0.0018000000000000238,0
0.0,0.0,0.5,0.5,0,0,20.0,9.0,7.698970004336019,13.5,7.0,87.5,0.0,0.0,0.0,5,11,21,0.3000000000000007,13.0,-2500.0,0.09999999999999998,-0.04000000000000001,0.41999999999999993,0.5,0.09999999999999998,2.451,0.0,0.825,0.0,1.626,0.0,0.349,0.0,1.1980330911358643,0.0,0.3834478089938996,0.0,0.6748,0.0,0.1307,0.8196,0.0699,0,0.6,0,0,0,39.1,25.0,9.0,0.0,0.3708133971291867,0.0,0.64,0.5449,0.7004,0.48,0.37,0.42,0.16000000000000003,0.17490000000000006,0.28040000000000004,1
0.0,0.0,0.5,0.5,0,0,0.4166666666666667,7.698970004336019,8.079181246047625,-5.5,-3.5,70.0,0.0,0.0,0.0,0,0,0,0.0,0.0,0.0,0.0,0.0,0.0,0.0,0.0,0.0,1.798,0.0,1.513,0.0,0.285,0.0,0.1019999999999999,0.0,1.082179702707457,0.0,0.401214821926276,0.0,0.221,0.0,0.0,0.0,0,0.45,0,0,0,25.0,25.1,0.0,0.0,-0.0023923444976076125,0.0,0.48,0.37,0.42,0.4965,0.3635,0.4198,-0.016500000000000015,0.006500000000000006,0.00019999999999997797,1
0.0,0.0,0.5,0.5,0,0,5.0,9.0,8.301029995663981,6.5,3.0,87.5,0.0,0.0,0.0,5,7,10,0.3000000000000007,13.0,-2500.0,0.09999999999999998,-0.04000000000000001,0.41999999999999993,0.5,0.09999999999999998,2.451,1.599,0.825,1.173,1.626,0.426,0.349,0.1009999999999999,1.1980330911358643,0.9320745946735548,0.3834478089938996,0.3812100616603805,0.6748,0.2383,0.1307,0.8196,0.0699,0,0.6,0,0,0,39.1,25.6,9.0,1.0,0.3540669856459332,0.0,0.64,0.5449,0.7004,0.4689,0.3119,0.418,0.17110000000000003,0.23300000000000004,0.28240000000000004,1
0.0,0.0,0.5,0.5,0,0,1.0,7.698970004336019,7.698970004336019,0.0,0.0,70.0,0.0,0.0,0.0,0,0,0,0.0,0.0,0.0,0.0,0.0,0.0,0.0,0.0,0.0,0.0,0.0,0.0,0.0,0.0,0.0,0.0,0.0,0.0,0.0,0.0,0.0,0.3056,0.0,0.0,0.0,0,0.45,0,0,0,25.0,25.0,0.0,0.0,0.0,0.0,0.48,0.37,0.42,0.48,0.37,0.42,0.0,0.0,0.0,0
0.0,0.0,0.5,0.5,0,0,0.1111111111111111,7.698970004336019,8.653212513775344,-10.0,-9.0,70.0,0.0,0.0,0.0,-2,-5,-13,0.5,-6.0,1500.0,-0.04999999999999993,0.16999999999999998,0.19999999999999996,-0.30000000000000004,-0.09999999999999998,0.0,2.161,0.0,1.17,0.0,0.991,0.0,0.439,0.0,1.0807602735652382,0.0,0.5795295026523193,0.0,0.172,0.0,0.0,0.0,0,0.45,0,0,0,25.0,36.8,0.0,3.0,-0.31100478468899506,0.0,0.48,0.37,0.42,0.5314,0.501,0.5217,-0.0514,-0.131,-0.10170000000000007,1
0.0,0.0,0.5,0.5,0,0,17.0,8.929418925714293,7.698970004336019,13.799999999999997,5.0,87.5,0.0,0.0,0.0,1,2,15,-1.0,3.0,0.0,0.04999999999999993,0.13999999999999999,0.48,0.6000000000000001,0.19999999999999996,2.592,0.0,0.939,0.0,1.653,0.0,0.108,0.0,0.9731844800911872,0.0,0.4399949494659632,0.0,0.6413,0.0,0.2269,0.7296,0.0546,0,0.67,1,0,0,42.3,25.0,12.0,0.0,0.4545454545454546,0.0,0.4564,0.5811,0.6325,0.48,0.37,0.42,-0.02360000000000001,0.21109999999999995,0.21249999999999997,0
0.0,0.0,0.5,0.5,0,0,2.4,9.079181246047625,8.698970004336019,3.5,3.5,88.5,0.0,0.0,0.0,1,1,2,-1.4000000000000021,-8.0,-800.0,0.050000000000000044,0.2,0.22999999999999998,0.19999999999999996,0.04999999999999999,2.341,2.002,1.067,1.323,1.274,0.6789999999999999,0.359,-0.1019999999999999,1.1426634743995732,0.9431066534244954,0.2724559087673128,0.3376651859131732,0.6109,0.205,0.1611,0.6545,0.0492,0,0.62,1,0,0,42.2,34.1,12.0,10.0,0.21291866028708128,0.0,0.458,0.5375,0.5466,0.4786,0.471,0.4919,-0.020600000000000007,0.0665,0.05469999999999997,1
0.0,0.0,0.5,0.5,0,0,17.0,8.929418925714293,7.698970004336019,14.0,8.5,88.0,0.0,0.0,0.0,3,6,17,1.0,20.0,-1500.0,0.04999999999999993,-0.020000000000000004,0.44999999999999996,0.8000000000000003,0.19999999999999996,2.884,0.0,0.95,0.0,1.934,0.0,0.616,0.0,1.2457596956683417,0.0,0.4170851232062826,0.0,0.6331,0.0,0.1742,0.6174,0.0833,1,0.71,2,1,1,36.3,25.0,7.0,0.0,0.2966507177033493,0.0,0.7222,0.6642,0.7,0.48,0.37,0.42,0.24219999999999997,0.2942,0.27999999999999997,0
0.0,0.0,0.5,0.5,0,0,1.0,7.698970004336019,7.698970004336019,0.0,0.0,70.0,0.0,0.0,0.0,0,0,0,0.0,0.0,0.0,0.0,-0.15,-0.44999999999999996,0.0,0.0,0.0,0.0,0.0,0.0,0.0,0.0,0.0,0.0,0.0,0.0,0.0,0.0,0.0,0.0,0.0,0.0,0.0,0,0.45,0,0,0,25.0,25.0,0.0,0.0,0.0,0.0,0.48,0.37,0.42,0.48,0.37,0.42,0.0,0.0,0.0,0
0.0,0.0,0.5,0.5,0,0,1.0,7.698970004336019,7.698970004336019,0.0,0.0,70.0,0.0,0.0,0.0,0,0,0,0.0,0.0,0.0,0.0,0.0,0.0,0.0,0.0,0.0,0.0,0.0,0.0,0.0,0.0,0.0,0.0,0.0,0.0,0.0,0.0,0.0,0.0,0.0,0.0,0.0,0,0.45,0,0,0,25.0,25.0,0.0,0.0,0.0,0.0,0.48,0.37,0.42,0.48,0.37,0.42,0.0,0.0,0.0,0
0.0,0.0,0.5,0.5,0,0,0.041666666666666664,7.698970004336019,9.079181246047625,-14.0,-8.0,70.0,0.0,0.0,0.0,-1,-3,-8,0.10000000000000142,-7.0,500.0,0.0,-0.18000000000000002,-0.58,-0.40000000000000013,-0.09999999999999998,0.0,2.341,0.0,1.067,0.0,1.274,0.0,0.359,0.0,1.1426634743995732,0.0,0.2724559087673128,0.5138,0.228,0.2154,0.6021,0.0655,0,0.45,0,0,0,25.0,42.2,0.0,12.0,-0.45215311004784686,0.0,0.48,0.37,0.42,0.458,0.5375,0.5466,0.021999999999999964,-0.16749999999999998,-0.1266,0
0.0,0.0,0.5,0.5,0,0,17.0,8.929418925714293,7.698970004336019,14.0,8.5,88.0,0.0,0.0,0.0,3,6,17,1.0,20.0,-1500.0,0.04999999999999993,-0.16999999999999998,0.0,0.8000000000000003,0.19999999999999996,2.884,0.0,0.95,0.0,1.934,0.0,0.616,0.0,1.2457596956683417,0.0,0.4170851232062826,0.0,0.6331,0.0,0.1742,0.6174,0.0833,1,0.71,2,1,1,36.3,25.0,7.0,0.0,0.2966507177033493,0.0,0.7222,0.6642,0.7,0.48,0.37,0.42,0.24219999999999997,0.2942,0.27999999999999997,0
0.0,0.0,0.5,0.5,0,0,0.041666666666666664,7.698970004336019,9.079181246047625,-14.0,-8.0,70.0,0.0,0.0,0.0,-1,-3,-15,0.10000000000000142,-7.0,500.0,0.0,-0.18000000000000002,-0.58,-0.40000000000000013,-0.09999999999999998,0.0,2.341,0.0,1.067,0.0,1.274,0.0,0.359,0.0,1.1426634743995732,0.0,0.2724559087673128,0.0,0.228,0.0,0.0,0.0,0,0.45,0,0,0,25.0,42.2,0.0,12.0,-0.45215311004784686,0.0,0.48,0.37,0.42,0.458,0.5375,0.5466,0.021999999999999964,-0.16749999999999998,-0.1266,0
0.0,0.0,0.5,0.5,0,0,0.041666666666666664,7.698970004336019,9.079181246047625,-14.0,-8.0,70.0,0.0,0.0,0.0,-1,-3,-15,0.10000000000000142,-7.0,500.0,0.0,-0.030000000000000027,-0.13,-0.40000000000000013,-0.09999999999999998,0.0,2.341,0.0,1.067,0.0,1.274,0.0,0.359,0.0,1.1426634743995732,0.0,0.2724559087673128,0.0,0.228,0.0,0.0,0.0,0,0.45,0,0,0,25.0,42.2,0.0,12.0,-0.45215311004784686,0.0,0.48,0.37,0.42,0.458,0.5375,0.5466,0.021999999999999964,-0.16749999999999998,-0.1266,1
0.0,0.0,0.5,0.5,0,0,0.058823529411764705,7.698970004336019,8.929418925714293,-14.0,-8.5,70.0,0.0,0.0,0.0,-3,-6,-17,-1.0,-20.0,1500.0,-0.04999999999999993,0.020000000000000004,-0.44999999999999996,-0.8000000000000003,-0.19999999999999996,0.0,2.884,0.0,0.95,0.0,1.934,0.0,0.616,0.0,1.2457596956683417,0.0,0.4170851232062826,0.0,0.1927,0.0,0.0,0.0,0,0.45,0,-1,-1,25.0,36.3,0.0,7.0,-0.2966507177033493,0.0,0.48,0.37,0.42,0.7222,0.6642,0.7,-0.24219999999999997,-0.2942,-0.27999999999999997,1
0.0,0.0,0.5,0.5,0,0,8.333333333333334,9.0,8.079181246047625,8.0,3.5,87.5,0.0,0.0,0.0,5,11,21,0.3000000000000007,13.0,-2500.0,0.09999999999999998,-0.04000000000000001,0.41999999999999993,0.5,0.09999999999999998,2.451,1.798,0.825,1.513,1.626,0.285,0.349,0.1019999999999999,1.1980330911358643,1.082179702707457,0.3834478089938996,0.401214821926276,0.6748,0.221,0.1307,0.8196,0.0699,0,0.6,0,0,0,39.1,25.1,9.0,0.0,0.3684210526315791,0.0,0.64,0.5449,0.7004,0.4965,0.3635,0.4198,0.14350000000000002,0.18140000000000006,0.2806,1
0.0,0.0,0.5,0.5,0,0,4.0,8.301029995663981,7.698970004336019,7.0,4.0,81.0,0.0,0.0,0.0,0,4,11,0.0,0.0,0.0,0.0,0.0,0.0,0.0,0.0,1.599,0.0,1.173,0.0,0.426,0.0,0.1009999999999999,0.0,0.9320745946735548,0.0,0.3812100616603805,0.0,0.4719,0.0,0.2898,0.8452,0.0678,0,0.53,0,0,0,25.6,25.0,1.0,0.0,0.01674641148325351,0.0,0.4689,0.3119,0.418,0.48,0.37,0.42,-0.011099999999999999,-0.058099999999999985,-0.0020000000000000018,0
0.0,0.0,0.5,0.5,0,0,0.16666666666666666,7.698970004336019,8.477121254719663,-8.5,-6.5,70.0,0.0,0.0,0.0,0,0,-5,-0.1999999999999993,-5.0,4000.0,-0.15000000000000002,0.04000000000000001,-0.15000000000000002,-0.20000000000000018,-0.04999999999999999,0.0,1.959,0.0,1.329,0.0,0.63,0.0,0.741,0.0,1.3862285654790514,0.0,0.2850516522394571,0.0,0.2643,0.0,0.0,0.0,0,0.45,0,0,0,25.0,31.0,0.0,4.0,-0.1578947368421052,0.0,0.48,0.37,0.42,0.5139,0.4692,0.4953,-0.03390000000000004,-0.09920000000000001,-0.07530000000000003,0
0.0,0.0,0.5,0.5,0,0,1.0,7.698970004336019,7.698970004336019,0.0,0.0,70.0,0.0,0.0,0.0,0,0,0,0.0,0.0,0.0,0.0,0.0,0.0,0.0,0.0,0.0,0.0,0.0,0.0,0.0,0.0,0.0,0.0,0.0,0.0,0.0,0.0,0.0,0.0,0.0,0.0,0.0,0,0.45,0,0,0,25.0,25.0,0.0,0.0,0.0,0.0,0.48,0.37,0.42,0.48,0.37,0.42,0.0,0.0,0.0,1
0.0,0.0,0.5,0.5,0,0,0.2777777777777778,7.698970004336019,8.255272505103306,-7.0,-5.0,70.0,0.0,0.0,0.0,0,0,-6,0.0,0.0,0.0,0.0,0.15,0.44999999999999996,0.0,0.0,0.0,2.008,0.0,1.38,0.0,0.6280000000000001,0.0,0.1919999999999999,0.0,1.0959572566962812,0.0,0.4442921961452345,0.0,0.3453,0.0,0.0,0.0,0,0.45,0,0,0,25.0,23.7,0.0,0.0,0.03349282296650724,0.0,0.48,0.37,0.42,0.4442,0.329,0.414,0.0358,0.04099999999999998,0.006000000000000005,1
0.0,0.0,0.5,0.5,0,0,6.4,8.505149978319906,7.698970004336019,8.0,5.0,81.5,0.0,0.0,0.0,0,1,10,-1.3999999999999986,1.0,-7000.0,0.25,-0.020000000000000004,0.17999999999999994,0.10000000000000009,0.0,1.7120000000000002,0.0,1.179,0.0,0.5329999999999999,0.0,0.088,0.0,1.1043395370402465,0.0,0.3105121217887923,0.0,0.5541,0.0,0.1745,0.6843,0.0671,0,0.52,0,0,0,30.2,25.0,2.0,0.0,0.13636363636363635,0.0,0.3901,0.3768,0.3964,0.48,0.37,0.42,-0.08989999999999998,0.006800000000000028,-0.02360000000000001,0
0.0,0.0,0.5,0.5,0,0,0.15625,7.698970004336019,8.505149978319906,-8.0,-5.0,70.0,0.0,0.0,0.0,0,-1,-10,1.3999999999999986,-1.0,7000.0,-0.25,0.16999999999999998,0.27,-0.10000000000000009,0.0,0.0,1.7120000000000002,0.0,1.179,0.0,0.5329999999999999,0.0,0.088,0.0,1.1043395370402465,0.0,0.3105121217887923,0.0,0.2715,0.0,0.0,0.0,0,0.45,0,0,0,25.0,30.2,0.0,2.0,-0.13636363636363635,0.0,0.48,0.37,0.42,0.3901,0.3768,0.3964,0.08989999999999998,-0.006800000000000028,0.02360000000000001,1
0.0,0.0,0.5,0.5,0,0,3.6,8.255272505103306,7.698970004336019,7.0,5.0,80.5,0.0,0.0,0.0,0,0,6,0.0,0.0,0.0,0.0,0.0,0.0,0.0,0.0,2.008,0.0,1.38,0.0,0.6280000000000001,0.0,0.1919999999999999,0.0,1.0959572566962812,0.0,0.4442921961452345,0.0,0.3957,0.0,0.259,0.881,0.0469,0,0.6,0,0,0,23.7,25.0,0.0,0.0,-0.03349282296650724,0.0,0.4442,0.329,0.414,0.48,0.37,0.42,-0.0358,-0.04099999999999998,-0.006000000000000005,0
0.0,0.0,0.5,0.5,0,0,0.16666666666666666,7.698970004336019,8.477121254719663,-8.5,-6.5,70.0,0.0,0.0,0.0,0,0,2,-0.1999999999999993,-5.0,4000.0,-0.15000000000000002,0.04000000000000001,-0.15000000000000002,-0.20000000000000018,-0.04999999999999999,0.0,1.959,0.0,1.329,0.0,0.63,0.0,0.741,0.0,1.3862285654790514,0.0,0.2850516522394571,0.5138,0.2643,0.2154,0.6021,0.0655,0,0.45,0,0,0,25.0,31.0,0.0,4.0,-0.1578947368421052,0.0,0.48,0.37,0.42,0.5139,0.4692,0.4953,-0.03390000000000004,-0.09920000000000001,-0.07530000000000003,1
0.0,0.0,0.5,0.5,0,0,1.0,7.698970004336019,7.698970004336019,0.0,0.0,70.0,0.0,0.0,0.0,0,0,0,0.0,0.0,0.0,0.0,0.0,0.0,0.0,0.0,0.0,0.0,0.0,0.0,0.0,0.0,0.0,0.0,0.0,0.0,0.0,0.0,0.0,0.0,0.0,0.0,0.0,0,0.45,0,0,0,25.0,25.0,0.0,0.0,0.0,0.0,0.48,0.37,0.42,0.48,0.37,0.42,0.0,0.0,0.0,1
0.0,0.0,0.5,0.5,0,0,1.1764705882352942,9.0,8.929418925714293,-0.5,-1.5,87.5,0.0,0.0,0.0,2,5,4,-0.6999999999999993,-7.0,-1000.0,0.050000000000000044,-0.020000000000000004,-0.030000000000000027,-0.30000000000000027,-0.09999999999999998,2.451,2.884,0.825,0.95,1.626,1.934,0.349,0.616,1.1980330911358643,1.2457596956683417,0.3834478089938996,0.4170851232062826,0.6748,0.1927,0.1307,0.8196,0.0699,0,0.6,0,-1,-1,39.1,36.3,9.0,7.0,0.07416267942583743,0.0,0.64,0.5449,0.7004,0.7222,0.6642,0.7,-0.08219999999999994,-0.11929999999999996,0.00040000000000006697,0
0.0,0.0,0.5,0.5,0,0,0.07692307692307693,7.698970004336019,8.812913356642856,-12.5,-8.5,70.0,0.0,0.0,0.0,0,-5,-10,-0.10000000000000142,-4.0,-200.0,0.050000000000000044,-0.04999999999999999,-0.38,-0.5,0.0,0.0,2.645,0.0,0.751,0.0,1.894,0.0,-0.2449999999999999,0.0,0.9060118494310764,0.0,0.3351699403122077,0.0,0.219,0.0,0.0,0.0,0,0.45,0,0,0,25.0,38.0,0.0,7.0,-0.3421052631578947,0.0,0.48,0.37,0.42,0.5646,0.5123,0.6106,-0.08460000000000001,-0.14229999999999998,-0.19060000000000005,1
0.0,0.0,0.5,0.5,0,0,5.416666666666667,8.812913356642856,8.079181246047625,8.0,8.5,86.0,0.0,0.0,0.0,0,5,8,0.10000000000000142,4.0,200.0,-0.050000000000000044,0.04999999999999999,0.38,0.5,0.0,2.645,1.764,0.751,1.675,1.894,0.089,-0.2449999999999999,-0.064,0.9060118494310764,0.9638575780728784,0.3351699403122077,0.284026602822889,0.5863,0.2807,0.1947,0.7823,0.0485,0,0.6,0,0,0,38.0,25.3,7.0,0.0,0.33492822966507174,0.0,0.5646,0.5123,0.6106,0.4741,0.3382,0.414,0.09049999999999997,0.17409999999999998,0.19660000000000005,0
0.0,0.0,0.5,0.5,0,0,24.0,9.079181246047625,7.698970004336019,14.0,8.0,88.5,0.0,0.0,0.0,1,3,15,-0.10000000000000142,7.0,-500.0,0.0,0.18000000000000002,0.58,0.40000000000000013,0.09999999999999998,2.341,0.0,1.067,0.0,1.274,0.0,0.359,0.0,1.1426634743995732,0.0,0.2724559087673128,0.0,0.6109,0.0,0.1611,0.6545,0.0492,0,0.62,1,0,0,42.2,25.0,12.0,0.0,0.45215311004784686,0.0,0.458,0.5375,0.5466,0.48,0.37,0.42,-0.021999999999999964,0.16749999999999998,0.1266,0
0.0,0.0,0.5,0.5,0,0,0.4,8.255272505103306,8.653212513775344,-4.0,-7.0,81.0,0.0,0.0,0.0,-2,-4,-3,0.5,-6.0,3500.0,-0.09999999999999998,0.0,-0.27,-0.09999999999999987,-0.09999999999999998,1.7420000000000002,2.161,1.473,1.17,0.269,0.991,0.758,0.439,1.5093139957020203,1.0807602735652382,0.4204177816305003,0.5795295026523193,0.613,0.172,0.1143,0.8314,0.0437,0,0.5,0,0,0,27.6,36.8,0.0,3.0,-0.24162679425837308,0.0,0.415,0.3381,0.4039,0.5314,0.501,0.5217,-0.1164,-0.1629,-0.11780000000000007,0
0.0,0.0,0.5,0.5,0,0,0.5882352941176471,8.698970004336019,8.929418925714293,-3.299999999999997,-0.5,84.5,0.0,0.0,0.0,-1,0,-2,2.3000000000000007,12.0,300.0,-0.09999999999999998,-0.15999999999999998,-0.13,-0.3999999999999999,-0.14999999999999997,2.002,2.592,1.323,0.939,0.6789999999999999,1.653,-0.1019999999999999,0.108,0.9431066534244954,0.9731844800911872,0.3376651859131732,0.4399949494659632,0.5783,0.1318,0.2167,0.8053,0.062,0,0.52,0,0,0,34.1,42.3,10.0,12.0,-0.215311004784689,0.0,0.4786,0.471,0.4919,0.4564,0.5811,0.6325,0.022200000000000053,-0.11009999999999998,-0.14059999999999995,0
0.0,0.0,0.5,0.5,0,0,1.0,7.698970004336019,7.698970004336019,0.0,0.0,70.0,0.0,0.0,0.0,0,0,0,0.0,0.0,0.0,0.0,0.15,0.44999999999999996,0.0,0.0,0.0,0.0,0.0,0.0,0.0,0.0,0.0,0.0,0.0,0.0,0.0,0.0,0.0,0.0,0.0,0.0,0.0,0,0.45,0,0,0,25.0,25.0,0.0,0.0,0.0,0.0,0.48,0.37,0.42,0.48,0.37,0.42,0.0,0.0,0.0,0
0.0,0.0,0.5,0.5,0,0,2.0454545454545454,8.653212513775344,8.342422680822207,1.0,1.5,86.0,0.0,0.0,0.0,0,0,-14,-0.3999999999999986,-11.0,7500.0,-0.29999999999999993,-0.24999999999999997,0.12,0.09999999999999987,0.050000000000000044,1.6330000000000002,1.7739999999999998,1.3030000000000002,1.399,0.33,0.375,0.567,-0.2739999999999999,1.4576317234223708,0.8012143853944391,0.3969620748747779,0.301485212462126,0.3457,0.215,0.3574,0.6279,0.0849,0,0.54,0,-2,-1,34.3,25.0,8.0,1.0,0.2440191387559807,0.0,0.4446,0.38,0.4143,0.467,0.3049,0.3458,-0.02240000000000003,0.0751,0.0685,1
0.0,0.0,0.5,0.5,0,0,0.1111111111111111,7.698970004336019,8.653212513775344,-8.0,-5.0,70.0,0.0,0.0,0.0,0,0,-2,0.0,0.0,0.0,0.0,0.15,0.44999999999999996,0.0,0.0,0.0,1.6330000000000002,0.0,1.3030000000000002,0.0,0.33,0.0,0.567,0.0,1.4576317234223708,0.0,0.3969620748747779,0.0,0.297,0.0,0.0,0.0,0,0.45,0,0,0,25.0,34.3,0.0,8.0,-0.2440191387559807,0.0,0.48,0.37,0.42,0.4446,0.38,0.4143,0.03539999999999999,-0.010000000000000009,0.005699999999999983,1
0.0,0.0,0.5,0.5,0,0,4.4,8.342422680822207,7.698970004336019,7.0,3.5,80.0,0.0,0.0,0.0,0,0,16,0.3999999999999986,11.0,-7500.0,0.29999999999999993,0.24999999999999997,-0.12,-0.09999999999999987,-0.050000000000000044,1.7739999999999998,0.0,1.399,0.0,0.375,0.0,-0.2739999999999999,0.0,0.8012143853944391,0.0,0.301485212462126,0.0,0.5765,0.0,0.2085,0.7166,0.0536,2,0.55,0,2,1,25.0,25.0,1.0,0.0,0.0,0.0,0.467,0.3049,0.3458,0.48,0.37,0.42,-0.012999999999999956,-0.06509999999999999,-0.07419999999999999,1
0.0,0.0,0.5,0.5,0,0,1.0666666666666667,8.505149978319906,8.477121254719663,-0.5,-1.5,81.5,0.0,0.0,0.0,0,1,5,-1.5999999999999979,-4.0,-3000.0,0.09999999999999998,0.020000000000000004,0.029999999999999916,-0.10000000000000009,-0.04999999999999999,1.7120000000000002,1.959,1.179,1.329,0.5329999999999999,0.63,0.088,0.741,1.1043395370402465,1.3862285654790514,0.3105121217887923,0.2850516522394571,0.5541,0.2643,0.1745,0.6843,0.0671,0,0.52,0,0,0,30.2,31.0,2.0,4.0,-0.021531100478468845,0.0,0.3901,0.3768,0.3964,0.5139,0.4692,0.4953,-0.12380000000000002,-0.09239999999999998,-0.09890000000000004,1
0.0,0.0,0.5,0.5,0,0,0.20833333333333334,7.698970004336019,8.380211241711606,-7.5,-4.5,70.0,0.0,0.0,0.0,0,0,-11,-0.6000000000000014,-10.0,0.0,0.0,0.0,0.0,0.0,0.0,0.0,1.6960000000000002,0.0,1.391,0.0,0.305,0.0,-0.196,0.0,0.8891132124050513,0.0,0.3092715455532385,0.4417,0.2319,0.2526,0.8661,0.079,0,0.45,0,-1,-1,25.0,31.0,0.0,2.0,-0.1578947368421052,0.0,0.48,0.37,0.42,0.3333,0.4488,0.4901,0.1467,-0.07879999999999998,-0.0701,0
0.0,0.0,0.5,0.5,0,0,6.0,8.477121254719663,7.698970004336019,8.5,6.5,82.0,0.0,0.0,0.0,0,0,5,0.1999999999999993,5.0,-4000.0,0.15000000000000002,-0.04000000000000001,0.15000000000000002,0.20000000000000018,0.04999999999999999,1.959,0.0,1.329,0.0,0.63,0.0,0.741,0.0,1.3862285654790514,0.0,0.2850516522394571,0.0,0.514,0.3056,0.2217,0.7231,0.0778,0,0.62,0,0,0,31.0,25.0,4.0,0.0,0.1578947368421052,0.0,0.5139,0.4692,0.4953,0.48,0.37,0.42,0.03390000000000004,0.09920000000000001,0.07530000000000003,0
0.0,0.0,0.5,0.5,0,0,1.3333333333333333,8.505149978319906,8.380211241711606,0.5,0.5,81.5,0.0,0.0,0.0,0,1,-1,-2.0,-9.0,-7000.0,0.25,-0.020000000000000004,0.17999999999999994,0.10000000000000009,0.0,1.7120000000000002,1.6960000000000002,1.179,1.391,0.5329999999999999,0.305,0.088,-0.196,1.1043395370402465,0.8891132124050513,0.3105121217887923,0.3092715455532385,0.5541,0.2319,0.1745,0.6843,0.0671,0,0.52,0,-1,-1,30.2,31.0,2.0,2.0,-0.021531100478468845,0.0,0.3901,0.3768,0.3964,0.3333,0.4488,0.4901,0.05680000000000002,-0.07199999999999995,-0.0937,0
0.0,0.0,0.5,0.5,0,0,20.0,9.0,7.698970004336019,13.5,7.0,87.5,0.0,0.0,0.0,5,11,21,0.3000000000000007,13.0,-2500.0,0.09999999999999998,-0.04000000000000001,0.41999999999999993,0.5,0.09999999999999998,2.451,0.0,0.825,0.0,1.626,0.0,0.349,0.0,1.1980330911358643,0.0,0.3834478089938996,0.0,0.6748,0.0,0.1307,0.8196,0.0699,0,0.6,0,0,0,39.1,25.0,9.0,0.0,0.3708133971291867,0.0,0.64,0.5449,0.7004,0.48,0.37,0.42,0.16000000000000003,0.17490000000000006,0.28040000000000004,1
0.0,0.0,0.5,0.5,0,0,0.25,7.698970004336019,8.301029995663981,-7.0,-4.0,70.0,0.0,0.0,0.0,0,-4,-4,0.0,0.0,0.0,0.0,0.0,0.0,0.0,0.0,0.0,1.599,0.0,1.173,0.0,0.426,0.0,0.1009999999999999,0.0,0.9320745946735548,0.0,0.3812100616603805,0.5138,0.2383,0.2154,0.6021,0.0655,0,0.45,0,0,0,25.0,25.6,0.0,1.0,-0.01674641148325351,0.0,0.48,0.37,0.42,0.4689,0.3119,0.418,0.011099999999999999,0.058099999999999985,0.0020000000000000018,0
0.0,0.0,0.5,0.5,0,0,6.4,8.505149978319906,7.698970004336019,8.0,5.0,81.5,0.0,0.0,0.0,0,1,10,-1.3999999999999986,1.0,-7000.0,0.25,-0.020000000000000004,0.17999999999999994,0.10000000000000009,0.0,1.7120000000000002,0.0,1.179,0.0,0.5329999999999999,0.0,0.088,0.0,1.1043395370402465,0.0,0.3105121217887923,0.0,0.5541,0.3056,0.1745,0.6843,0.0671,0,0.52,0,0,0,30.2,25.0,2.0,0.0,0.13636363636363635,0.0,0.3901,0.3768,0.3964,0.48,0.37,0.42,-0.08989999999999998,0.006800000000000028,-0.02360000000000001,0
0.0,0.0,0.5,0.5,0,0,0.8,8.380211241711606,8.477121254719663,-1.0,-2.0,81.5,0.0,0.0,0.0,0,0,6,0.40000000000000213,5.0,4000.0,-0.15000000000000002,0.04000000000000001,-0.15000000000000002,-0.20000000000000018,-0.04999999999999999,1.6960000000000002,1.959,1.391,1.329,0.305,0.63,-0.196,0.741,0.8891132124050513,1.3862285654790514,0.3092715455532385,0.2850516522394571,0.6244,0.2643,0.1437,0.6265,0.0498,1,0.57,0,1,1,31.0,31.0,2.0,4.0,0.0,0.0,0.3333,0.4488,0.4901,0.5139,0.4692,0.4953,-0.18060000000000004,-0.02040000000000003,-0.005200000000000038,0
0.0,0.0,0.5,0.5,0,0,1.0,7.698970004336019,7.698970004336019,0.0,0.0,70.0,0.0,0.0,0.0,0,0,0,0.0,0.0,0.0,0.0,0.0,0.0,0.0,0.0,0.0,0.0,0.0,0.0,0.0,0.0,0.0,0.0,0.0,0.0,0.0,0.0,0.0,0.2457,0.0,0.0,0.0,0,0.45,0,0,0,25.0,25.0,0.0,0.0,0.0,0.0,0.48,0.37,0.42,0.48,0.37,0.42,0.0,0.0,0.0,0
0.0,0.0,0.5,0.5,0,0,17.0,8.929418925714293,7.698970004336019,14.0,8.5,88.0,0.0,0.0,0.0,3,6,17,1.0,20.0,-1500.0,0.04999999999999993,-0.020000000000000004,0.44999999999999996,0.8000000000000003,0.19999999999999996,2.884,0.0,0.95,0.0,1.934,0.0,0.616,0.0,1.2457596956683417,0.0,0.4170851232062826,0.0,0.6331,0.0,0.1742,0.6174,0.0833,1,0.71,2,1,1,36.3,25.0,7.0,0.0,0.2966507177033493,0.0,0.7222,0.6642,0.7,0.48,0.37,0.42,0.24219999999999997,0.2942,0.27999999999999997,0
0.0,0.0,0.5,0.5,0,0,1.0,7.698970004336019,7.698970004336019,0.0,0.0,70.0,0.0,0.0,0.0,0,0,0,0.0,0.0,0.0,0.0,0.0,0.0,0.0,0.0,0.0,0.0,0.0,0.0,0.0,0.0,0.0,0.0,0.0,0.0,0.0,0.0,0.0,0.0,0.0,0.0,0.0,0,0.45,0,0,0,25.0,25.0,0.0,0.0,0.0,0.0,0.48,0.37,0.42,0.48,0.37,0.42,0.0,0.0,0.0,1
0.0,0.0,0.5,0.5,0,0,17.0,8.929418925714293,7.698970004336019,14.0,8.5,88.0,0.0,0.0,0.0,3,6,17,1.0,20.0,-1500.0,0.04999999999999993,-0.020000000000000004,0.44999999999999996,0.8000000000000003,0.19999999999999996,2.884,0.0,0.95,0.0,1.934,0.0,0.616,0.0,1.2457596956683417,0.0,0.4170851232062826,0.0,0.6331,0.2457,0.1742,0.6174,0.0833,1,0.71,2,1,1,36.3,25.0,7.0,0.0,0.2966507177033493,0.0,0.7222,0.6642,0.7,0.48,0.37,0.42,0.24219999999999997,0.2942,0.27999999999999997,1
0.0,0.0,0.5,0.5,0,0,3.6,8.255272505103306,7.698970004336019,6.0,2.0,81.0,0.0,0.0,0.0,0,1,10,0.0,0.0,2000.0,-0.050000000000000044,-0.020000000000000004,-0.020000000000000018,0.20000000000000018,0.0,1.7420000000000002,0.0,1.473,0.0,0.269,0.0,0.758,0.0,1.5093139957020203,0.0,0.4204177816305003,0.0,0.613,0.0,0.1143,0.8314,0.0437,0,0.5,0,0,0,27.6,25.0,0.0,0.0,0.06937799043062198,0.0,0.415,0.3381,0.4039,0.48,0.37,0.42,-0.065,-0.031899999999999984,-0.016100000000000003,0
0.0,0.0,0.5,0.5,0,0,0.8823529411764706,8.8750612633917,8.929418925714293,-0.7999999999999972,2.5,86.5,0.0,0.0,0.0,3,11,4,1.6999999999999993,6.0,200.0,-0.09999999999999998,-0.01999999999999999,-0.030000000000000027,-0.30000000000000004,-0.19999999999999996,2.428,2.592,0.876,0.939,1.552,1.653,-0.0279999999999999,0.108,0.9223655810598944,0.9731844800911872,0.4258533915693417,0.4399949494659632,0.5733,0.1318,0.2037,0.6876,0.0583,0,0.58,0,0,0,38.7,42.3,10.0,12.0,-0.09330143540669877,0.0,0.7582,0.5095,0.703,0.4564,0.5811,0.6325,0.3018,-0.0716,0.07050000000000001,0
0.0,0.0,0.5,0.5,0,0,4.722222222222222,8.929418925714293,8.255272505103306,7.799999999999997,3.0,87.5,0.0,0.0,0.0,1,1,5,-1.0,3.0,-2000.0,0.09999999999999998,0.15999999999999998,0.5,0.3999999999999999,0.19999999999999996,2.592,1.7420000000000002,0.939,1.473,1.653,0.269,0.108,0.758,0.9731844800911872,1.5093139957020203,0.4399949494659632,0.4204177816305003,0.6413,0.2727,0.2269,0.7296,0.0546,0,0.67,1,0,0,42.3,27.6,12.0,0.0,0.3851674641148326,0.0,0.4564,0.5811,0.6325,0.415,0.3381,0.4039,0.04139999999999999,0.24299999999999994,0.22859999999999997,0
0.0,0.0,0.5,0.5,0,0,15.0,8.8750612633917,7.698970004336019,13.0,7.5,86.5,0.0,0.0,0.0,4,13,19,0.6999999999999993,9.0,200.0,-0.050000000000000044,0.12,0.44999999999999996,0.30000000000000004,0.0,2.428,0.0,0.876,0.0,1.552,0.0,-0.0279999999999999,0.0,0.9223655810598944,0.0,0.4258533915693417,0.0,0.5733,0.0,0.2037,0.6876,0.0583,0,0.58,0,0,0,38.7,25.0,10.0,0.0,0.3612440191387558,0.0,0.7582,0.5095,0.703,0.48,0.37,0.42,0.2782,0.13949999999999996,0.283,1
0.0,0.0,0.5,0.5,0,0,1.0,7.698970004336019,7.698970004336019,0.0,0.0,70.0,0.0,0.0,0.0,0,0,0,0.0,0.0,0.0,0.0,0.0,0.0,0.0,0.0,0.0,0.0,0.0,0.0,0.0,0.0,0.0,0.0,0.0,0.0,0.0,0.0,0.423,0.0,0.3313,0.636,0.0569,0,0.45,0,0,0,25.0,25.0,0.0,0.0,0.0,0.0,0.48,0.37,0.42,0.48,0.37,0.42,0.0,0.0,0.0,1
0.0,0.0,0.5,0.5,0,0,17.0,8.929418925714293,7.698970004336019,14.0,8.5,88.0,0.0,0.0,0.0,3,6,17,1.0,20.0,-1500.0,0.04999999999999993,-0.020000000000000004,0.44999999999999996,0.8000000000000003,0.19999999999999996,2.884,0.0,0.95,0.0,1.934,0.0,0.616,0.0,1.2457596956683417,0.0,0.4170851232062826,0.0,0.6331,0.0,0.1742,0.6174,0.0833,1,0.71,2,1,1,36.3,25.0,7.0,0.0,0.2966507177033493,0.0,0.7222,0.6642,0.7,0.48,0.37,0.42,0.24219999999999997,0.2942,0.27999999999999997,1
0.0,0.0,0.5,0.5,0,0,4.166666666666667,8.8750612633917,8.255272505103306,7.0,5.5,86.5,0.0,0.0,0.0,4,12,9,0.6999999999999993,9.0,-1800.0,0.0,0.14,0.47,0.09999999999999987,0.0,2.428,1.7420000000000002,0.876,1.473,1.552,0.269,-0.0279999999999999,0.758,0.9223655810598944,1.5093139957020203,0.4258533915693417,0.4204177816305003,0.5733,0.2727,0.2037,0.6876,0.0583,0,0.58,0,0,0,38.7,27.6,10.0,0.0,0.29186602870813383,0.0,0.7582,0.5095,0.703,0.415,0.3381,0.4039,0.3432,0.17139999999999994,0.2991,1
0.0,0.0,0.5,0.5,0,0,0.058823529411764705,7.698970004336019,8.929418925714293,-13.799999999999997,-5.0,70.0,0.0,0.0,0.0,-1,-2,-15,1.0,-3.0,0.0,-0.04999999999999993,-0.13999999999999999,-0.48,-0.6000000000000001,-0.19999999999999996,0.0,2.592,0.0,0.939,0.0,1.653,0.0,0.108,0.0,0.9731844800911872,0.0,0.4399949494659632,0.0,0.1318,0.0,0.0,0.0,0,0.45,0,0,0,25.0,42.3,0.0,12.0,-0.4545454545454546,0.0,0.48,0.37,0.42,0.4564,0.5811,0.6325,0.02360000000000001,-0.21109999999999995,-0.21249999999999997,0
0.0,0.0,0.5,0.5,0,0,0.25,7.698970004336019,8.301029995663981,-7.0,-4.0,70.0,0.0,0.0,0.0,0,-4,-11,0.0,0.0,0.0,0.0,0.0,0.0,0.0,0.0,0.0,1.599,0.0,1.173,0.0,0.426,0.0,0.1009999999999999,0.0,0.9320745946735548,0.0,0.3812100616603805,0.4417,0.2383,0.2526,0.8661,0.079,0,0.45,0,0,0,25.0,25.6,0.0,1.0,-0.01674641148325351,0.0,0.48,0.37,0.42,0.4689,0.3119,0.418,0.011099999999999999,0.058099999999999985,0.0020000000000000018,0
0.0,0.0,0.5,0.5,0,0,0.06666666666666667,7.698970004336019,8.8750612633917,-13.0,-7.5,70.0,0.0,0.0,0.0,-4,-13,-19,-0.6999999999999993,-9.0,-200.0,0.050000000000000044,-0.12,-0.44999999999999996,-0.30000000000000004,0.0,0.0,2.428,0.0,0.876,0.0,1.552,0.0,-0.0279999999999999,0.0,0.9223655810598944,0.0,0.4258533915693417,0.0,0.223,0.0,0.0,0.0,0,0.45,0,0,0,25.0,38.7,0.0,10.0,-0.3612440191387558,0.0,0.48,0.37,0.42,0.7582,0.5095,0.703,-0.2782,-0.13949999999999996,-0.283,1
0.0,0.0,0.5,0.5,0,0,0.65,8.812913356642856,9.0,-1.0,1.5,86.0,0.0,0.0,0.0,-5,-6,-11,-0.1999999999999993,-9.0,2700.0,-0.15000000000000002,0.09,-0.039999999999999925,0.0,-0.09999999999999998,2.645,2.451,0.751,0.825,1.894,1.626,-0.2449999999999999,0.349,0.9060118494310764,1.1980330911358643,0.3351699403122077,0.3834478089938996,0.5863,0.1945,0.1947,0.7823,0.0485,0,0.6,0,0,0,38.0,39.1,7.0,9.0,-0.028708133971292016,0.0,0.5646,0.5123,0.6106,0.64,0.5449,0.7004,-0.07540000000000002,-0.03260000000000007,-0.08979999999999999,0
0.0,0.0,0.5,0.5,0,0,0.058823529411764705,7.698970004336019,8.929418925714293,-13.799999999999997,-5.0,70.0,0.0,0.0,0.0,-1,-2,-15,1.0,-3.0,0.0,-0.04999999999999993,0.010000000000000009,-0.030000000000000027,-0.6000000000000001,-0.19999999999999996,0.0,2.592,0.0,0.939,0.0,1.653,0.0,0.108,0.0,0.9731844800911872,0.0,0.4399949494659632,0.0,0.1318,0.0,0.0,0.0,0,0.45,0,0,0,25.0,42.3,0.0,12.0,-0.4545454545454546,0.0,0.48,0.37,0.42,0.4564,0.5811,0.6325,0.02360000000000001,-0.21109999999999995,-0.21249999999999997,1
0.0,0.0,0.5,0.5,0,0,20.0,9.0,7.698970004336019,13.5,7.0,87.5,0.0,0.0,0.0,5,11,21,0.3000000000000007,13.0,-2500.0,0.09999999999999998,-0.19,-0.030000000000000027,0.5,0.09999999999999998,2.451,0.0,0.825,0.0,1.626,0.0,0.349,0.0,1.1980330911358643,0.0,0.3834478089938996,0.0,0.6748,0.0,0.1307,0.8196,0.0699,0,0.6,0,0,0,39.1,25.0,9.0,0.0,0.3708133971291867,0.0,0.64,0.5449,0.7004,0.48,0.37,0.42,0.16000000000000003,0.17490000000000006,0.28040000000000004,0
0.0,0.0,0.5,0.5,0,0,4.0,8.301029995663981,7.698970004336019,7.0,4.0,81.0,0.0,0.0,0.0,0,4,11,0.0,0.0,0.0,0.0,0.0,0.0,0.0,0.0,1.599,0.0,1.173,0.0,0.426,0.0,0.1009999999999999,0.0,0.9320745946735548,0.0,0.3812100616603805,0.0,0.4719,0.0,0.2898,0.8452,0.0678,0,0.53,0,0,0,25.6,25.0,1.0,0.0,0.01674641148325351,0.0,0.4689,0.3119,0.418,0.48,0.37,0.42,-0.011099999999999999,-0.058099999999999985,-0.0020000000000000018,1
0.0,0.0,0.5,0.5,0,0,0.2,8.301029995663981,9.0,-6.5,-3.0,81.0,0.0,0.0,0.0,-5,-7,-10,-0.3000000000000007,-13.0,2500.0,-0.09999999999999998,0.04000000000000001,-0.41999999999999993,-0.5,-0.09999999999999998,1.599,2.451,1.173,0.825,0.426,1.626,0.1009999999999999,0.349,0.9320745946735548,1.1980330911358643,0.3812100616603805,0.3834478089938996,0.4719,0.1945,0.2898,0.8452,0.0678,0,0.53,0,0,0,25.6,39.1,1.0,9.0,-0.3540669856459332,0.0,0.4689,0.3119,0.418,0.64,0.5449,0.7004,-0.17110000000000003,-0.23300000000000004,-0.28240000000000004,0
0.0,0.0,0.5,0.5,0,0,1.0,7.698970004336019,7.698970004336019,0.0,0.0,70.0,0.0,0.0,0.0,0,0,0,0.0,0.0,0.0,0.0,-0.15,-0.44999999999999996,0.0,0.0,0.0,0.0,0.0,0.0,0.0,0.0,0.0,0.0,0.0,0.0,0.0,0.0,0.0,0.0,0.0,0.0,0.0,0,0.45,0,0,0,25.0,25.0,0.0,0.0,0.0,0.0,0.48,0.37,0.42,0.48,0.37,0.42,0.0,0.0,0.0,0
0.0,0.0,0.5,0.5,0,0,4.4,8.342422680822207,7.698970004336019,7.0,3.5,80.0,0.0,0.0,0.0,0,0,16,0.3999999999999986,11.0,-7500.0,0.29999999999999993,0.24999999999999997,-0.12,-0.09999999999999987,-0.050000000000000044,1.7739999999999998,0.0,1.399,0.0,0.375,0.0,-0.2739999999999999,0.0,0.8012143853944391,0.0,0.301485212462126,0.0,0.5765,0.0,0.2085,0.7166,0.0536,2,0.55,0,2,1,25.0,25.0,1.0,0.0,0.0,0.0,0.467,0.3049,0.3458,0.48,0.37,0.42,-0.012999999999999956,-0.06509999999999999,-0.07419999999999999,0
0.0,0.0,0.5,0.5,0,0,1.0,7.698970004336019,7.698970004336019,0.0,0.0,70.0,0.0,0.0,0.0,0,0,0,0.0,0.0,0.0,0.0,-0.15,-0.44999999999999996,0.0,0.0,0.0,0.0,0.0,0.0,0.0,0.0,0.0,0.0,0.0,0.0,0.0,0.0,0.423,0.0,0.3313,0.636,0.0569,0,0.45,0,0,0,25.0,25.0,0.0,0.0,0.0,0.0,0.48,0.37,0.42,0.48,0.37,0.42,0.0,0.0,0.0,0
0.0,0.0,0.5,0.5,0,0,3.125,9.0,8.505149978319906,5.5,2.0,87.5,0.0,0.0,0.0,5,10,11,1.6999999999999993,12.0,4500.0,-0.15000000000000002,-0.020000000000000004,0.24,0.3999999999999999,0.09999999999999998,2.451,1.7120000000000002,0.825,1.179,1.626,0.5329999999999999,0.349,0.088,1.1980330911358643,1.1043395370402465,0.3834478089938996,0.3105121217887923,0.6748,0.2715,0.1307,0.8196,0.0699,0,0.6,0,0,0,39.1,30.2,9.0,2.0,0.23444976076555035,0.0,0.64,0.5449,0.7004,0.3901,0.3768,0.3964,0.2499,0.16810000000000003,0.30400000000000005,1
0.0,0.0,0.5,0.5,0,0,13.0,8.812913356642856,7.698970004336019,12.5,8.5,86.0,0.0,0.0,0.0,0,5,10,0.10000000000000142,4.0,200.0,-0.050000000000000044,0.04999999999999999,0.38,0.5,0.0,2.645,0.0,0.751,0.0,1.894,0.0,-0.2449999999999999,0.0,0.9060118494310764,0.0,0.3351699403122077,0.0,0.5863,0.0,0.1947,0.7823,0.0485,0,0.6,0,0,0,38.0,25.0,7.0,0.0,0.3421052631578947,0.0,0.5646,0.5123,0.6106,0.48,0.37,0.42,0.08460000000000001,0.14229999999999998,0.19060000000000005,1
0.0,0.0,0.5,0.5,0,0,5.0,9.0,8.301029995663981,6.5,3.0,87.5,0.0,0.0,0.0,5,7,10,0.3000000000000007,13.0,-2500.0,0.09999999999999998,-0.04000000000000001,0.41999999999999993,0.5,0.09999999999999998,2.451,1.599,0.825,1.173,1.626,0.426,0.349,0.1009999999999999,1.1980330911358643,0.9320745946735548,0.3834478089938996,0.3812100616603805,0.6748,0.2383,0.1307,0.8196,0.0699,0,0.6,0,0,0,39.1,25.6,9.0,1.0,0.3540669856459332,0.0,0.64,0.5449,0.7004,0.4689,0.3119,0.418,0.17110000000000003,0.23300000000000004,0.28240000000000004,0
0.0,0.0,0.5,0.5,0,0,1.0,7.698970004336019,7.698970004336019,0.0,0.0,70.0,0.0,0.0,0.0,0,0,-7,0.0,0.0,0.0,0.0,0.0,0.0,0.0,0.0,0.0,0.0,0.0,0.0,0.0,0.0,0.0,0.0,0.0,0.0,0.0,0.0,0.0,0.2709,0.0,0.0,0.0,0,0.45,0,0,0,25.0,25.0,0.0,0.0,0.0,0.0,0.48,0.37,0.42,0.48,0.37,0.42,0.0,0.0,0.0,1
0.0,0.0,0.5,0.5,0,0,4.0,8.301029995663981,7.698970004336019,7.0,4.0,81.0,0.0,0.0,0.0,0,4,11,0.0,0.0,0.0,0.0,0.0,0.0,0.0,0.0,1.599,0.0,1.173,0.0,0.426,0.0,0.1009999999999999,0.0,0.9320745946735548,0.0,0.3812100616603805,0.0,0.4719,0.0,0.2898,0.8452,0.0678,0,0.53,0,0,0,25.6,25.0,1.0,0.0,0.01674641148325351,0.0,0.4689,0.3119,0.418,0.48,0.37,0.42,-0.011099999999999999,-0.058099999999999985,-0.0020000000000000018,1
0.0,0.0,0.5,0.5,0,0,20.0,9.0,7.698970004336019,13.5,7.0,87.5,0.0,0.0,0.0,5,11,14,0.3000000000000007,13.0,-2500.0,0.09999999999999998,-0.04000000000000001,0.41999999999999993,0.5,0.09999999999999998,2.451,0.0,0.825,0.0,1.626,0.0,0.349,0.0,1.1980330911358643,0.0,0.3834478089938996,0.0,0.6748,0.2709,0.1307,0.8196,0.0699,0,0.6,0,0,0,39.1,25.0,9.0,0.0,0.3708133971291867,0.0,0.64,0.5449,0.7004,0.48,0.37,0.42,0.16000000000000003,0.17490000000000006,0.28040000000000004,1
0.0,0.0,0.5,0.5,0,0,0.058823529411764705,7.698970004336019,8.929418925714293,-14.0,-8.5,70.0,0.0,0.0,0.0,-3,-6,-17,-1.0,-20.0,1500.0,-0.04999999999999993,0.020000000000000004,-0.44999999999999996,-0.8000000000000003,-0.19999999999999996,0.0,2.884,0.0,0.95,0.0,1.934,0.0,0.616,0.0,1.2457596956683417,0.0,0.4170851232062826,0.4417,0.1927,0.2526,0.8661,0.079,0,0.45,0,-1,-1,25.0,36.3,0.0,7.0,-0.2966507177033493,0.0,0.48,0.37,0.42,0.7222,0.6642,0.7,-0.24219999999999997,-0.2942,-0.27999999999999997,1
0.0,0.0,0.5,0.5,0,0,0.175,7.544068044350276,8.301029995663981,-5.5,-5.5,74.5,0.0,0.0,0.0,0,-4,-6,0.0,0.0,0.0,0.0,0.55,-0.38,0.0,0.0,1.287,1.599,1.825,1.173,-0.5379999999999999,0.426,-0.187,0.1009999999999999,0.9046575994599472,0.9320745946735548,0.3522010158354963,0.3812100616603805,0.3822,0.2383,0.3501,0.6855,0.0418,1,0.52,2,1,0,25.0,25.6,1.0,1.0,-0.01674641148325351,0.0,0.489,0.3711,0.4313,0.4689,0.3119,0.418,0.020100000000000007,0.059199999999999975,0.013300000000000034,0
0.0,0.0,0.5,0.5,0,0,3.5416666666666665,8.929418925714293,8.380211241711606,6.299999999999997,0.5,87.5,0.0,0.0,0.0,1,2,4,-1.6000000000000014,-7.0,0.0,0.04999999999999993,0.13999999999999999,0.48,0.6000000000000001,0.19999999999999996,2.592,1.6960000000000002,0.939,1.391,1.653,0.305,0.108,-0.196,0.9731844800911872,0.8891132124050513,0.4399949494659632,0.3092715455532385,0.6413,0.2319,0.2269,0.7296,0.0546,0,0.67,1,-1,-1,42.3,31.0,12.0,2.0,0.2966507177033494,0.0,0.4564,0.5811,0.6325,0.3333,0.4488,0.4901,0.12309999999999999,0.13229999999999997,0.14239999999999997,1
0.0,0.0,0.5,0.5,0,0,1.5,8.8750612633917,8.698970004336019,2.5,3.0,86.5,0.0,0.0,0.0,4,11,6,-0.6000000000000014,-6.0,-100.0,0.0,0.14,0.09999999999999998,0.09999999999999987,-0.04999999999999999,2.428,2.002,0.876,1.323,1.552,0.6789999999999999,-0.0279999999999999,-0.1019999999999999,0.9223655810598944,0.9431066534244954,0.4258533915693417,0.3376651859131732,0.5733,0.205,0.2037,0.6876,0.0583,0,0.58,0,0,0,38.7,34.1,10.0,10.0,0.12200956937799023,0.0,0.7582,0.5095,0.703,0.4786,0.471,0.4919,0.27959999999999996,0.03849999999999998,0.21109999999999995,1
0.0,0.0,0.5,0.5,0,0,0.5384615384615384,8.544068044350276,8.812913356642856,-3.5,-4.5,83.0,0.0,0.0,0.0,0,-4,-5,-0.10000000000000142,0.0,300.0,0.15000000000000002,-0.06999999999999999,-0.09999999999999998,-0.5,0.15000000000000002,1.7559999999999998,2.645,1.164,0.751,0.592,1.894,0.244,-0.2449999999999999,1.1196847912652483,0.9060118494310764,0.1581981879373676,0.3351699403122077,0.5143,0.219,0.2606,0.8589,0.0712,1,0.64,0,1,1,32.5,38.0,5.0,7.0,-0.14593301435406703,0.0,0.6861,0.3787,0.5068,0.5646,0.5123,0.6106,0.12150000000000005,-0.1336,-0.1038,0
0.0,0.0,0.5,0.5,0,0,14.285714285714286,8.698970004336019,7.544068044350276,9.0,6.0,84.5,0.0,0.0,0.0,0,2,8,1.3000000000000007,15.0,300.0,-0.050000000000000044,-0.5700000000000001,0.73,0.20000000000000018,0.04999999999999999,2.002,1.287,1.323,1.825,0.6789999999999999,-0.5379999999999999,-0.1019999999999999,-0.187,0.9431066534244954,0.9046575994599472,0.3376651859131732,0.3522010158354963,0.5783,0.2677,0.2167,0.8053,0.062,0,0.52,0,-1,0,34.1,25.0,10.0,1.0,0.23923444976076558,0.0,0.4786,0.471,0.4919,0.489,0.3711,0.4313,-0.010399999999999965,0.09989999999999999,0.06059999999999999,0
0.0,0.0,0.5,0.5,0,0,0.1,7.544068044350276,8.544068044350276,-7.5,-5.5,74.5,0.0,0.0,0.0,0,-1,0,0.0,-4.0,-500.0,-0.09999999999999998,0.5700000000000001,-0.66,0.0,-0.15000000000000002,1.287,1.7559999999999998,1.825,1.164,-0.5379999999999999,0.592,-0.187,0.244,0.9046575994599472,1.1196847912652483,0.3522010158354963,0.1581981879373676,0.3822,0.2251,0.3501,0.6855,0.0418,1,0.52,2,0,-1,25.0,32.5,1.0,5.0,-0.19617224880382766,0.0,0.489,0.3711,0.4313,0.6861,0.3787,0.5068,-0.19710000000000005,-0.007599999999999996,-0.07550000000000001,1
0.0,0.0,0.5,0.5,0,0,0.7692307692307693,8.698970004336019,8.812913356642856,-2.0,-4.0,84.5,0.0,0.0,0.0,0,-3,3,1.1999999999999993,11.0,100.0,0.0,-0.06999999999999999,-0.030000000000000027,-0.2999999999999998,0.04999999999999999,2.002,2.645,1.323,0.751,0.6789999999999999,1.894,-0.1019999999999999,-0.2449999999999999,0.9431066534244954,0.9060118494310764,0.3376651859131732,0.3351699403122077,0.5783,0.219,0.2167,0.8053,0.062,0,0.52,0,0,0,34.1,38.0,10.0,7.0,-0.10287081339712911,0.0,0.4786,0.471,0.4919,0.5646,0.5123,0.6106,-0.08599999999999997,-0.0413,-0.11870000000000003,1
0.0,0.0,0.5,0.5,0,0,18.571428571428573,8.812913356642856,7.544068044350276,11.0,10.0,86.0,0.0,0.0,0.0,0,5,5,0.10000000000000142,4.0,200.0,-0.050000000000000044,-0.5,0.76,0.5,0.0,2.645,1.287,0.751,1.825,1.894,-0.5379999999999999,-0.2449999999999999,-0.187,0.9060118494310764,0.9046575994599472,0.3351699403122077,0.3522010158354963,0.5863,0.2677,0.1947,0.7823,0.0485,0,0.6,0,-1,0,38.0,25.0,7.0,1.0,0.3421052631578947,0.0,0.5646,0.5123,0.6106,0.489,0.3711,0.4313,0.0756,0.1412,0.17930000000000001,1
0.0,0.0,0.5,0.5,0,0,1.4285714285714286,8.698970004336019,8.544068044350276,1.5,0.5,84.5,0.0,0.0,0.0,0,1,8,1.3000000000000007,11.0,-200.0,-0.15000000000000002,0.0,0.06999999999999995,0.20000000000000018,-0.10000000000000003,2.002,1.7559999999999998,1.323,1.164,0.6789999999999999,0.592,-0.1019999999999999,0.244,0.9431066534244954,1.1196847912652483,0.3376651859131732,0.1581981879373676,0.5783,0.2251,0.2167,0.8053,0.062,0,0.52,0,-1,-1,34.1,32.5,10.0,5.0,0.04306220095693791,0.0,0.4786,0.471,0.4919,0.6861,0.3787,0.5068,-0.20750000000000002,0.0923,-0.014900000000000024,1
0.0,0.0,0.5,0.5,0,0,0.1111111111111111,7.698970004336019,8.653212513775344,-8.0,-5.0,70.0,0.0,0.0,0.0,0,0,-2,0.0,0.0,0.0,0.0,0.0,0.0,0.0,0.0,0.0,1.6330000000000002,0.0,1.3030000000000002,0.0,0.33,0.0,0.567,0.0,1.4576317234223708,0.0,0.3969620748747779,0.0,0.297,0.0,0.0,0.0,0,0.45,0,0,0,25.0,34.3,0.0,8.0,-0.2440191387559807,0.0,0.48,0.37,0.42,0.4446,0.38,0.4143,0.03539999999999999,-0.010000000000000009,0.005699999999999983,0
0.0,0.0,0.5,0.5,0,0,0.22727272727272727,7.698970004336019,8.342422680822207,-7.0,-3.5,70.0,0.0,0.0,0.0,0,0,-16,-0.3999999999999986,-11.0,7500.0,-0.29999999999999993,-0.09999999999999998,0.57,0.09999999999999987,0.050000000000000044,0.0,1.7739999999999998,0.0,1.399,0.0,0.375,0.0,-0.2739999999999999,0.0,0.8012143853944391,0.0,0.301485212462126,0.0,0.215,0.0,0.0,0.0,0,0.45,0,-2,-1,25.0,25.0,0.0,1.0,0.0,0.0,0.48,0.37,0.42,0.467,0.3049,0.3458,0.012999999999999956,0.06509999999999999,0.07419999999999999,0
0.0,0.0,0.5,0.5,0,0,1.5384615384615385,9.0,8.812913356642856,1.0,-1.5,87.5,0.0,0.0,0.0,5,6,11,0.1999999999999993,9.0,-2700.0,0.15000000000000002,-0.09,0.039999999999999925,0.0,0.09999999999999998,2.451,2.645,0.825,0.751,1.626,1.894,0.349,-0.2449999999999999,1.1980330911358643,0.9060118494310764,0.3834478089938996,0.3351699403122077,0.6748,0.219,0.1307,0.8196,0.0699,0,0.6,0,0,0,39.1,38.0,9.0,7.0,0.028708133971292016,0.0,0.64,0.5449,0.7004,0.5646,0.5123,0.6106,0.07540000000000002,0.03260000000000007,0.08979999999999999,0
0.0,0.0,0.5,0.5,0,0,3.9285714285714284,9.041392685158225,8.44715803134222,5.0,6.5,89.0,0.0,0.0,0.0,2,4,10,-2.0,-7.0,-200.0,0.0,0.0,0.22000000000000008,0.7000000000000002,0.09999999999999998,2.804,2.037,0.5599999999999999,1.185,2.244,0.852,0.296,-0.737,1.0649770760444726,0.6589823082323523,0.2852756951130297,0.3983312412776303,0.7185,0.1764,0.05,0.6062,0.0885,3,0.68,2,1,0,42.2,34.3,12.0,6.0,0.20813397129186617,0.0,0.6507,0.6107,0.6607,0.6477,0.4914,0.547,0.0029999999999998916,0.11930000000000002,0.11369999999999991,1
0.0,0.0,0.5,0.5,0,0,2.3214285714285716,8.812913356642856,8.44715803134222,3.0,5.5,86.0,0.0,0.0,0.0,0,2,5,-1.5999999999999979,-13.0,200.0,-0.050000000000000044,0.04999999999999999,0.08000000000000007,0.5,0.0,2.645,2.037,0.751,1.185,1.894,0.852,-0.2449999999999999,-0.737,0.9060118494310764,0.6589823082323523,0.3351699403122077,0.3983312412776303,0.5863,0.1764,0.1947,0.7823,0.0485,0,0.6,0,-2,-1,38.0,34.3,7.0,6.0,0.098086124401914,0.0,0.5646,0.5123,0.6106,0.6477,0.4914,0.547,-0.08310000000000006,0.020899999999999974,0.06359999999999999,0
0.0,0.0,0.5,0.5,0,0,0.9090909090909091,9.0,9.041392685158225,-1.0,-2.5,87.5,0.0,0.0,0.0,3,4,6,0.6000000000000014,3.0,-2300.0,0.09999999999999998,-0.04000000000000001,-0.10000000000000009,-0.20000000000000018,0.0,2.451,2.804,0.825,0.5599999999999999,1.626,2.244,0.349,0.296,1.1980330911358643,1.0649770760444726,0.3834478089938996,0.2852756951130297,0.6748,0.2349,0.1307,0.8196,0.0699,0,0.6,0,-3,-1,39.1,42.2,9.0,12.0,-0.08133971291866016,0.0,0.64,0.5449,0.7004,0.6507,0.6107,0.6607,-0.010699999999999932,-0.06579999999999997,0.03970000000000007,0
0.0,0.0,0.5,0.5,0,0,0.045454545454545456,7.698970004336019,9.041392685158225,-14.5,-9.5,70.0,0.0,0.0,0.0,-2,-7,-15,0.3000000000000007,-10.0,200.0,0.0,0.15,-0.07000000000000006,-0.7000000000000002,-0.09999999999999998,0.0,2.804,0.0,0.5599999999999999,0.0,2.244,0.0,0.296,0.0,1.0649770760444726,0.0,0.2852756951130297,0.0,0.2349,0.0,0.0,0.0,0,0.45,0,-3,-1,25.0,42.2,0.0,12.0,-0.45215311004784686,0.0,0.48,0.37,0.42,0.6507,0.6107,0.6607,-0.17069999999999996,-0.24070000000000003,-0.24069999999999997,0
0.0,0.0,0.5,0.5,0,0,20.0,9.0,7.698970004336019,13.5,7.0,87.5,0.0,0.0,0.0,5,11,21,0.3000000000000007,13.0,-2500.0,0.09999999999999998,-0.04000000000000001,0.41999999999999993,0.5,0.09999999999999998,2.451,0.0,0.825,0.0,1.626,0.0,0.349,0.0,1.1980330911358643,0.0,0.3834478089938996,0.0,0.6748,0.2308,0.1307,0.8196,0.0699,0,0.6,0,0,0,39.1,25.0,9.0,0.0,0.3708133971291867,0.0,0.64,0.5449,0.7004,0.48,0.37,0.42,0.16000000000000003,0.17490000000000006,0.28040000000000004,1
0.0,0.0,0.5,0.5,0,0,0.7647058823529411,8.812913356642856,8.929418925714293,-1.5,0.0,86.0,0.0,0.0,0.0,-3,-1,-7,-0.8999999999999986,-16.0,1700.0,-0.09999999999999998,0.06999999999999999,-0.06999999999999995,-0.30000000000000027,-0.19999999999999996,2.645,2.884,0.751,0.95,1.894,1.934,-0.2449999999999999,0.616,0.9060118494310764,1.2457596956683417,0.3351699403122077,0.4170851232062826,0.5863,0.1927,0.1947,0.7823,0.0485,0,0.6,0,-1,-1,38.0,36.3,7.0,7.0,0.045454545454545414,0.0,0.5646,0.5123,0.6106,0.7222,0.6642,0.7,-0.15759999999999996,-0.15190000000000003,-0.08939999999999992,1
0.0,0.0,0.5,0.5,0,0,2.6785714285714284,8.8750612633917,8.44715803134222,3.5,4.5,86.5,0.0,0.0,0.0,4,10,14,-1.0,-8.0,200.0,-0.050000000000000044,0.12,0.15000000000000002,0.30000000000000004,0.0,2.428,2.037,0.876,1.185,1.552,0.852,-0.0279999999999999,-0.737,0.9223655810598944,0.6589823082323523,0.4258533915693417,0.3983312412776303,0.5733,0.1764,0.2037,0.6876,0.0583,0,0.58,0,-2,-1,38.7,34.3,10.0,6.0,0.11722488038277512,0.0,0.7582,0.5095,0.703,0.6477,0.4914,0.547,0.11049999999999993,0.01809999999999995,0.15599999999999992,0
0.0,0.0,0.5,0.5,0,0,0.7083333333333334,8.929418925714293,9.079181246047625,0.0,0.5,88.0,0.0,0.0,0.0,2,3,2,1.1000000000000014,13.0,-1000.0,0.04999999999999993,-0.2,-0.13,0.40000000000000013,0.09999999999999998,2.884,2.341,0.95,1.067,1.934,1.274,0.616,0.359,1.2457596956683417,1.1426634743995732,0.4170851232062826,0.2724559087673128,0.6331,0.228,0.1742,0.6174,0.0833,1,0.71,2,1,1,36.3,42.2,7.0,12.0,-0.1555023923444976,0.0,0.7222,0.6642,0.7,0.458,0.5375,0.5466,0.26419999999999993,0.12670000000000003,0.15339999999999998,0
0.0,0.0,0.5,0.5,0,0,0.17857142857142858,7.698970004336019,8.44715803134222,-9.5,-3.0,70.0,0.0,0.0,0.0,0,-3,-5,-1.6999999999999993,-17.0,0.0,0.0,0.0,-0.29999999999999993,0.0,0.0,0.0,2.037,0.0,1.185,0.0,0.852,0.0,-0.737,0.0,0.6589823082323523,0.0,0.3983312412776303,0.4417,0.1764,0.2526,0.8661,0.079,0,0.45,0,-2,-1,25.0,34.3,0.0,6.0,-0.2440191387559807,0.0,0.48,0.37,0.42,0.6477,0.4914,0.547,-0.16770000000000007,-0.12140000000000001,-0.12700000000000006,0
0.0,0.0,0.5,0.5,0,0,13.0,8.812913356642856,7.698970004336019,12.5,8.5,86.0,0.0,0.0,0.0,0,5,10,0.10000000000000142,4.0,200.0,-0.050000000000000044,0.04999999999999999,0.38,0.5,0.0,2.645,0.0,0.751,0.0,1.894,0.0,-0.2449999999999999,0.0,0.9060118494310764,0.0,0.3351699403122077,0.0,0.5863,0.0,0.1947,0.7823,0.0485,0,0.6,0,0,0,38.0,25.0,7.0,0.0,0.3421052631578947,0.0,0.5646,0.5123,0.6106,0.48,0.37,0.42,0.08460000000000001,0.14229999999999998,0.19060000000000005,1
0.0,0.0,0.5,0.5,0,0,3.409090909090909,8.8750612633917,8.342422680822207,6.0,4.0,86.5,0.0,0.0,0.0,4,13,3,0.3000000000000007,-2.0,7700.0,-0.35,-0.12999999999999998,0.57,0.3999999999999999,0.050000000000000044,2.428,1.7739999999999998,0.876,1.399,1.552,0.375,-0.0279999999999999,-0.2739999999999999,0.9223655810598944,0.8012143853944391,0.4258533915693417,0.301485212462126,0.5733,0.215,0.2037,0.6876,0.0583,0,0.58,0,-2,-1,38.7,25.0,10.0,1.0,0.3612440191387558,0.0,0.7582,0.5095,0.703,0.467,0.3049,0.3458,0.29119999999999996,0.20459999999999995,0.35719999999999996,1
0.0,0.0,0.5,0.5,0,0,8.333333333333334,9.0,8.079181246047625,8.0,3.5,87.5,0.0,0.0,0.0,5,11,21,0.3000000000000007,13.0,-2500.0,0.09999999999999998,-0.04000000000000001,0.41999999999999993,0.5,0.09999999999999998,2.451,1.798,0.825,1.513,1.626,0.285,0.349,0.1019999999999999,1.1980330911358643,1.082179702707457,0.3834478089938996,0.401214821926276,0.6748,0.221,0.1307,0.8196,0.0699,0,0.6,0,0,0,39.1,25.1,9.0,0.0,0.3684210526315791,0.0,0.64,0.5449,0.7004,0.4965,0.3635,0.4198,0.14350000000000002,0.18140000000000006,0.2806,1
0.0,0.0,0.5,0.5,0,0,0.7777777777777778,8.544068044350276,8.653212513775344,1.0,-1.0,83.0,0.0,0.0,0.0,0,1,3,0.0,4.0,500.0,0.09999999999999998,-0.020000000000000004,0.28,0.0,0.15000000000000002,1.7559999999999998,1.6330000000000002,1.164,1.3030000000000002,0.592,0.33,0.244,0.567,1.1196847912652483,1.4576317234223708,0.1581981879373676,0.3969620748747779,0.5143,0.297,0.2606,0.8589,0.0712,1,0.64,0,1,1,32.5,34.3,5.0,8.0,-0.04784688995215303,0.0,0.6861,0.3787,0.5068,0.4446,0.38,0.4143,0.24150000000000005,-0.0013000000000000234,0.09250000000000003,0
0.0,0.0,0.5,0.5,0,0,0.26666666666666666,8.079181246047625,8.653212513775344,-2.5,-1.5,79.5,0.0,0.0,0.0,0,0,-2,0.0,0.0,0.0,0.0,0.0,0.0,0.0,0.0,1.798,1.6330000000000002,1.513,1.3030000000000002,0.285,0.33,0.1019999999999999,0.567,1.082179702707457,1.4576317234223708,0.401214821926276,0.3969620748747779,0.5274,0.297,0.2516,0.7901,0.0668,0,0.52,0,0,0,25.1,34.3,0.0,8.0,-0.24162679425837308,0.0,0.4965,0.3635,0.4198,0.4446,0.38,0.4143,0.0519,-0.016500000000000015,0.005500000000000005,0
0.0,0.0,0.5,0.5,0,0,2.857142857142857,9.0,8.544068044350276,4.5,3.0,87.5,0.0,0.0,0.0,5,10,16,0.3000000000000007,9.0,-3000.0,0.0,-0.020000000000000004,0.1399999999999999,0.5,-0.050000000000000044,2.451,1.7559999999999998,0.825,1.164,1.626,0.592,0.349,0.244,1.1980330911358643,1.1196847912652483,0.3834478089938996,0.1581981879373676,0.6748,0.2251,0.1307,0.8196,0.0699,0,0.6,0,-1,-1,39.1,32.5,9.0,5.0,0.17464114832535904,0.0,0.64,0.5449,0.7004,0.6861,0.3787,0.5068,-0.04610000000000003,0.16620000000000007,0.1936,1
0.0,0.0,0.5,0.5,0,0,20.0,9.079181246047625,7.778151250383644,11.5,7.0,88.5,0.0,0.0,0.0,1,3,10,-0.10000000000000142,7.0,-500.0,0.0,0.18000000000000002,0.58,0.40000000000000013,0.09999999999999998,2.341,1.372,1.067,1.892,1.274,-0.5199999999999999,0.359,0.628,1.1426634743995732,1.5354699312272966,0.2724559087673128,0.2863098554596634,0.6109,0.0,0.1611,0.6545,0.0492,0,0.62,1,-1,0,42.2,26.7,12.0,0.0,0.40669856459330145,0.0,0.458,0.5375,0.5466,0.4658,0.3327,0.4275,-0.007799999999999974,0.20479999999999998,0.11909999999999998,1
0.0,0.0,0.5,0.5,0,0,0.16666666666666666,7.698970004336019,8.477121254719663,-8.5,-6.5,70.0,0.0,0.0,0.0,0,0,-5,-0.1999999999999993,-5.0,4000.0,-0.15000000000000002,0.04000000000000001,-0.15000000000000002,-0.20000000000000018,-0.04999999999999999,0.0,1.959,0.0,1.329,0.0,0.63,0.0,0.741,0.0,1.3862285654790514,0.0,0.2850516522394571,0.4417,0.2643,0.2526,0.8661,0.079,0,0.45,0,0,0,25.0,31.0,0.0,4.0,-0.1578947368421052,0.0,0.48,0.37,0.42,0.5139,0.4692,0.4953,-0.03390000000000004,-0.09920000000000001,-0.07530000000000003,1
0.0,0.0,0.5,0.5,0,0,5.0,8.477121254719663,7.778151250383644,6.0,5.5,82.0,0.0,0.0,0.0,0,0,0,0.1999999999999993,5.0,-4000.0,0.15000000000000002,-0.04000000000000001,0.15000000000000002,0.20000000000000018,0.04999999999999999,1.959,1.372,1.329,1.892,0.63,-0.5199999999999999,0.741,0.628,1.3862285654790514,1.5354699312272966,0.2850516522394571,0.2863098554596634,0.514,0.0,0.2217,0.7231,0.0778,0,0.62,0,-1,0,31.0,26.7,4.0,0.0,0.11244019138755978,0.0,0.5139,0.4692,0.4953,0.4658,0.3327,0.4275,0.04810000000000003,0.1365,0.06780000000000003,1
0.0,0.0,0.5,0.5,0,0,0.041666666666666664,7.698970004336019,9.079181246047625,-14.0,-8.0,70.0,0.0,0.0,0.0,-1,-3,-15,0.10000000000000142,-7.0,500.0,0.0,-0.18000000000000002,-0.58,-0.40000000000000013,-0.09999999999999998,0.0,2.341,0.0,1.067,0.0,1.274,0.0,0.359,0.0,1.1426634743995732,0.0,0.2724559087673128,0.4417,0.228,0.2526,0.8661,0.079,0,0.45,0,0,0,25.0,42.2,0.0,12.0,-0.45215311004784686,0.0,0.48,0.37,0.42,0.458,0.5375,0.5466,0.021999999999999964,-0.16749999999999998,-0.1266,1
0.0,0.0,0.5,0.5,0,0,0.34285714285714286,8.079181246047625,8.544068044350276,-3.5,-0.5,79.5,0.0,0.0,0.0,0,-1,-5,0.0,-4.0,-500.0,-0.09999999999999998,0.020000000000000004,-0.28,0.0,-0.15000000000000002,1.798,1.7559999999999998,1.513,1.164,0.285,0.592,0.1019999999999999,0.244,1.082179702707457,1.1196847912652483,0.401214821926276,0.1581981879373676,0.5274,0.2251,0.2516,0.7901,0.0668,0,0.52,0,-1,-1,25.1,32.5,0.0,5.0,-0.19377990430622005,0.0,0.4965,0.3635,0.4198,0.6861,0.3787,0.5068,-0.18960000000000005,-0.015199999999999991,-0.08700000000000002,0
0.0,0.0,0.5,0.5,0,0,2.2222222222222223,9.0,8.653212513775344,5.5,2.0,87.5,0.0,0.0,0.0,5,11,19,0.3000000000000007,13.0,-2500.0,0.09999999999999998,-0.04000000000000001,0.41999999999999993,0.5,0.09999999999999998,2.451,1.6330000000000002,0.825,1.3030000000000002,1.626,0.33,0.349,0.567,1.1980330911358643,1.4576317234223708,0.3834478089938996,0.3969620748747779,0.6748,0.297,0.1307,0.8196,0.0699,0,0.6,0,0,0,39.1,34.3,9.0,8.0,0.12679425837320601,0.0,0.64,0.5449,0.7004,0.4446,0.38,0.4143,0.19540000000000002,0.16490000000000005,0.2861,0
0.0,0.0,0.5,0.5,0,0,1.0,7.698970004336019,7.698970004336019,0.0,0.0,70.0,0.0,0.0,0.0,0,0,0,0.0,0.0,0.0,0.0,0.15,0.44999999999999996,0.0,0.0,0.0,0.0,0.0,0.0,0.0,0.0,0.0,0.0,0.0,0.0,0.0,0.0,0.0,0.232,0.0,0.0,0.0,0,0.45,0,0,0,25.0,25.0,0.0,0.0,0.0,0.0,0.48,0.37,0.42,0.48,0.37,0.42,0.0,0.0,0.0,0
0.0,0.0,0.5,0.5,0,0,0.2777777777777778,7.698970004336019,8.255272505103306,-7.0,-5.0,70.0,0.0,0.0,0.0,0,0,1,0.0,0.0,0.0,0.0,0.0,0.0,0.0,0.0,0.0,2.008,0.0,1.38,0.0,0.6280000000000001,0.0,0.1919999999999999,0.0,1.0959572566962812,0.0,0.4442921961452345,0.5138,0.3453,0.2154,0.6021,0.0655,0,0.45,0,0,0,25.0,23.7,0.0,0.0,0.03349282296650724,0.0,0.48,0.37,0.42,0.4442,0.329,0.414,0.0358,0.04099999999999998,0.006000000000000005,0
0.0,0.0,0.5,0.5,0,0,0.2777777777777778,7.698970004336019,8.255272505103306,-7.0,-5.0,70.0,0.0,0.0,0.0,0,0,-6,0.0,0.0,0.0,0.0,0.0,0.0,0.0,0.0,0.0,2.008,0.0,1.38,0.0,0.6280000000000001,0.0,0.1919999999999999,0.0,1.0959572566962812,0.0,0.4442921961452345,0.4794,0.3453,0.2886,0.8789,0.0804,0,0.45,0,0,0,25.0,23.7,0.0,0.0,0.03349282296650724,0.0,0.48,0.37,0.42,0.4442,0.329,0.414,0.0358,0.04099999999999998,0.006000000000000005,0
0.0,0.0,0.5,0.5,0,0,1.0,7.698970004336019,7.698970004336019,0.0,0.0,70.0,0.0,0.0,0.0,0,0,-7,0.0,0.0,0.0,0.0,0.15,0.44999999999999996,0.0,0.0,0.0,0.0,0.0,0.0,0.0,0.0,0.0,0.0,0.0,0.0,0.0,0.0,0.0,0.2709,0.0,0.0,0.0,0,0.45,0,0,0,25.0,25.0,0.0,0.0,0.0,0.0,0.48,0.37,0.42,0.48,0.37,0.42,0.0,0.0,0.0,1
0.0,0.0,0.5,0.5,0,0,0.2777777777777778,7.698970004336019,8.255272505103306,-7.0,-5.0,70.0,0.0,0.0,0.0,0,0,-6,0.0,0.0,0.0,0.0,0.15,0.44999999999999996,0.0,0.0,0.0,2.008,0.0,1.38,0.0,0.6280000000000001,0.0,0.1919999999999999,0.0,1.0959572566962812,0.0,0.4442921961452345,0.0,0.3453,0.0,0.0,0.0,0,0.45,0,0,0,25.0,23.7,0.0,0.0,0.03349282296650724,0.0,0.48,0.37,0.42,0.4442,0.329,0.414,0.0358,0.04099999999999998,0.006000000000000005,1
0.0,0.0,0.5,0.5,0,0,1.0,7.698970004336019,7.698970004336019,0.0,0.0,70.0,0.0,0.0,0.0,0,0,-7,0.0,0.0,0.0,0.0,0.0,0.0,0.0,0.0,0.0,0.0,0.0,0.0,0.0,0.0,0.0,0.0,0.0,0.0,0.0,0.0,0.4794,0.2709,0.2886,0.8789,0.0804,0,0.45,0,0,0,25.0,25.0,0.0,0.0,0.0,0.0,0.48,0.37,0.42,0.48,0.37,0.42,0.0,0.0,0.0,0
0.0,0.0,0.5,0.5,0,0,0.7,7.544068044350276,7.698970004336019,1.5,-1.5,74.5,0.0,0.0,0.0,0,0,5,0.0,0.0,0.0,0.0,0.55,-0.38,0.0,0.0,1.287,0.0,1.825,0.0,-0.5379999999999999,0.0,-0.187,0.0,0.9046575994599472,0.0,0.3522010158354963,0.0,0.3822,0.2308,0.3501,0.6855,0.0418,1,0.52,2,1,0,25.0,25.0,1.0,0.0,0.0,0.0,0.489,0.3711,0.4313,0.48,0.37,0.42,0.009000000000000008,0.0010999999999999899,0.011300000000000032,0
0.0,0.0,0.5,0.5,0,0,27.5,9.041392685158225,7.6020599913279625,13.5,10.5,89.0,0.0,0.0,0.0,2,7,13,-0.3000000000000007,10.0,-200.0,0.0,0.0,0.52,0.7000000000000002,0.09999999999999998,2.804,1.369,0.5599999999999999,1.686,2.244,-0.317,0.296,-0.169,1.0649770760444726,0.8614395670308376,0.2852756951130297,0.5644751741416288,0.7185,0.0,0.05,0.6062,0.0885,3,0.68,2,3,1,42.2,25.9,12.0,0.0,0.4282296650717703,0.0,0.6507,0.6107,0.6607,0.4917,0.3211,0.4297,0.15899999999999992,0.2896,0.23099999999999993,1
0.0,0.0,0.5,0.5,0,0,0.8,7.6020599913279625,7.698970004336019,1.0,-1.0,74.0,0.0,0.0,0.0,0,0,2,0.0,0.0,0.0,0.0,0.0,0.0,0.0,0.0,1.369,0.0,1.686,0.0,-0.317,0.0,-0.169,0.0,0.8614395670308376,0.0,0.5644751741416288,0.0,0.0,0.2308,0.0,0.0,0.0,0,0.46,0,0,0,25.9,25.0,0.0,0.0,0.02392344497607657,0.0,0.4917,0.3211,0.4297,0.48,0.37,0.42,0.011700000000000044,-0.0489,0.009700000000000042,0
0.0,0.0,0.5,0.5,0,0,31.428571428571427,9.041392685158225,7.544068044350276,13.0,11.0,89.0,0.0,0.0,0.0,2,7,10,-0.3000000000000007,10.0,-200.0,0.0,-0.55,0.9,0.7000000000000002,0.09999999999999998,2.804,1.287,0.5599999999999999,1.825,2.244,-0.5379999999999999,0.296,-0.187,1.0649770760444726,0.9046575994599472,0.2852756951130297,0.3522010158354963,0.7185,0.2677,0.05,0.6062,0.0885,3,0.68,2,2,1,42.2,25.0,12.0,1.0,0.45215311004784686,0.0,0.6507,0.6107,0.6607,0.489,0.3711,0.4313,0.16169999999999995,0.23960000000000004,0.22939999999999994,1
0.0,0.0,0.5,0.5,0,0,1.0,7.698970004336019,7.698970004336019,0.0,0.0,70.0,0.0,0.0,0.0,0,0,0,0.0,0.0,0.0,0.0,0.0,0.0,0.0,0.0,0.0,0.0,0.0,0.0,0.0,0.0,0.0,0.0,0.0,0.0,0.0,0.0,0.423,0.2308,0.3313,0.636,0.0569,0,0.45,0,0,0,25.0,25.0,0.0,0.0,0.0,0.0,0.48,0.37,0.42,0.48,0.37,0.42,0.0,0.0,0.0,0
0.0,0.0,0.5,0.5,0,0,9.166666666666666,9.041392685158225,8.079181246047625,10.0,6.0,89.0,0.0,0.0,0.0,2,7,8,-0.3000000000000007,10.0,-200.0,0.0,0.0,0.52,0.7000000000000002,0.09999999999999998,2.804,1.6,0.5599999999999999,1.705,2.244,-0.1049999999999999,0.296,0.7,1.0649770760444726,1.397464068315691,0.2852756951130297,0.4263279905841928,0.7185,0.0,0.05,0.6062,0.0885,3,0.68,2,2,1,42.2,24.5,12.0,1.0,0.46650717703349287,0.0,0.6507,0.6107,0.6607,0.5189,0.3806,0.4334,0.13179999999999992,0.23010000000000003,0.22729999999999995,1
0.0,0.0,0.5,0.5,0,0,20.0,9.0,7.698970004336019,13.5,7.0,87.5,0.0,0.0,0.0,5,11,21,0.3000000000000007,13.0,-2500.0,0.09999999999999998,-0.04000000000000001,0.41999999999999993,0.5,0.09999999999999998,2.451,0.0,0.825,0.0,1.626,0.0,0.349,0.0,1.1980330911358643,0.0,0.3834478089938996,0.0,0.6748,0.232,0.1307,0.8196,0.0699,0,0.6,0,0,0,39.1,25.0,9.0,0.0,0.3708133971291867,0.0,0.64,0.5449,0.7004,0.48,0.37,0.42,0.16000000000000003,0.17490000000000006,0.28040000000000004,1
0.0,0.0,0.5,0.5,0,0,0.1111111111111111,7.698970004336019,8.653212513775344,-8.0,-5.0,70.0,0.0,0.0,0.0,0,0,-2,0.0,0.0,0.0,0.0,0.15,0.44999999999999996,0.0,0.0,0.0,1.6330000000000002,0.0,1.3030000000000002,0.0,0.33,0.0,0.567,0.0,1.4576317234223708,0.0,0.3969620748747779,0.0,0.297,0.0,0.0,0.0,0,0.45,0,0,0,25.0,34.3,0.0,8.0,-0.2440191387559807,0.0,0.48,0.37,0.42,0.4446,0.38,0.4143,0.03539999999999999,-0.010000000000000009,0.005699999999999983,1
0.0,0.0,0.5,0.5,0,0,5.0,8.397940008672037,7.698970004336019,7.5,1.0,80.5,0.0,0.0,0.0,0,0,6,-0.1999999999999993,3.0,1500.0,-0.050000000000000044,-0.04000000000000001,0.21999999999999997,0.8000000000000003,0.04999999999999999,2.019,0.0,1.24,0.0,0.7789999999999999,0.0,0.6809999999999999,0.0,1.3873215883112155,0.0,0.4047893828208005,0.0,0.5328,0.0,0.2094,0.6017,0.0808,1,0.62,0,1,1,30.1,25.0,2.0,0.0,0.13397129186602863,0.0,0.5059,0.3877,0.465,0.48,0.37,0.42,0.025900000000000034,0.017699999999999994,0.04500000000000004,0
0.0,0.0,0.5,0.5,0,0,3.0357142857142856,8.929418925714293,8.44715803134222,4.5,5.5,88.0,0.0,0.0,0.0,3,3,12,-0.6999999999999993,3.0,-1500.0,0.04999999999999993,-0.020000000000000004,0.15000000000000002,0.8000000000000003,0.19999999999999996,2.884,2.037,0.95,1.185,1.934,0.852,0.616,-0.737,1.2457596956683417,0.6589823082323523,0.4170851232062826,0.3983312412776303,0.6331,0.1764,0.1742,0.6174,0.0833,1,0.71,2,-1,0,36.3,34.3,7.0,6.0,0.052631578947368585,0.0,0.7222,0.6642,0.7,0.6477,0.4914,0.547,0.0744999999999999,0.1728,0.1529999999999999,1
0.0,0.0,0.5,0.5,0,0,17.0,8.929418925714293,7.698970004336019,14.0,8.5,88.0,0.0,0.0,0.0,3,6,17,1.0,20.0,-1500.0,0.04999999999999993,-0.020000000000000004,0.44999999999999996,0.8000000000000003,0.19999999999999996,2.884,0.0,0.95,0.0,1.934,0.0,0.616,0.0,1.2457596956683417,0.0,0.4170851232062826,0.0,0.6331,0.0,0.1742,0.6174,0.0833,1,0.71,2,1,1,36.3,25.0,7.0,0.0,0.2966507177033493,0.0,0.7222,0.6642,0.7,0.48,0.37,0.42,0.24219999999999997,0.2942,0.27999999999999997,1
0.0,0.0,0.5,0.5,0,0,0.8928571428571429,8.397940008672037,8.44715803134222,-2.0,-2.0,80.5,0.0,0.0,0.0,0,-3,1,-1.8999999999999986,-14.0,1500.0,-0.050000000000000044,-0.04000000000000001,-0.07999999999999996,0.8000000000000003,0.04999999999999999,2.019,2.037,1.24,1.185,0.7789999999999999,0.852,0.6809999999999999,-0.737,1.3873215883112155,0.6589823082323523,0.4047893828208005,0.3983312412776303,0.5328,0.1764,0.2094,0.6017,0.0808,1,0.62,0,-1,0,30.1,34.3,2.0,6.0,-0.11004784688995206,0.0,0.5059,0.3877,0.465,0.6477,0.4914,0.547,-0.14180000000000004,-0.10370000000000001,-0.08200000000000002,0
0.0,0.0,0.5,0.5,0,0,0.17857142857142858,7.698970004336019,8.44715803134222,-9.5,-3.0,70.0,0.0,0.0,0.0,0,-3,-5,-1.6999999999999993,-17.0,0.0,0.0,0.0,-0.29999999999999993,0.0,0.0,0.0,2.037,0.0,1.185,0.0,0.852,0.0,-0.737,0.0,0.6589823082323523,0.0,0.3983312412776303,0.0,0.1764,0.0,0.0,0.0,0,0.45,0,-2,-1,25.0,34.3,0.0,6.0,-0.2440191387559807,0.0,0.48,0.37,0.42,0.6477,0.4914,0.547,-0.16770000000000007,-0.12140000000000001,-0.12700000000000006,0
0.0,0.0,0.5,0.5,0,0,3.4,8.929418925714293,8.397940008672037,6.5,7.5,88.0,0.0,0.0,0.0,3,6,11,1.1999999999999993,17.0,-3000.0,0.09999999999999998,0.020000000000000004,0.22999999999999998,0.0,0.14999999999999997,2.884,2.019,0.95,1.24,1.934,0.7789999999999999,0.616,0.6809999999999999,1.2457596956683417,1.3873215883112155,0.4170851232062826,0.4047893828208005,0.6331,0.2578,0.1742,0.6174,0.0833,1,0.71,2,0,0,36.3,30.1,7.0,2.0,0.16267942583732065,0.0,0.7222,0.6642,0.7,0.5059,0.3877,0.465,0.21629999999999994,0.2765,0.23499999999999993,1
0.0,0.0,0.5,0.5,0,0,0.8333333333333334,7.698970004336019,7.778151250383644,-2.5,-1.0,70.0,0.0,0.0,0.0,0,0,-5,0.0,0.0,0.0,0.0,0.0,0.0,0.0,0.0,0.0,1.372,0.0,1.892,0.0,-0.5199999999999999,0.0,0.628,0.0,1.5354699312272966,0.0,0.2863098554596634,0.4417,0.0,0.2526,0.8661,0.079,0,0.45,0,-1,0,25.0,26.7,0.0,0.0,-0.045454545454545414,0.0,0.48,0.37,0.42,0.4658,0.3327,0.4275,0.01419999999999999,0.0373,-0.007500000000000007,0
0.0,0.0,0.5,0.5,0,0,0.25,8.477121254719663,9.079181246047625,-5.5,-1.5,82.0,0.0,0.0,0.0,-1,-3,-10,0.3000000000000007,-2.0,-3500.0,0.15000000000000002,-0.22000000000000003,-0.42999999999999994,-0.19999999999999996,-0.04999999999999999,1.959,2.341,1.329,1.067,0.63,1.274,0.741,0.359,1.3862285654790514,1.1426634743995732,0.2850516522394571,0.2724559087673128,0.514,0.228,0.2217,0.7231,0.0778,0,0.62,0,0,0,31.0,42.2,4.0,12.0,-0.29425837320574166,0.0,0.5139,0.4692,0.4953,0.458,0.5375,0.5466,0.055900000000000005,-0.06829999999999997,-0.05129999999999996,0
0.0,0.0,0.5,0.5,0,0,1.0,7.698970004336019,7.698970004336019,0.0,0.0,70.0,0.0,0.0,0.0,0,0,0,0.0,0.0,0.0,0.0,0.0,0.0,0.0,0.0,0.0,0.0,0.0,0.0,0.0,0.0,0.0,0.0,0.0,0.0,0.0,0.0,0.423,0.0,0.3313,0.636,0.0569,0,0.45,0,0,0,25.0,25.0,0.0,0.0,0.0,0.0,0.48,0.37,0.42,0.48,0.37,0.42,0.0,0.0,0.0,1
0.0,0.0,0.5,0.5,0,0,7.083333333333333,8.929418925714293,8.079181246047625,9.299999999999997,1.5,87.5,0.0,0.0,0.0,1,2,8,-1.0,3.0,0.0,0.04999999999999993,0.13999999999999999,0.48,0.6000000000000001,0.19999999999999996,2.592,1.6,0.939,1.705,1.653,-0.1049999999999999,0.108,0.7,0.9731844800911872,1.397464068315691,0.4399949494659632,0.4263279905841928,0.6413,0.0,0.2269,0.7296,0.0546,0,0.67,1,-1,0,42.3,24.5,12.0,1.0,0.4688995215311006,0.0,0.4564,0.5811,0.6325,0.5189,0.3806,0.4334,-0.06250000000000006,0.20049999999999996,0.19909999999999994,0
0.0,0.0,0.5,0.5,0,0,0.4166666666666667,7.698970004336019,8.079181246047625,-4.5,-3.5,70.0,0.0,0.0,0.0,0,0,-7,0.0,0.0,0.0,0.0,0.0,0.0,0.0,0.0,0.0,1.6,0.0,1.705,0.0,-0.1049999999999999,0.0,0.7,0.0,1.397464068315691,0.0,0.4263279905841928,0.423,0.0,0.3313,0.636,0.0569,0,0.45,0,-1,0,25.0,24.5,0.0,1.0,0.014354066985646008,0.0,0.48,0.37,0.42,0.5189,0.3806,0.4334,-0.038900000000000046,-0.010599999999999998,-0.013400000000000023,0
0.0,0.0,0.5,0.5,0,0,17.0,8.929418925714293,7.698970004336019,13.799999999999997,5.0,87.5,0.0,0.0,0.0,1,2,15,-1.0,3.0,0.0,0.04999999999999993,0.13999999999999999,0.48,0.6000000000000001,0.19999999999999996,2.592,0.0,0.939,0.0,1.653,0.0,0.108,0.0,0.9731844800911872,0.0,0.4399949494659632,0.0,0.6413,0.0,0.2269,0.7296,0.0546,0,0.67,1,0,0,42.3,25.0,12.0,0.0,0.4545454545454546,0.0,0.4564,0.5811,0.6325,0.48,0.37,0.42,-0.02360000000000001,0.21109999999999995,0.21249999999999997,1
0.0,0.0,0.5,0.5,0,0,6.4,8.505149978319906,7.698970004336019,8.0,5.0,81.5,0.0,0.0,0.0,0,1,10,-1.3999999999999986,1.0,-7000.0,0.25,-0.020000000000000004,0.17999999999999994,0.10000000000000009,0.0,1.7120000000000002,0.0,1.179,0.0,0.5329999999999999,0.0,0.088,0.0,1.1043395370402465,0.0,0.3105121217887923,0.0,0.5541,0.0,0.1745,0.6843,0.0671,0,0.52,0,0,0,30.2,25.0,2.0,0.0,0.13636363636363635,0.0,0.3901,0.3768,0.3964,0.48,0.37,0.42,-0.08989999999999998,0.006800000000000028,-0.02360000000000001,0
0.0,0.0,0.5,0.5,0,0,16.666666666666668,8.8750612633917,7.653212513775344,10.5,6.0,86.5,0.0,0.0,0.0,4,13,19,0.6999999999999993,9.0,200.0,-0.050000000000000044,0.12,0.44999999999999996,0.30000000000000004,0.0,2.428,1.375,0.876,1.632,1.552,-0.257,-0.0279999999999999,0.125,0.9223655810598944,1.078173606970716,0.4258533915693417,0.5094932122544257,0.5733,0.3694,0.2037,0.6876,0.0583,0,0.58,0,0,0,38.7,23.9,10.0,0.0,0.3899521531100477,0.0,0.7582,0.5095,0.703,0.5315,0.3408,0.4142,0.2267,0.16869999999999996,0.28879999999999995,1
0.0,0.0,0.5,0.5,0,0,7.111111111111111,8.505149978319906,7.653212513775344,5.5,3.5,81.5,0.0,0.0,0.0,0,1,10,-1.3999999999999986,1.0,-7000.0,0.25,-0.020000000000000004,0.17999999999999994,0.10000000000000009,0.0,1.7120000000000002,1.375,1.179,1.632,0.5329999999999999,-0.257,0.088,0.125,1.1043395370402465,1.078173606970716,0.3105121217887923,0.5094932122544257,0.5541,0.3694,0.1745,0.6843,0.0671,0,0.52,0,0,0,30.2,23.9,2.0,0.0,0.16507177033492826,0.0,0.3901,0.3768,0.3964,0.5315,0.3408,0.4142,-0.14139999999999997,0.03600000000000003,-0.017800000000000038,0
0.0,0.0,0.5,0.5,0,0,15.0,8.8750612633917,7.698970004336019,13.0,7.5,86.5,0.0,0.0,0.0,4,13,19,0.6999999999999993,9.0,200.0,-0.050000000000000044,0.12,0.44999999999999996,0.30000000000000004,0.0,2.428,0.0,0.876,0.0,1.552,0.0,-0.0279999999999999,0.0,0.9223655810598944,0.0,0.4258533915693417,0.0,0.5733,0.0,0.2037,0.6876,0.0583,0,0.58,0,0,0,38.7,25.0,10.0,0.0,0.3612440191387558,0.0,0.7582,0.5095,0.703,0.48,0.37,0.42,0.2782,0.13949999999999996,0.283,0
0.0,0.0,0.5,0.5,0,0,2.34375,8.8750612633917,8.505149978319906,5.0,2.5,86.5,0.0,0.0,0.0,4,12,9,2.099999999999998,8.0,7200.0,-0.30000000000000004,0.14,0.27,0.19999999999999996,0.0,2.428,1.7120000000000002,0.876,1.179,1.552,0.5329999999999999,-0.0279999999999999,0.088,0.9223655810598944,1.1043395370402465,0.4258533915693417,0.3105121217887923,0.5733,0.2715,0.2037,0.6876,0.0583,0,0.58,0,0,0,38.7,30.2,10.0,2.0,0.22488038277511946,0.0,0.7582,0.5095,0.703,0.3901,0.3768,0.3964,0.3681,0.13269999999999993,0.3066,1
0.0,0.0,0.5,0.5,0,0,1.1111111111111112,7.698970004336019,7.653212513775344,-2.5,-1.5,70.0,0.0,0.0,0.0,0,0,0,0.0,0.0,0.0,0.0,0.0,0.0,0.0,0.0,0.0,1.375,0.0,1.632,0.0,-0.257,0.0,0.125,0.0,1.078173606970716,0.0,0.5094932122544257,0.0,0.3694,0.0,0.0,0.0,0,0.45,0,0,0,25.0,23.9,0.0,0.0,0.028708133971291905,0.0,0.48,0.37,0.42,0.5315,0.3408,0.4142,-0.05149999999999999,0.029200000000000004,0.005799999999999972,1
0.0,0.0,0.5,0.5,0,0,2.7777777777777777,8.698970004336019,8.255272505103306,4.5,2.5,84.5,0.0,0.0,0.0,0,1,3,1.3000000000000007,15.0,-1700.0,0.0,0.0,0.37,0.0,0.04999999999999999,2.002,1.7420000000000002,1.323,1.473,0.6789999999999999,0.269,-0.1019999999999999,0.758,0.9431066534244954,1.5093139957020203,0.3376651859131732,0.4204177816305003,0.5783,0.2727,0.2167,0.8053,0.062,0,0.52,0,0,0,34.1,27.6,10.0,0.0,0.1698564593301436,0.0,0.4786,0.471,0.4919,0.415,0.3381,0.4039,0.06360000000000005,0.13289999999999996,0.08800000000000002,0
0.0,0.0,0.5,0.5,0,0,2.9545454545454546,8.812913356642856,8.342422680822207,5.5,5.0,86.0,0.0,0.0,0.0,0,5,-6,-0.29999999999999716,-7.0,7700.0,-0.35,-0.19999999999999998,0.5,0.5999999999999999,0.050000000000000044,2.645,1.7739999999999998,0.751,1.399,1.894,0.375,-0.2449999999999999,-0.2739999999999999,0.9060118494310764,0.8012143853944391,0.3351699403122077,0.301485212462126,0.5863,0.215,0.1947,0.7823,0.0485,0,0.6,0,-2,-1,38.0,25.0,7.0,1.0,0.3421052631578947,0.0,0.5646,0.5123,0.6106,0.467,0.3049,0.3458,0.09759999999999996,0.20739999999999997,0.26480000000000004,0
0.0,0.0,0.5,0.5,0,0,3.611111111111111,8.812913356642856,8.255272505103306,6.5,6.5,86.0,0.0,0.0,0.0,0,4,0,0.10000000000000142,4.0,-1800.0,0.0,0.06999999999999999,0.4,0.2999999999999998,0.0,2.645,1.7420000000000002,0.751,1.473,1.894,0.269,-0.2449999999999999,0.758,0.9060118494310764,1.5093139957020203,0.3351699403122077,0.4204177816305003,0.5863,0.2727,0.1947,0.7823,0.0485,0,0.6,0,0,0,38.0,27.6,7.0,0.0,0.2727272727272727,0.0,0.5646,0.5123,0.6106,0.415,0.3381,0.4039,0.1496,0.17419999999999997,0.20670000000000005,1
0.0,0.0,0.5,0.5,0,0,2.272727272727273,8.698970004336019,8.342422680822207,3.5,1.0,84.5,0.0,0.0,0.0,0,2,-3,0.9000000000000021,4.0,7800.0,-0.35,-0.26999999999999996,0.47,0.30000000000000004,0.10000000000000003,2.002,1.7739999999999998,1.323,1.399,0.6789999999999999,0.375,-0.1019999999999999,-0.2739999999999999,0.9431066534244954,0.8012143853944391,0.3376651859131732,0.301485212462126,0.5783,0.215,0.2167,0.8053,0.062,0,0.52,0,-2,-1,34.1,25.0,10.0,1.0,0.23923444976076558,0.0,0.4786,0.471,0.4919,0.467,0.3049,0.3458,0.0116,0.16609999999999997,0.1461,0
0.0,0.0,0.5,0.5,0,0,1.3,8.812913356642856,8.698970004336019,2.0,4.0,86.0,0.0,0.0,0.0,0,3,-3,-1.1999999999999993,-11.0,-100.0,0.0,0.06999999999999999,0.030000000000000027,0.2999999999999998,-0.04999999999999999,2.645,2.002,0.751,1.323,1.894,0.6789999999999999,-0.2449999999999999,-0.1019999999999999,0.9060118494310764,0.9431066534244954,0.3351699403122077,0.3376651859131732,0.5863,0.205,0.1947,0.7823,0.0485,0,0.6,0,0,0,38.0,34.1,7.0,10.0,0.10287081339712911,0.0,0.5646,0.5123,0.6106,0.4786,0.471,0.4919,0.08599999999999997,0.0413,0.11870000000000003,0
0.0,0.0,0.5,0.5,0,0,0.8181818181818182,8.255272505103306,8.342422680822207,-1.0,-1.5,81.0,0.0,0.0,0.0,0,1,-6,-0.3999999999999986,-11.0,9500.0,-0.35,-0.26999999999999996,0.09999999999999998,0.30000000000000004,0.050000000000000044,1.7420000000000002,1.7739999999999998,1.473,1.399,0.269,0.375,0.758,-0.2739999999999999,1.5093139957020203,0.8012143853944391,0.4204177816305003,0.301485212462126,0.613,0.215,0.1143,0.8314,0.0437,0,0.5,0,-2,-1,27.6,25.0,0.0,1.0,0.06937799043062198,0.0,0.415,0.3381,0.4039,0.467,0.3049,0.3458,-0.052000000000000046,0.03320000000000001,0.058099999999999985,0
0.0,0.0,0.5,0.5,0,0,22.0,9.041392685158225,7.698970004336019,14.5,9.5,89.0,0.0,0.0,0.0,2,7,15,-0.3000000000000007,10.0,-200.0,0.0,0.0,0.52,0.7000000000000002,0.09999999999999998,2.804,0.0,0.5599999999999999,0.0,2.244,0.0,0.296,0.0,1.0649770760444726,0.0,0.2852756951130297,0.0,0.7185,0.2308,0.05,0.6062,0.0885,3,0.68,2,3,1,42.2,25.0,12.0,0.0,0.45215311004784686,0.0,0.6507,0.6107,0.6607,0.48,0.37,0.42,0.17069999999999996,0.24070000000000003,0.24069999999999997,1
0.0,0.0,0.5,0.5,0,0,1.1428571428571428,7.6020599913279625,7.544068044350276,-0.5,0.5,74.0,0.0,0.0,0.0,0,0,-3,0.0,0.0,0.0,0.0,-0.55,0.38,0.0,0.0,1.369,1.287,1.686,1.825,-0.317,-0.5379999999999999,-0.169,-0.187,0.8614395670308376,0.9046575994599472,0.5644751741416288,0.3522010158354963,0.0,0.2677,0.0,0.0,0.0,0,0.46,0,-1,0,25.9,25.0,0.0,1.0,0.02392344497607657,0.0,0.4917,0.3211,0.4297,0.489,0.3711,0.4313,0.0027000000000000357,-0.04999999999999999,-0.0015999999999999903,0
0.0,0.0,0.5,0.5,0,0,2.4,8.079181246047625,7.698970004336019,4.5,3.5,78.0,0.0,0.0,0.0,0,0,7,0.0,0.0,0.0,0.0,0.0,0.0,0.0,0.0,1.6,0.0,1.705,0.0,-0.1049999999999999,0.0,0.7,0.0,1.397464068315691,0.0,0.4263279905841928,0.0,0.0,0.0,0.0,0.0,0.0,1,0.48,0,1,0,24.5,25.0,1.0,0.0,-0.014354066985646008,0.0,0.5189,0.3806,0.4334,0.48,0.37,0.42,0.038900000000000046,0.010599999999999998,0.013400000000000023,0
0.0,0.0,0.5,0.5,0,0,17.0,8.929418925714293,7.698970004336019,13.799999999999997,5.0,87.5,0.0,0.0,0.0,1,2,15,-1.0,3.0,0.0,0.04999999999999993,0.13999999999999999,0.48,0.6000000000000001,0.19999999999999996,2.592,0.0,0.939,0.0,1.653,0.0,0.108,0.0,0.9731844800911872,0.0,0.4399949494659632,0.0,0.6413,0.2457,0.2269,0.7296,0.0546,0,0.67,1,0,0,42.3,25.0,12.0,0.0,0.4545454545454546,0.0,0.4564,0.5811,0.6325,0.48,0.37,0.42,-0.02360000000000001,0.21109999999999995,0.21249999999999997,0
0.0,0.0,0.5,0.5,0,0,4.166666666666667,8.8750612633917,8.255272505103306,7.0,5.5,86.5,0.0,0.0,0.0,4,12,9,0.6999999999999993,9.0,-1800.0,0.0,0.14,0.47,0.09999999999999987,0.0,2.428,1.7420000000000002,0.876,1.473,1.552,0.269,-0.0279999999999999,0.758,0.9223655810598944,1.5093139957020203,0.4258533915693417,0.4204177816305003,0.5733,0.2727,0.2037,0.6876,0.0583,0,0.58,0,0,0,38.7,27.6,10.0,0.0,0.29186602870813383,0.0,0.7582,0.5095,0.703,0.415,0.3381,0.4039,0.3432,0.17139999999999994,0.2991,1
0.0,0.0,0.5,0.5,0,0,20.0,9.0,7.698970004336019,13.5,7.0,87.5,0.0,0.0,0.0,5,11,21,0.3000000000000007,13.0,-2500.0,0.09999999999999998,-0.04000000000000001,0.41999999999999993,0.5,0.09999999999999998,2.451,0.0,0.825,0.0,1.626,0.0,0.349,0.0,1.1980330911358643,0.0,0.3834478089938996,0.0,0.6748,0.2565,0.1307,0.8196,0.0699,0,0.6,0,0,0,39.1,25.0,9.0,0.0,0.3708133971291867,0.0,0.64,0.5449,0.7004,0.48,0.37,0.42,0.16000000000000003,0.17490000000000006,0.28040000000000004,1
0.0,0.0,0.5,0.5,0,0,3.6,8.255272505103306,7.698970004336019,6.0,2.0,81.0,0.0,0.0,0.0,0,1,10,0.0,0.0,2000.0,-0.050000000000000044,-0.020000000000000004,-0.020000000000000018,0.20000000000000018,0.0,1.7420000000000002,0.0,1.473,0.0,0.269,0.0,0.758,0.0,1.5093139957020203,0.0,0.4204177816305003,0.0,0.613,0.2565,0.1143,0.8314,0.0437,0,0.5,0,0,0,27.6,25.0,0.0,0.0,0.06937799043062198,0.0,0.415,0.3381,0.4039,0.48,0.37,0.42,-0.065,-0.031899999999999984,-0.016100000000000003,0
0.0,0.0,0.5,0.5,0,0,0.75,8.8750612633917,9.0,-0.5,0.5,86.5,0.0,0.0,0.0,-1,2,-2,0.3999999999999986,-4.0,2700.0,-0.15000000000000002,0.16,0.030000000000000027,-0.19999999999999996,-0.09999999999999998,2.428,2.451,0.876,0.825,1.552,1.626,-0.0279999999999999,0.349,0.9223655810598944,1.1980330911358643,0.4258533915693417,0.3834478089938996,0.5733,0.1945,0.2037,0.6876,0.0583,0,0.58,0,0,0,38.7,39.1,10.0,9.0,-0.009569377990430894,0.0,0.7582,0.5095,0.703,0.64,0.5449,0.7004,0.11819999999999997,-0.0354000000000001,0.0025999999999999357,0
0.0,0.0,0.5,0.5,0,0,1.2,9.079181246047625,9.0,0.5,1.0,88.5,0.0,0.0,0.0,-4,-8,-6,-0.40000000000000213,-6.0,2000.0,-0.09999999999999998,0.22000000000000003,0.16000000000000003,-0.09999999999999987,0.0,2.341,2.451,1.067,0.825,1.274,1.626,0.359,0.349,1.1426634743995732,1.1980330911358643,0.2724559087673128,0.3834478089938996,0.6109,0.1945,0.1611,0.6545,0.0492,0,0.62,1,0,0,42.2,39.1,12.0,9.0,0.08133971291866016,0.0,0.458,0.5375,0.5466,0.64,0.5449,0.7004,-0.182,-0.007400000000000073,-0.15380000000000005,0
0.0,0.0,0.5,0.5,0,0,2.34375,8.8750612633917,8.505149978319906,5.0,2.5,86.5,0.0,0.0,0.0,4,12,9,2.099999999999998,8.0,7200.0,-0.30000000000000004,0.14,0.27,0.19999999999999996,0.0,2.428,1.7120000000000002,0.876,1.179,1.552,0.5329999999999999,-0.0279999999999999,0.088,0.9223655810598944,1.1043395370402465,0.4258533915693417,0.3105121217887923,0.5733,0.2715,0.2037,0.6876,0.0583,0,0.58,0,0,0,38.7,30.2,10.0,2.0,0.22488038277511946,0.0,0.7582,0.5095,0.703,0.3901,0.3768,0.3964,0.3681,0.13269999999999993,0.3066,1
0.0,0.0,0.5,0.5,0,0,4.722222222222222,8.929418925714293,8.255272505103306,7.799999999999997,3.0,87.5,0.0,0.0,0.0,1,1,5,-1.0,3.0,-2000.0,0.09999999999999998,0.15999999999999998,0.5,0.3999999999999999,0.19999999999999996,2.592,1.7420000000000002,0.939,1.473,1.653,0.269,0.108,0.758,0.9731844800911872,1.5093139957020203,0.4399949494659632,0.4204177816305003,0.6413,0.2727,0.2269,0.7296,0.0546,0,0.67,1,0,0,42.3,27.6,12.0,0.0,0.3851674641148326,0.0,0.4564,0.5811,0.6325,0.415,0.3381,0.4039,0.04139999999999999,0.24299999999999994,0.22859999999999997,0
0.0,0.0,0.5,0.5,0,0,5.0,8.397940008672037,7.698970004336019,7.0,6.0,81.0,0.0,0.0,0.0,0,0,2,0.8999999999999986,7.0,0.0,0.0,0.0,0.0,0.0,0.0,1.752,0.0,1.546,0.0,0.206,0.0,0.048,0.0,0.9886736370672355,0.0,0.4680645729431405,0.0,0.5271,0.2565,0.2408,0.6933,0.0563,2,0.58,1,2,1,33.1,25.0,2.0,0.0,0.2129186602870814,0.0,0.5081,0.3695,0.4782,0.48,0.37,0.42,0.028100000000000014,-0.0005000000000000004,0.05820000000000003,0
0.0,0.0,0.5,0.5,0,0,3.6,8.255272505103306,7.698970004336019,6.0,2.0,81.0,0.0,0.0,0.0,0,1,10,0.0,0.0,2000.0,-0.050000000000000044,-0.16999999999999998,-0.47,0.20000000000000018,0.0,1.7420000000000002,0.0,1.473,0.0,0.269,0.0,0.758,0.0,1.5093139957020203,0.0,0.4204177816305003,0.0,0.613,0.0,0.1143,0.8314,0.0437,0,0.5,0,0,0,27.6,25.0,0.0,0.0,0.06937799043062198,0.0,0.415,0.3381,0.4039,0.48,0.37,0.42,-0.065,-0.031899999999999984,-0.016100000000000003,1
0.0,0.0,0.5,0.5,0,0,5.0,8.397940008672037,7.698970004336019,7.5,1.0,80.5,0.0,0.0,0.0,0,0,6,-0.1999999999999993,3.0,1500.0,-0.050000000000000044,-0.04000000000000001,0.21999999999999997,0.8000000000000003,0.04999999999999999,2.019,0.0,1.24,0.0,0.7789999999999999,0.0,0.6809999999999999,0.0,1.3873215883112155,0.0,0.4047893828208005,0.0,0.5328,0.2565,0.2094,0.6017,0.0808,1,0.62,0,1,1,30.1,25.0,2.0,0.0,0.13397129186602863,0.0,0.5059,0.3877,0.465,0.48,0.37,0.42,0.025900000000000034,0.017699999999999994,0.04500000000000004,0
0.0,0.0,0.5,0.5,0,0,2.0,9.0,8.698970004336019,3.0,2.5,87.5,0.0,0.0,0.0,5,9,8,-1.0,-2.0,-2800.0,0.15000000000000002,-0.020000000000000004,0.06999999999999995,0.2999999999999998,0.04999999999999999,2.451,2.002,0.825,1.323,1.626,0.6789999999999999,0.349,-0.1019999999999999,1.1980330911358643,0.9431066534244954,0.3834478089938996,0.3376651859131732,0.6748,0.205,0.1307,0.8196,0.0699,0,0.6,0,0,0,39.1,34.1,9.0,10.0,0.13157894736842113,0.0,0.64,0.5449,0.7004,0.4786,0.471,0.4919,0.1614,0.07390000000000008,0.20850000000000002,1
0.0,0.0,0.5,0.5,0,0,0.6875,8.342422680822207,8.505149978319906,-1.0,-1.5,80.0,0.0,0.0,0.0,0,-1,6,1.7999999999999972,10.0,-500.0,0.04999999999999993,0.26999999999999996,-0.29999999999999993,-0.19999999999999996,-0.050000000000000044,1.7739999999999998,1.7120000000000002,1.399,1.179,0.375,0.5329999999999999,-0.2739999999999999,0.088,0.8012143853944391,1.1043395370402465,0.301485212462126,0.3105121217887923,0.5765,0.2715,0.2085,0.7166,0.0536,2,0.55,0,2,1,25.0,30.2,1.0,2.0,-0.13636363636363635,0.0,0.467,0.3049,0.3458,0.3901,0.3768,0.3964,0.07690000000000002,-0.07190000000000002,-0.05059999999999998,0
0.0,0.0,0.5,0.5,0,0,2.4444444444444446,9.041392685158225,8.653212513775344,4.5,0.5,89.0,0.0,0.0,0.0,0,2,2,0.1999999999999993,4.0,1300.0,-0.04999999999999993,0.020000000000000004,0.27,0.40000000000000013,0.0,2.804,2.161,0.5599999999999999,1.17,2.244,0.991,0.296,0.439,1.0649770760444726,1.0807602735652382,0.2852756951130297,0.5795295026523193,0.7185,0.172,0.05,0.6062,0.0885,3,0.68,2,3,1,42.2,36.8,12.0,3.0,0.1411483253588518,0.0,0.6507,0.6107,0.6607,0.5314,0.501,0.5217,0.11929999999999996,0.10970000000000002,0.1389999999999999,0
0.0,0.0,0.5,0.5,0,0,0.2,7.698970004336019,8.397940008672037,-7.0,-6.0,70.0,0.0,0.0,0.0,0,0,-2,-0.8999999999999986,-7.0,0.0,0.0,0.0,0.0,0.0,0.0,0.0,1.752,0.0,1.546,0.0,0.206,0.0,0.048,0.0,0.9886736370672355,0.0,0.4680645729431405,0.5263,0.2322,0.2429,0.8909,0.0788,0,0.45,0,-2,-1,25.0,33.1,0.0,2.0,-0.2129186602870814,0.0,0.48,0.37,0.42,0.5081,0.3695,0.4782,-0.028100000000000014,0.0005000000000000004,-0.05820000000000003,0
0.0,0.0,0.5,0.5,0,0,9.0,8.653212513775344,7.698970004336019,10.0,9.0,84.0,0.0,0.0,0.0,2,5,13,-0.5,6.0,-1500.0,0.04999999999999993,-0.020000000000000004,0.25,0.30000000000000004,0.09999999999999998,2.161,0.0,1.17,0.0,0.991,0.0,0.439,0.0,1.0807602735652382,0.0,0.5795295026523193,0.0,0.639,0.2308,0.189,0.6935,0.066,0,0.53,0,0,0,36.8,25.0,3.0,0.0,0.31100478468899506,0.0,0.5314,0.501,0.5217,0.48,0.37,0.42,0.0514,0.131,0.10170000000000007,0
0.0,0.0,0.5,0.5,0,0,4.4,9.041392685158225,8.397940008672037,7.5,3.5,89.0,0.0,0.0,0.0,2,7,13,-1.1999999999999993,3.0,-200.0,0.0,0.0,0.52,0.7000000000000002,0.09999999999999998,2.804,1.752,0.5599999999999999,1.546,2.244,0.206,0.296,0.048,1.0649770760444726,0.9886736370672355,0.2852756951130297,0.4680645729431405,0.7185,0.2322,0.05,0.6062,0.0885,3,0.68,2,1,0,42.2,33.1,12.0,2.0,0.23923444976076547,0.0,0.6507,0.6107,0.6607,0.5081,0.3695,0.4782,0.14259999999999995,0.24120000000000003,0.18249999999999994,0
0.0,0.0,0.5,0.5,0,0,0.35555555555555557,8.505149978319906,8.954242509439325,-5.5,-1.5,81.5,0.0,0.0,0.0,0,-1,3,-2.099999999999998,-12.0,-7000.0,0.20000000000000007,-0.039999999999999994,-0.22000000000000008,-0.8999999999999999,-0.09999999999999998,1.7120000000000002,2.591,1.179,0.97,0.5329999999999999,1.621,0.088,0.709,1.1043395370402465,1.1798394922132849,0.3105121217887923,0.3362356977544835,0.5541,0.2035,0.1745,0.6843,0.0671,0,0.52,0,0,0,30.2,39.1,2.0,7.0,-0.23444976076555035,0.0,0.3901,0.3768,0.3964,0.6152,0.5548,0.5951,-0.22509999999999997,-0.17799999999999994,-0.1987,1
0.0,0.0,0.5,0.5,0,0,3.6,8.255272505103306,7.698970004336019,6.0,2.0,81.0,0.0,0.0,0.0,0,1,10,0.0,0.0,2000.0,-0.050000000000000044,-0.020000000000000004,-0.020000000000000018,0.20000000000000018,0.0,1.7420000000000002,0.0,1.473,0.0,0.269,0.0,0.758,0.0,1.5093139957020203,0.0,0.4204177816305003,0.0,0.613,0.2179,0.1143,0.8314,0.0437,0,0.5,0,0,0,27.6,25.0,0.0,0.0,0.06937799043062198,0.0,0.415,0.3381,0.4039,0.48,0.37,0.42,-0.065,-0.031899999999999984,-0.016100000000000003,1
0.0,0.0,0.5,0.5,0,0,1.0,7.698970004336019,7.698970004336019,0.0,0.0,70.0,0.0,0.0,0.0,0,0,0,0.0,0.0,0.0,0.0,0.0,0.0,0.0,0.0,0.0,0.0,0.0,0.0,0.0,0.0,0.0,0.0,0.0,0.0,0.0,0.0,0.4026,0.0,0.3409,0.6122,0.0695,0,0.45,0,0,0,25.0,25.0,0.0,0.0,0.0,0.0,0.48,0.37,0.42,0.48,0.37,0.42,0.0,0.0,0.0,1
0.0,0.0,0.5,0.5,0,0,0.05,7.698970004336019,9.0,-13.5,-7.0,70.0,0.0,0.0,0.0,-5,-11,-21,-0.3000000000000007,-13.0,2500.0,-0.09999999999999998,0.04000000000000001,-0.41999999999999993,-0.5,-0.09999999999999998,0.0,2.451,0.0,0.825,0.0,1.626,0.0,0.349,0.0,1.1980330911358643,0.0,0.3834478089938996,0.0,0.1945,0.0,0.0,0.0,0,0.45,0,0,0,25.0,39.1,0.0,9.0,-0.3708133971291867,0.0,0.48,0.37,0.42,0.64,0.5449,0.7004,-0.16000000000000003,-0.17490000000000006,-0.28040000000000004,0
0.0,0.0,0.5,0.5,0,0,1.0,7.698970004336019,7.698970004336019,0.0,0.0,70.0,0.0,0.0,0.0,0,0,0,0.0,0.0,0.0,0.0,0.0,0.0,0.0,0.0,0.0,0.0,0.0,0.0,0.0,0.0,0.0,0.0,0.0,0.0,0.0,0.0,0.0,0.2565,0.0,0.0,0.0,0,0.45,0,0,0,25.0,25.0,0.0,0.0,0.0,0.0,0.48,0.37,0.42,0.48,0.37,0.42,0.0,0.0,0.0,0
0.0,0.0,0.5,0.5,0,0,20.0,9.0,7.698970004336019,13.5,7.0,87.5,0.0,0.0,0.0,5,11,21,0.3000000000000007,13.0,-2500.0,0.09999999999999998,-0.04000000000000001,0.41999999999999993,0.5,0.09999999999999998,2.451,0.0,0.825,0.0,1.626,0.0,0.349,0.0,1.1980330911358643,0.0,0.3834478089938996,0.0,0.6748,0.0,0.1307,0.8196,0.0699,0,0.6,0,0,0,39.1,25.0,9.0,0.0,0.3708133971291867,0.0,0.64,0.5449,0.7004,0.48,0.37,0.42,0.16000000000000003,0.17490000000000006,0.28040000000000004,1
0.0,0.0,0.5,0.5,0,0,1.0,7.698970004336019,7.698970004336019,0.0,0.0,70.0,0.0,0.0,0.0,0,0,0,0.0,0.0,0.0,0.0,0.0,0.0,0.0,0.0,0.0,0.0,0.0,0.0,0.0,0.0,0.0,0.0,0.0,0.0,0.0,0.0,0.0,0.0,0.0,0.0,0.0,0,0.45,0,0,0,25.0,25.0,0.0,0.0,0.0,0.0,0.48,0.37,0.42,0.48,0.37,0.42,0.0,0.0,0.0,0
0.0,0.0,0.5,0.5,0,0,20.0,9.0,7.698970004336019,13.5,7.0,87.5,0.0,0.0,0.0,5,11,21,0.3000000000000007,13.0,-2500.0,0.09999999999999998,-0.04000000000000001,0.41999999999999993,0.5,0.09999999999999998,2.451,0.0,0.825,0.0,1.626,0.0,0.349,0.0,1.1980330911358643,0.0,0.3834478089938996,0.0,0.6748,0.2565,0.1307,0.8196,0.0699,0,0.6,0,0,0,39.1,25.0,9.0,0.0,0.3708133971291867,0.0,0.64,0.5449,0.7004,0.48,0.37,0.42,0.16000000000000003,0.17490000000000006,0.28040000000000004,1
0.0,0.0,0.5,0.5,0,0,0.4166666666666667,7.698970004336019,8.079181246047625,-4.5,-3.5,70.0,0.0,0.0,0.0,0,0,-7,0.0,0.0,0.0,0.0,0.0,0.0,0.0,0.0,0.0,1.6,0.0,1.705,0.0,-0.1049999999999999,0.0,0.7,0.0,1.397464068315691,0.0,0.4263279905841928,0.4199,0.0,0.3108,0.6015,0.048,0,0.45,0,-1,0,25.0,24.5,0.0,1.0,0.014354066985646008,0.0,0.48,0.37,0.42,0.5189,0.3806,0.4334,-0.038900000000000046,-0.010599999999999998,-0.013400000000000023,0
0.0,0.0,0.5,0.5,0,0,0.047058823529411764,7.6020599913279625,8.929418925714293,-12.799999999999997,-6.0,74.0,0.0,0.0,0.0,-1,-2,-13,1.0,-3.0,0.0,-0.04999999999999993,-0.13999999999999999,-0.48,-0.6000000000000001,-0.19999999999999996,1.369,2.592,1.686,0.939,-0.317,1.653,-0.169,0.108,0.8614395670308376,0.9731844800911872,0.5644751741416288,0.4399949494659632,0.0,0.1318,0.0,0.0,0.0,0,0.46,0,0,0,25.9,42.3,0.0,12.0,-0.430622009569378,0.0,0.4917,0.3211,0.4297,0.4564,0.5811,0.6325,0.035300000000000054,-0.25999999999999995,-0.20279999999999992,0
0.0,0.0,0.5,0.5,0,0,0.8,7.6020599913279625,7.698970004336019,1.0,-1.0,74.0,0.0,0.0,0.0,0,0,2,0.0,0.0,0.0,0.0,0.0,0.0,0.0,0.0,1.369,0.0,1.686,0.0,-0.317,0.0,-0.169,0.0,0.8614395670308376,0.0,0.5644751741416288,0.0,0.0,0.2693,0.0,0.0,0.0,0,0.46,0,0,0,25.9,25.0,0.0,0.0,0.02392344497607657,0.0,0.4917,0.3211,0.4297,0.48,0.37,0.42,0.011700000000000044,-0.0489,0.009700000000000042,1
0.0,0.0,0.5,0.5,0,0,7.083333333333333,8.929418925714293,8.079181246047625,9.299999999999997,1.5,87.5,0.0,0.0,0.0,1,2,8,-1.0,3.0,0.0,0.04999999999999993,0.13999999999999999,0.48,0.6000000000000001,0.19999999999999996,2.592,1.6,0.939,1.705,1.653,-0.1049999999999999,0.108,0.7,0.9731844800911872,1.397464068315691,0.4399949494659632,0.4263279905841928,0.6413,0.0,0.2269,0.7296,0.0546,0,0.67,1,-1,0,42.3,24.5,12.0,1.0,0.4688995215311006,0.0,0.4564,0.5811,0.6325,0.5189,0.3806,0.4334,-0.06250000000000006,0.20049999999999996,0.19909999999999994,1
0.0,0.0,0.5,0.5,0,0,17.0,8.929418925714293,7.698970004336019,13.799999999999997,5.0,87.5,0.0,0.0,0.0,1,2,15,-1.0,3.0,0.0,0.04999999999999993,0.13999999999999999,0.48,0.6000000000000001,0.19999999999999996,2.592,0.0,0.939,0.0,1.653,0.0,0.108,0.0,0.9731844800911872,0.0,0.4399949494659632,0.0,0.6413,0.2693,0.2269,0.7296,0.0546,0,0.67,1,0,0,42.3,25.0,12.0,0.0,0.4545454545454546,0.0,0.4564,0.5811,0.6325,0.48,0.37,0.42,-0.02360000000000001,0.21109999999999995,0.21249999999999997,1
0.0,0.0,0.5,0.5,0,0,3.0,8.079181246047625,7.6020599913279625,3.5,4.5,78.0,0.0,0.0,0.0,0,0,5,0.0,0.0,0.0,0.0,0.0,0.0,0.0,0.0,1.6,1.369,1.705,1.686,-0.1049999999999999,-0.317,0.7,-0.169,1.397464068315691,0.8614395670308376,0.4263279905841928,0.5644751741416288,0.0,0.0,0.0,0.0,0.0,1,0.48,0,1,0,24.5,25.9,1.0,0.0,-0.03827751196172258,0.0,0.5189,0.3806,0.4334,0.4917,0.3211,0.4297,0.027200000000000002,0.0595,0.003699999999999981,0
0.0,0.0,0.5,0.5,0,0,0.5555555555555556,8.397940008672037,8.653212513775344,-3.0,-3.0,81.0,0.0,0.0,0.0,-2,-5,-11,1.3999999999999986,1.0,1500.0,-0.04999999999999993,0.020000000000000004,-0.25,-0.30000000000000004,-0.09999999999999998,1.752,2.161,1.546,1.17,0.206,0.991,0.048,0.439,0.9886736370672355,1.0807602735652382,0.4680645729431405,0.5795295026523193,0.5271,0.172,0.2408,0.6933,0.0563,2,0.58,1,2,1,33.1,36.8,2.0,3.0,-0.09808612440191367,0.0,0.5081,0.3695,0.4782,0.5314,0.501,0.5217,-0.023299999999999987,-0.1315,-0.04350000000000004,0
0.0,0.0,0.5,0.5,0,0,0.045454545454545456,7.698970004336019,9.041392685158225,-14.5,-9.5,70.0,0.0,0.0,0.0,-2,-7,-15,0.3000000000000007,-10.0,200.0,0.0,0.0,-0.52,-0.7000000000000002,-0.09999999999999998,0.0,2.804,0.0,0.5599999999999999,0.0,2.244,0.0,0.296,0.0,1.0649770760444726,0.0,0.2852756951130297,0.5263,0.2349,0.2429,0.8909,0.0788,0,0.45,0,-3,-1,25.0,42.2,0.0,12.0,-0.45215311004784686,0.0,0.48,0.37,0.42,0.6507,0.6107,0.6607,-0.17069999999999996,-0.24070000000000003,-0.24069999999999997,1
0.0,0.0,0.5,0.5,0,0,0.041666666666666664,7.698970004336019,9.079181246047625,-14.0,-8.0,70.0,0.0,0.0,0.0,-1,-3,-15,0.10000000000000142,-7.0,500.0,0.0,-0.18000000000000002,-0.58,-0.40000000000000013,-0.09999999999999998,0.0,2.341,0.0,1.067,0.0,1.274,0.0,0.359,0.0,1.1426634743995732,0.0,0.2724559087673128,0.423,0.228,0.3313,0.636,0.0569,0,0.45,0,0,0,25.0,42.2,0.0,12.0,-0.45215311004784686,0.0,0.48,0.37,0.42,0.458,0.5375,0.5466,0.021999999999999964,-0.16749999999999998,-0.1266,0
0.0,0.0,0.5,0.5,0,0,0.23529411764705882,8.301029995663981,8.929418925714293,-7.0,-4.5,81.0,0.0,0.0,0.0,-3,-2,-6,-1.0,-20.0,1500.0,-0.04999999999999993,0.020000000000000004,-0.44999999999999996,-0.8000000000000003,-0.19999999999999996,1.599,2.884,1.173,0.95,0.426,1.934,0.1009999999999999,0.616,0.9320745946735548,1.2457596956683417,0.3812100616603805,0.4170851232062826,0.4719,0.1927,0.2898,0.8452,0.0678,0,0.53,0,-1,-1,25.6,36.3,1.0,7.0,-0.27990430622009577,0.0,0.4689,0.3119,0.418,0.7222,0.6642,0.7,-0.25329999999999997,-0.3523,-0.282,0
0.0,0.0,0.5,0.5,0,0,0.7083333333333334,8.929418925714293,9.079181246047625,0.0,0.5,88.0,0.0,0.0,0.0,2,3,2,1.1000000000000014,13.0,-1000.0,0.04999999999999993,-0.2,-0.13,0.40000000000000013,0.09999999999999998,2.884,2.341,0.95,1.067,1.934,1.274,0.616,0.359,1.2457596956683417,1.1426634743995732,0.4170851232062826,0.2724559087673128,0.6331,0.228,0.1742,0.6174,0.0833,1,0.71,2,1,1,36.3,42.2,7.0,12.0,-0.1555023923444976,0.0,0.7222,0.6642,0.7,0.458,0.5375,0.5466,0.26419999999999993,0.12670000000000003,0.15339999999999998,0
0.0,0.0,0.5,0.5,0,0,4.0,8.301029995663981,7.698970004336019,7.0,4.0,81.0,0.0,0.0,0.0,0,4,11,0.0,0.0,0.0,0.0,0.0,0.0,0.0,0.0,1.599,0.0,1.173,0.0,0.426,0.0,0.1009999999999999,0.0,0.9320745946735548,0.0,0.3812100616603805,0.0,0.4719,0.2457,0.2898,0.8452,0.0678,0,0.53,0,0,0,25.6,25.0,1.0,0.0,0.01674641148325351,0.0,0.4689,0.3119,0.418,0.48,0.37,0.42,-0.011099999999999999,-0.058099999999999985,-0.0020000000000000018,1
0.0,0.0,0.5,0.5,0,0,6.0,9.079181246047625,8.301029995663981,7.0,4.0,88.5,0.0,0.0,0.0,1,-1,4,-0.10000000000000142,7.0,-500.0,0.0,0.18000000000000002,0.58,0.40000000000000013,0.09999999999999998,2.341,1.599,1.067,1.173,1.274,0.426,0.359,0.1009999999999999,1.1426634743995732,0.9320745946735548,0.2724559087673128,0.3812100616603805,0.6109,0.2383,0.1611,0.6545,0.0492,0,0.62,1,0,0,42.2,25.6,12.0,1.0,0.43540669856459335,0.0,0.458,0.5375,0.5466,0.4689,0.3119,0.418,-0.010899999999999965,0.22559999999999997,0.1286,0
0.0,0.0,0.5,0.5,0,0,17.0,8.929418925714293,7.698970004336019,14.0,8.5,88.0,0.0,0.0,0.0,3,6,17,1.0,20.0,-1500.0,0.04999999999999993,-0.020000000000000004,0.44999999999999996,0.8000000000000003,0.19999999999999996,2.884,0.0,0.95,0.0,1.934,0.0,0.616,0.0,1.2457596956683417,0.0,0.4170851232062826,0.0,0.6331,0.2457,0.1742,0.6174,0.0833,1,0.71,2,1,1,36.3,25.0,7.0,0.0,0.2966507177033493,0.0,0.7222,0.6642,0.7,0.48,0.37,0.42,0.24219999999999997,0.2942,0.27999999999999997,1
0.0,0.0,0.5,0.5,0,0,0.7,7.544068044350276,7.698970004336019,1.5,-1.5,74.5,0.0,0.0,0.0,0,0,5,0.0,0.0,0.0,0.0,0.55,-0.38,0.0,0.0,1.287,0.0,1.825,0.0,-0.5379999999999999,0.0,-0.187,0.0,0.9046575994599472,0.0,0.3522010158354963,0.0,0.3822,0.0,0.3501,0.6855,0.0418,1,0.52,2,1,0,25.0,25.0,1.0,0.0,0.0,0.0,0.489,0.3711,0.4313,0.48,0.37,0.42,0.009000000000000008,0.0010999999999999899,0.011300000000000032,0
0.0,0.0,0.5,0.5,0,0,0.06666666666666667,7.698970004336019,8.8750612633917,-13.0,-7.5,70.0,0.0,0.0,0.0,-4,-13,-12,-0.6999999999999993,-9.0,-200.0,0.050000000000000044,-0.12,-0.44999999999999996,-0.30000000000000004,0.0,0.0,2.428,0.0,0.876,0.0,1.552,0.0,-0.0279999999999999,0.0,0.9223655810598944,0.0,0.4258533915693417,0.5138,0.223,0.2154,0.6021,0.0655,0,0.45,0,0,0,25.0,38.7,0.0,10.0,-0.3612440191387558,0.0,0.48,0.37,0.42,0.7582,0.5095,0.703,-0.2782,-0.13949999999999996,-0.283,0
0.0,0.0,0.5,0.5,0,0,1.4285714285714286,7.698970004336019,7.544068044350276,-1.5,1.5,70.0,0.0,0.0,0.0,0,0,2,0.0,0.0,0.0,0.0,-0.55,0.38,0.0,0.0,0.0,1.287,0.0,1.825,0.0,-0.5379999999999999,0.0,-0.187,0.0,0.9046575994599472,0.0,0.3522010158354963,0.5138,0.2677,0.2154,0.6021,0.0655,0,0.45,0,-1,0,25.0,25.0,0.0,1.0,0.0,0.0,0.48,0.37,0.42,0.489,0.3711,0.4313,-0.009000000000000008,-0.0010999999999999899,-0.011300000000000032,1
0.0,0.0,0.5,0.5,0,0,15.0,8.8750612633917,7.698970004336019,13.0,7.5,86.5,0.0,0.0,0.0,4,13,19,0.6999999999999993,9.0,200.0,-0.050000000000000044,0.12,0.44999999999999996,0.30000000000000004,0.0,2.428,0.0,0.876,0.0,1.552,0.0,-0.0279999999999999,0.0,0.9223655810598944,0.0,0.4258533915693417,0.0,0.5733,0.0,0.2037,0.6876,0.0583,0,0.58,0,0,0,38.7,25.0,10.0,0.0,0.3612440191387558,0.0,0.7582,0.5095,0.703,0.48,0.37,0.42,0.2782,0.13949999999999996,0.283,0
0.0,0.0,0.5,0.5,0,0,21.428571428571427,8.8750612633917,7.544068044350276,11.5,9.0,86.5,0.0,0.0,0.0,4,13,14,0.6999999999999993,9.0,200.0,-0.050000000000000044,-0.43000000000000005,0.83,0.30000000000000004,0.0,2.428,1.287,0.876,1.825,1.552,-0.5379999999999999,-0.0279999999999999,-0.187,0.9223655810598944,0.9046575994599472,0.4258533915693417,0.3522010158354963,0.5733,0.2677,0.2037,0.6876,0.0583,0,0.58,0,-1,0,38.7,25.0,10.0,1.0,0.3612440191387558,0.0,0.7582,0.5095,0.703,0.489,0.3711,0.4313,0.2692,0.13839999999999997,0.27169999999999994,1
0.0,0.0,0.5,0.5,0,0,1.0,7.698970004336019,7.698970004336019,0.0,0.0,70.0,0.0,0.0,0.0,0,0,-7,0.0,0.0,0.0,0.0,0.0,0.0,0.0,0.0,0.0,0.0,0.0,0.0,0.0,0.0,0.0,0.0,0.0,0.0,0.0,0.0,0.0,0.2709,0.0,0.0,0.0,0,0.45,0,0,0,25.0,25.0,0.0,0.0,0.0,0.0,0.48,0.37,0.42,0.48,0.37,0.42,0.0,0.0,0.0,0
0.0,0.0,0.5,0.5,0,0,0.15625,7.698970004336019,8.505149978319906,-8.0,-5.0,70.0,0.0,0.0,0.0,0,-1,-10,1.3999999999999986,-1.0,7000.0,-0.25,0.020000000000000004,-0.17999999999999994,-0.10000000000000009,0.0,0.0,1.7120000000000002,0.0,1.179,0.0,0.5329999999999999,0.0,0.088,0.0,1.1043395370402465,0.0,0.3105121217887923,0.5587,0.2715,0.2233,0.8282,0.0681,0,0.45,0,0,0,25.0,30.2,0.0,2.0,-0.13636363636363635,0.0,0.48,0.37,0.42,0.3901,0.3768,0.3964,0.08989999999999998,-0.006800000000000028,0.02360000000000001,1
0.0,0.0,0.5,0.5,0,0,5.0,8.954242509439325,8.255272505103306,7.5,4.5,87.0,0.0,0.0,0.0,0,1,-3,0.6999999999999993,13.0,-2000.0,0.09999999999999998,0.039999999999999994,0.42000000000000004,0.7999999999999998,0.09999999999999998,2.591,1.7420000000000002,0.97,1.473,1.621,0.269,0.709,0.758,1.1798394922132849,1.5093139957020203,0.3362356977544835,0.4204177816305003,0.692,0.2727,0.1045,0.6599,0.0657,0,0.65,0,0,0,39.1,27.6,7.0,0.0,0.3014354066985647,0.0,0.6152,0.5548,0.5951,0.415,0.3381,0.4039,0.2002,0.21669999999999995,0.19119999999999998,0
0.0,0.0,0.5,0.5,0,0,18.0,8.954242509439325,7.698970004336019,13.5,6.5,87.0,0.0,0.0,0.0,0,2,7,0.6999999999999993,13.0,0.0,0.04999999999999993,0.01999999999999999,0.4,1.0,0.09999999999999998,2.591,0.0,0.97,0.0,1.621,0.0,0.709,0.0,1.1798394922132849,0.0,0.3362356977544835,0.0,0.692,0.2179,0.1045,0.6599,0.0657,0,0.65,0,0,0,39.1,25.0,7.0,0.0,0.3708133971291867,0.0,0.6152,0.5548,0.5951,0.48,0.37,0.42,0.1352,0.18479999999999996,0.17509999999999998,1
0.0,0.0,0.5,0.5,0,0,0.5625,8.255272505103306,8.505149978319906,-2.0,-3.0,81.0,0.0,0.0,0.0,0,0,0,1.3999999999999986,-1.0,9000.0,-0.30000000000000004,0.0,-0.19999999999999996,0.10000000000000009,0.0,1.7420000000000002,1.7120000000000002,1.473,1.179,0.269,0.5329999999999999,0.758,0.088,1.5093139957020203,1.1043395370402465,0.4204177816305003,0.3105121217887923,0.613,0.2715,0.1143,0.8314,0.0437,0,0.5,0,0,0,27.6,30.2,0.0,2.0,-0.06698564593301437,0.0,0.415,0.3381,0.4039,0.3901,0.3768,0.3964,0.024899999999999978,-0.03870000000000001,0.007500000000000007,0
0.0,0.0,0.5,0.5,0,0,17.0,8.929418925714293,7.698970004336019,13.799999999999997,5.0,87.5,0.0,0.0,0.0,1,2,15,-1.0,3.0,0.0,0.04999999999999993,0.13999999999999999,0.48,0.6000000000000001,0.19999999999999996,2.592,0.0,0.939,0.0,1.653,0.0,0.108,0.0,0.9731844800911872,0.0,0.4399949494659632,0.0,0.6413,0.0,0.2269,0.7296,0.0546,0,0.67,1,0,0,42.3,25.0,12.0,0.0,0.4545454545454546,0.0,0.4564,0.5811,0.6325,0.48,0.37,0.42,-0.02360000000000001,0.21109999999999995,0.21249999999999997,0
0.0,0.0,0.5,0.5,0,0,0.8,8.301029995663981,8.397940008672037,0.0,-2.0,81.0,0.0,0.0,0.0,0,4,9,-0.8999999999999986,-7.0,0.0,0.0,0.0,0.0,0.0,0.0,1.599,1.752,1.173,1.546,0.426,0.206,0.1009999999999999,0.048,0.9320745946735548,0.9886736370672355,0.3812100616603805,0.4680645729431405,0.4719,0.2322,0.2898,0.8452,0.0678,0,0.53,0,-2,-1,25.6,33.1,1.0,2.0,-0.1961722488038279,0.0,0.4689,0.3119,0.418,0.5081,0.3695,0.4782,-0.03920000000000001,-0.057599999999999985,-0.06020000000000003,0
0.0,0.0,0.5,0.5,0,0,0.041666666666666664,7.698970004336019,9.079181246047625,-14.0,-8.0,70.0,0.0,0.0,0.0,-1,-3,-15,0.10000000000000142,-7.0,500.0,0.0,-0.18000000000000002,-0.58,-0.40000000000000013,-0.09999999999999998,0.0,2.341,0.0,1.067,0.0,1.274,0.0,0.359,0.0,1.1426634743995732,0.0,0.2724559087673128,0.5263,0.228,0.2429,0.8909,0.0788,0,0.45,0,0,0,25.0,42.2,0.0,12.0,-0.45215311004784686,0.0,0.48,0.37,0.42,0.458,0.5375,0.5466,0.021999999999999964,-0.16749999999999998,-0.1266,0
0.0,0.0,0.5,0.5,0,0,6.25,8.8750612633917,8.079181246047625,8.5,4.0,86.5,0.0,0.0,0.0,4,13,12,0.6999999999999993,9.0,200.0,-0.050000000000000044,0.12,0.44999999999999996,0.30000000000000004,0.0,2.428,1.6,0.876,1.705,1.552,-0.1049999999999999,-0.0279999999999999,0.7,0.9223655810598944,1.397464068315691,0.4258533915693417,0.4263279905841928,0.5733,0.0,0.2037,0.6876,0.0583,0,0.58,0,-1,0,38.7,24.5,10.0,1.0,0.3755980861244018,0.0,0.7582,0.5095,0.703,0.5189,0.3806,0.4334,0.23929999999999996,0.12889999999999996,0.26959999999999995,1
0.0,0.0,0.5,0.5,0,0,10.0,8.698970004336019,7.698970004336019,10.5,4.5,84.5,0.0,0.0,0.0,0,2,13,1.3000000000000007,15.0,300.0,-0.050000000000000044,-0.020000000000000004,0.35,0.20000000000000018,0.04999999999999999,2.002,0.0,1.323,0.0,0.6789999999999999,0.0,-0.1019999999999999,0.0,0.9431066534244954,0.0,0.3376651859131732,0.0,0.5783,0.0,0.2167,0.8053,0.062,0,0.52,0,0,0,34.1,25.0,10.0,0.0,0.23923444976076558,0.0,0.4786,0.471,0.4919,0.48,0.37,0.42,-0.0013999999999999568,0.10099999999999998,0.07190000000000002,1
0.0,0.0,0.5,0.5,0,0,0.24,7.778151250383644,8.397940008672037,-5.0,0.0,76.0,0.0,0.0,0.0,0,0,-1,0.1999999999999993,-3.0,-1500.0,0.050000000000000044,0.04000000000000001,-0.21999999999999997,-0.8000000000000003,-0.04999999999999999,1.372,2.019,1.892,1.24,-0.5199999999999999,0.7789999999999999,0.628,0.6809999999999999,1.5354699312272966,1.3873215883112155,0.2863098554596634,0.4047893828208005,0.0,0.2578,0.0,0.0,0.0,1,0.47,0,0,-1,26.7,30.1,0.0,2.0,-0.08851674641148322,0.0,0.4658,0.3327,0.4275,0.5059,0.3877,0.465,-0.040100000000000025,-0.05499999999999999,-0.03750000000000003,0
0.0,0.0,0.5,0.5,0,0,0.12,7.778151250383644,8.698970004336019,-8.0,-3.5,76.0,0.0,0.0,0.0,0,-2,-8,-1.3000000000000007,-15.0,-300.0,0.050000000000000044,0.020000000000000004,-0.35,-0.20000000000000018,-0.04999999999999999,1.372,2.002,1.892,1.323,-0.5199999999999999,0.6789999999999999,0.628,-0.1019999999999999,1.5354699312272966,0.9431066534244954,0.2863098554596634,0.3376651859131732,0.0,0.205,0.0,0.0,0.0,1,0.47,0,1,0,26.7,34.1,0.0,10.0,-0.19377990430622016,0.0,0.4658,0.3327,0.4275,0.4786,0.471,0.4919,-0.012800000000000034,-0.13829999999999998,-0.06440000000000001,0
0.0,0.0,0.5,0.5,0,0,5.0,8.397940008672037,7.698970004336019,7.5,1.0,80.5,0.0,0.0,0.0,0,0,6,-0.1999999999999993,3.0,1500.0,-0.050000000000000044,-0.04000000000000001,0.21999999999999997,0.8000000000000003,0.04999999999999999,2.019,0.0,1.24,0.0,0.7789999999999999,0.0,0.6809999999999999,0.0,1.3873215883112155,0.0,0.4047893828208005,0.0,0.5328,0.0,0.2094,0.6017,0.0808,1,0.62,0,1,1,30.1,25.0,2.0,0.0,0.13397129186602863,0.0,0.5059,0.3877,0.465,0.48,0.37,0.42,0.025900000000000034,0.017699999999999994,0.04500000000000004,1
0.0,0.0,0.5,0.5,0,0,0.8333333333333334,7.698970004336019,7.778151250383644,-2.5,-1.0,70.0,0.0,0.0,0.0,0,0,-5,0.0,0.0,0.0,0.0,0.0,0.0,0.0,0.0,0.0,1.372,0.0,1.892,0.0,-0.5199999999999999,0.0,0.628,0.0,1.5354699312272966,0.0,0.2863098554596634,0.0,0.0,0.0,0.0,0.0,0,0.45,0,-1,0,25.0,26.7,0.0,0.0,-0.045454545454545414,0.0,0.48,0.37,0.42,0.4658,0.3327,0.4275,0.01419999999999999,0.0373,-0.007500000000000007,1
0.0,0.0,0.5,0.5,0,0,0.5,8.397940008672037,8.698970004336019,-3.0,-3.5,80.5,0.0,0.0,0.0,0,-2,-7,-1.5,-12.0,1200.0,0.0,-0.020000000000000004,-0.13,0.6000000000000001,0.0,2.019,2.002,1.24,1.323,0.7789999999999999,0.6789999999999999,0.6809999999999999,-0.1019999999999999,1.3873215883112155,0.9431066534244954,0.4047893828208005,0.3376651859131732,0.5328,0.205,0.2094,0.6017,0.0808,1,0.62,0,1,1,30.1,34.1,2.0,10.0,-0.10526315789473695,0.0,0.5059,0.3877,0.465,0.4786,0.471,0.4919,0.02729999999999999,-0.08329999999999999,-0.02689999999999998,0
0.0,0.0,0.5,0.5,0,0,0.7142857142857143,8.301029995663981,8.44715803134222,-3.0,3.0,80.0,0.0,0.0,0.0,0,-3,-2,-2.8999999999999986,-18.0,-3500.0,0.15000000000000002,0.0,-0.29999999999999993,0.0,0.0,1.939,2.037,1.535,1.185,0.404,0.852,0.461,-0.737,1.1305019881189966,0.6589823082323523,0.3306374315033177,0.3983312412776303,0.5346,0.1764,0.2295,0.6943,0.0654,0,0.55,0,-2,-1,27.5,34.3,2.0,6.0,-0.17703349282296632,0.0,0.396,0.2938,0.3913,0.6477,0.4914,0.547,-0.25170000000000003,-0.1976,-0.15570000000000006,1
0.0,0.0,0.5,0.5,0,0,4.4,8.342422680822207,7.698970004336019,7.0,3.5,80.0,0.0,0.0,0.0,0,0,16,0.3999999999999986,11.0,-7500.0,0.29999999999999993,0.09999999999999998,-0.57,-0.09999999999999987,-0.050000000000000044,1.7739999999999998,0.0,1.399,0.0,0.375,0.0,-0.2739999999999999,0.0,0.8012143853944391,0.0,0.301485212462126,0.0,0.5765,0.0,0.2085,0.7166,0.0536,2,0.55,0,2,1,25.0,25.0,1.0,0.0,0.0,0.0,0.467,0.3049,0.3458,0.48,0.37,0.42,-0.012999999999999956,-0.06509999999999999,-0.07419999999999999,0
0.0,0.0,0.5,0.5,0,0,1.1,8.342422680822207,8.301029995663981,0.5,-2.5,80.0,0.0,0.0,0.0,0,0,13,1.5999999999999979,12.0,-4000.0,0.1499999999999999,0.24999999999999997,-0.12,-0.09999999999999987,-0.050000000000000044,1.7739999999999998,1.939,1.399,1.535,0.375,0.404,-0.2739999999999999,0.461,0.8012143853944391,1.1305019881189966,0.301485212462126,0.3306374315033177,0.5765,0.236,0.2085,0.7166,0.0536,2,0.55,0,2,1,25.0,27.5,1.0,2.0,-0.06698564593301437,0.0,0.467,0.3049,0.3458,0.396,0.2938,0.3913,0.07100000000000001,0.011099999999999999,-0.045499999999999985,1
0.0,0.0,0.5,0.5,0,0,0.17857142857142858,7.698970004336019,8.44715803134222,-9.5,-3.0,70.0,0.0,0.0,0.0,0,-3,-5,-1.6999999999999993,-17.0,0.0,0.0,0.15,0.15000000000000002,0.0,0.0,0.0,2.037,0.0,1.185,0.0,0.852,0.0,-0.737,0.0,0.6589823082323523,0.0,0.3983312412776303,0.0,0.1764,0.0,0.0,0.0,0,0.45,0,-2,-1,25.0,34.3,0.0,6.0,-0.2440191387559807,0.0,0.48,0.37,0.42,0.6477,0.4914,0.547,-0.16770000000000007,-0.12140000000000001,-0.12700000000000006,0
0.0,0.0,0.5,0.5,0,0,0.25,7.698970004336019,8.301029995663981,-6.5,-6.0,70.0,0.0,0.0,0.0,0,0,-3,1.1999999999999993,1.0,3500.0,-0.15000000000000002,0.15,0.44999999999999996,0.0,0.0,0.0,1.939,0.0,1.535,0.0,0.404,0.0,0.461,0.0,1.1305019881189966,0.0,0.3306374315033177,0.0,0.236,0.0,0.0,0.0,0,0.45,0,0,0,25.0,27.5,0.0,2.0,-0.06698564593301437,0.0,0.48,0.37,0.42,0.396,0.2938,0.3913,0.08399999999999996,0.07619999999999999,0.028700000000000003,1
0.0,0.0,0.5,0.5,0,0,1.2727272727272727,8.44715803134222,8.342422680822207,2.5,-0.5,83.5,0.0,0.0,0.0,0,3,-11,1.3000000000000007,6.0,7500.0,-0.29999999999999993,-0.24999999999999997,0.41999999999999993,0.09999999999999987,0.050000000000000044,2.037,1.7739999999999998,1.185,1.399,0.852,0.375,-0.737,-0.2739999999999999,0.6589823082323523,0.8012143853944391,0.3983312412776303,0.301485212462126,0.6025,0.215,0.2211,0.6103,0.0855,2,0.6,0,0,0,34.3,25.0,6.0,1.0,0.2440191387559807,0.0,0.6477,0.4914,0.547,0.467,0.3049,0.3458,0.18070000000000003,0.1865,0.20120000000000005,0
0.0,0.0,0.5,0.5,0,0,3.6,8.255272505103306,7.698970004336019,6.0,2.0,81.0,0.0,0.0,0.0,0,1,10,0.0,0.0,2000.0,-0.050000000000000044,-0.020000000000000004,-0.020000000000000018,0.20000000000000018,0.0,1.7420000000000002,0.0,1.473,0.0,0.269,0.0,0.758,0.0,1.5093139957020203,0.0,0.4204177816305003,0.0,0.613,0.0,0.1143,0.8314,0.0437,0,0.5,0,0,0,27.6,25.0,0.0,0.0,0.06937799043062198,0.0,0.415,0.3381,0.4039,0.48,0.37,0.42,-0.065,-0.031899999999999984,-0.016100000000000003,1
0.0,0.0,0.5,0.5,0,0,4.583333333333333,9.041392685158225,8.380211241711606,7.0,5.0,89.0,0.0,0.0,0.0,2,7,4,-0.9000000000000021,0.0,-200.0,0.0,0.0,0.52,0.7000000000000002,0.09999999999999998,2.804,1.6960000000000002,0.5599999999999999,1.391,2.244,0.305,0.296,-0.196,1.0649770760444726,0.8891132124050513,0.2852756951130297,0.3092715455532385,0.7185,0.2319,0.05,0.6062,0.0885,3,0.68,2,2,0,42.2,31.0,12.0,2.0,0.29425837320574166,0.0,0.6507,0.6107,0.6607,0.3333,0.4488,0.4901,0.31739999999999996,0.16190000000000004,0.17059999999999997,0
0.0,0.0,0.5,0.5,0,0,6.111111111111111,9.041392685158225,8.255272505103306,8.5,7.5,89.0,0.0,0.0,0.0,2,6,5,-0.3000000000000007,10.0,-2200.0,0.050000000000000044,0.020000000000000004,0.54,0.5,0.09999999999999998,2.804,1.7420000000000002,0.5599999999999999,1.473,2.244,0.269,0.296,0.758,1.0649770760444726,1.5093139957020203,0.2852756951130297,0.4204177816305003,0.7185,0.2727,0.05,0.6062,0.0885,3,0.68,2,3,1,42.2,27.6,12.0,0.0,0.3827751196172249,0.0,0.6507,0.6107,0.6607,0.415,0.3381,0.4039,0.23569999999999997,0.2726,0.2568,0
0.0,0.0,0.5,0.5,0,0,0.20833333333333334,7.698970004336019,8.380211241711606,-7.5,-4.5,70.0,0.0,0.0,0.0,0,0,-11,-0.6000000000000014,-10.0,0.0,0.0,0.0,0.0,0.0,0.0,0.0,1.6960000000000002,0.0,1.391,0.0,0.305,0.0,-0.196,0.0,0.8891132124050513,0.0,0.3092715455532385,0.0,0.2319,0.0,0.0,0.0,0,0.45,0,-1,-1,25.0,31.0,0.0,2.0,-0.1578947368421052,0.0,0.48,0.37,0.42,0.3333,0.4488,0.4901,0.1467,-0.07879999999999998,-0.0701,0
0.0,0.0,0.5,0.5,0,0,0.045454545454545456,7.698970004336019,9.041392685158225,-14.5,-9.5,70.0,0.0,0.0,0.0,-2,-7,-15,0.3000000000000007,-10.0,200.0,0.0,0.0,-0.52,-0.7000000000000002,-0.09999999999999998,0.0,2.804,0.0,0.5599999999999999,0.0,2.244,0.0,0.296,0.0,1.0649770760444726,0.0,0.2852756951130297,0.0,0.2349,0.0,0.0,0.0,0,0.45,0,-3,-1,25.0,42.2,0.0,12.0,-0.45215311004784686,0.0,0.48,0.37,0.42,0.6507,0.6107,0.6607,-0.17069999999999996,-0.24070000000000003,-0.24069999999999997,0
0.0,0.0,0.5,0.5,0,0,1.3333333333333333,8.380211241711606,8.255272505103306,1.5,2.5,81.5,0.0,0.0,0.0,0,-1,1,0.6000000000000014,10.0,-2000.0,0.050000000000000044,0.020000000000000004,0.020000000000000018,-0.20000000000000018,0.0,1.6960000000000002,1.7420000000000002,1.391,1.473,0.305,0.269,-0.196,0.758,0.8891132124050513,1.5093139957020203,0.3092715455532385,0.4204177816305003,0.6244,0.2727,0.1437,0.6265,0.0498,1,0.57,0,1,1,31.0,27.6,2.0,0.0,0.08851674641148322,0.0,0.3333,0.4488,0.4901,0.415,0.3381,0.4039,-0.0817,0.11069999999999997,0.0862,1
0.0,0.0,0.5,0.5,0,0,17.0,8.929418925714293,7.698970004336019,13.799999999999997,5.0,87.5,0.0,0.0,0.0,1,2,15,-1.0,3.0,0.0,0.04999999999999993,0.13999999999999999,0.48,0.6000000000000001,0.19999999999999996,2.592,0.0,0.939,0.0,1.653,0.0,0.108,0.0,0.9731844800911872,0.0,0.4399949494659632,0.0,0.6413,0.3229,0.2269,0.7296,0.0546,0,0.67,1,0,0,42.3,25.0,12.0,0.0,0.4545454545454546,0.0,0.4564,0.5811,0.6325,0.48,0.37,0.42,-0.02360000000000001,0.21109999999999995,0.21249999999999997,1
0.0,0.0,0.5,0.5,0,0,1.7142857142857142,7.778151250383644,7.544068044350276,1.0,2.5,76.0,0.0,0.0,0.0,0,0,0,0.0,0.0,0.0,0.0,-0.55,0.38,0.0,0.0,1.372,1.287,1.892,1.825,-0.5199999999999999,-0.5379999999999999,0.628,-0.187,1.5354699312272966,0.9046575994599472,0.2863098554596634,0.3522010158354963,0.0,0.2677,0.0,0.0,0.0,1,0.47,0,0,0,26.7,25.0,0.0,1.0,0.045454545454545414,0.0,0.4658,0.3327,0.4275,0.489,0.3711,0.4313,-0.0232,-0.03839999999999999,-0.0038000000000000256,0
0.0,0.0,0.5,0.5,0,0,0.7,7.544068044350276,7.698970004336019,1.5,-1.5,74.5,0.0,0.0,0.0,0,0,5,0.0,0.0,0.0,0.0,0.55,-0.38,0.0,0.0,1.287,0.0,1.825,0.0,-0.5379999999999999,0.0,-0.187,0.0,0.9046575994599472,0.0,0.3522010158354963,0.0,0.3822,0.3229,0.3501,0.6855,0.0418,1,0.52,2,1,0,25.0,25.0,1.0,0.0,0.0,0.0,0.489,0.3711,0.4313,0.48,0.37,0.42,0.009000000000000008,0.0010999999999999899,0.011300000000000032,0
0.0,0.0,0.5,0.5,0,0,14.166666666666666,8.929418925714293,7.778151250383644,11.299999999999997,4.0,87.5,0.0,0.0,0.0,1,2,10,-1.0,3.0,0.0,0.04999999999999993,0.13999999999999999,0.48,0.6000000000000001,0.19999999999999996,2.592,1.372,0.939,1.892,1.653,-0.5199999999999999,0.108,0.628,0.9731844800911872,1.5354699312272966,0.4399949494659632,0.2863098554596634,0.6413,0.0,0.2269,0.7296,0.0546,0,0.67,1,-1,0,42.3,26.7,12.0,0.0,0.40909090909090917,0.0,0.4564,0.5811,0.6325,0.4658,0.3327,0.4275,-0.00940000000000002,0.24839999999999995,0.20499999999999996,1
0.0,0.0,0.5,0.5,0,0,0.041176470588235294,7.544068044350276,8.929418925714293,-12.299999999999997,-6.5,74.5,0.0,0.0,0.0,-1,-2,-10,1.0,-3.0,0.0,-0.04999999999999993,0.41000000000000003,-0.86,-0.6000000000000001,-0.19999999999999996,1.287,2.592,1.825,0.939,-0.5379999999999999,1.653,-0.187,0.108,0.9046575994599472,0.9731844800911872,0.3522010158354963,0.4399949494659632,0.3822,0.1318,0.3501,0.6855,0.0418,1,0.52,2,1,0,25.0,42.3,1.0,12.0,-0.4545454545454546,0.0,0.489,0.3711,0.4313,0.4564,0.5811,0.6325,0.03260000000000002,-0.20999999999999996,-0.20119999999999993,0
0.0,0.0,0.5,0.5,0,0,0.8333333333333334,7.698970004336019,7.778151250383644,-2.5,-1.0,70.0,0.0,0.0,0.0,0,0,-5,0.0,0.0,0.0,0.0,0.0,0.0,0.0,0.0,0.0,1.372,0.0,1.892,0.0,-0.5199999999999999,0.0,0.628,0.0,1.5354699312272966,0.0,0.2863098554596634,0.4338,0.0,0.2432,0.7017,0.0575,0,0.45,0,-1,0,25.0,26.7,0.0,0.0,-0.045454545454545414,0.0,0.48,0.37,0.42,0.4658,0.3327,0.4275,0.01419999999999999,0.0373,-0.007500000000000007,1
0.0,0.0,0.5,0.5,0,0,3.75,8.8750612633917,8.301029995663981,6.0,3.5,86.5,0.0,0.0,0.0,4,9,8,0.6999999999999993,9.0,200.0,-0.050000000000000044,0.12,0.44999999999999996,0.30000000000000004,0.0,2.428,1.599,0.876,1.173,1.552,0.426,-0.0279999999999999,0.1009999999999999,0.9223655810598944,0.9320745946735548,0.4258533915693417,0.3812100616603805,0.5733,0.2383,0.2037,0.6876,0.0583,0,0.58,0,0,0,38.7,25.6,10.0,1.0,0.3444976076555023,0.0,0.7582,0.5095,0.703,0.4689,0.3119,0.418,0.2893,0.19759999999999994,0.285,1
0.0,0.0,0.5,0.5,0,0,3.8636363636363638,8.929418925714293,8.342422680822207,7.0,5.0,88.0,0.0,0.0,0.0,3,6,1,0.6000000000000014,9.0,6000.0,-0.25,-0.26999999999999996,0.57,0.9000000000000001,0.25,2.884,1.7739999999999998,0.95,1.399,1.934,0.375,0.616,-0.2739999999999999,1.2457596956683417,0.8012143853944391,0.4170851232062826,0.301485212462126,0.6331,0.215,0.1742,0.6174,0.0833,1,0.71,2,-1,0,36.3,25.0,7.0,1.0,0.2966507177033493,0.0,0.7222,0.6642,0.7,0.467,0.3049,0.3458,0.2551999999999999,0.3593,0.35419999999999996,1
0.0,0.0,0.5,0.5,0,0,6.0,9.079181246047625,8.301029995663981,7.5,2.0,88.5,0.0,0.0,0.0,1,3,12,1.0999999999999979,8.0,3000.0,-0.15000000000000002,0.18000000000000002,0.58,0.40000000000000013,0.09999999999999998,2.341,1.939,1.067,1.535,1.274,0.404,0.359,0.461,1.1426634743995732,1.1305019881189966,0.2724559087673128,0.3306374315033177,0.6109,0.236,0.1611,0.6545,0.0492,0,0.62,1,0,0,42.2,27.5,12.0,2.0,0.3851674641148325,0.0,0.458,0.5375,0.5466,0.396,0.2938,0.3913,0.062,0.24369999999999997,0.1553,1
0.0,0.0,0.5,0.5,0,0,1.3846153846153846,8.954242509439325,8.812913356642856,1.0,-2.0,87.0,0.0,0.0,0.0,0,-3,-3,0.5999999999999979,9.0,-200.0,0.09999999999999998,-0.03,0.020000000000000018,0.5,0.09999999999999998,2.591,2.645,0.97,0.751,1.621,1.894,0.709,-0.2449999999999999,1.1798394922132849,0.9060118494310764,0.3362356977544835,0.3351699403122077,0.692,0.219,0.1045,0.6599,0.0657,0,0.65,0,0,0,39.1,38.0,7.0,7.0,0.028708133971292016,0.0,0.6152,0.5548,0.5951,0.5646,0.5123,0.6106,0.05059999999999998,0.04249999999999998,-0.01550000000000007,1
0.0,0.0,0.5,0.5,0,0,4.4,8.342422680822207,7.698970004336019,7.0,3.5,80.0,0.0,0.0,0.0,0,0,16,0.3999999999999986,11.0,-7500.0,0.29999999999999993,0.24999999999999997,-0.12,-0.09999999999999987,-0.050000000000000044,1.7739999999999998,0.0,1.399,0.0,0.375,0.0,-0.2739999999999999,0.0,0.8012143853944391,0.0,0.301485212462126,0.0,0.5765,0.0,0.2085,0.7166,0.0536,2,0.55,0,2,1,25.0,25.0,1.0,0.0,0.0,0.0,0.467,0.3049,0.3458,0.48,0.37,0.42,-0.012999999999999956,-0.06509999999999999,-0.07419999999999999,0
0.0,0.0,0.5,0.5,0,0,20.0,8.954242509439325,7.653212513775344,11.0,5.0,87.0,0.0,0.0,0.0,0,2,7,0.6999999999999993,13.0,0.0,0.04999999999999993,0.01999999999999999,0.4,1.0,0.09999999999999998,2.591,1.375,0.97,1.632,1.621,-0.257,0.709,0.125,1.1798394922132849,1.078173606970716,0.3362356977544835,0.5094932122544257,0.692,0.3694,0.1045,0.6599,0.0657,0,0.65,0,0,0,39.1,23.9,7.0,0.0,0.3995215311004786,0.0,0.6152,0.5548,0.5951,0.5315,0.3408,0.4142,0.0837,0.21399999999999997,0.18089999999999995,1
0.0,0.0,0.5,0.5,0,0,4.090909090909091,8.954242509439325,8.342422680822207,6.5,3.0,87.0,0.0,0.0,0.0,0,2,-9,0.3000000000000007,2.0,7500.0,-0.25,-0.22999999999999998,0.52,1.0999999999999999,0.15000000000000002,2.591,1.7739999999999998,0.97,1.399,1.621,0.375,0.709,-0.2739999999999999,1.1798394922132849,0.8012143853944391,0.3362356977544835,0.301485212462126,0.692,0.215,0.1045,0.6599,0.0657,0,0.65,0,-2,-1,39.1,25.0,7.0,1.0,0.3708133971291867,0.0,0.6152,0.5548,0.5951,0.467,0.3049,0.3458,0.14819999999999994,0.24989999999999996,0.24929999999999997,1
0.0,0.0,0.5,0.5,0,0,0.9,7.653212513775344,7.698970004336019,2.5,1.5,76.5,0.0,0.0,0.0,0,0,0,0.0,0.0,0.0,0.0,0.0,0.0,0.0,0.0,1.375,0.0,1.632,0.0,-0.257,0.0,0.125,0.0,1.078173606970716,0.0,0.5094932122544257,0.0,0.4759,0.0,0.1547,0.6154,0.0539,0,0.48,0,0,0,23.9,25.0,0.0,0.0,-0.028708133971291905,0.0,0.5315,0.3408,0.4142,0.48,0.37,0.42,0.05149999999999999,-0.029200000000000004,-0.005799999999999972,0
0.0,0.0,0.5,0.5,0,0,2.2857142857142856,8.505149978319906,8.146128035678238,2.200000000000003,0.5,81.5,0.0,0.0,0.0,0,1,2,-1.3999999999999986,1.0,-7000.0,0.25,-0.020000000000000004,0.17999999999999994,0.10000000000000009,0.0,1.7120000000000002,1.703,1.179,1.254,0.5329999999999999,0.449,0.088,-0.003,1.1043395370402465,0.9933921093956526,0.3105121217887923,0.3840153353419336,0.5541,0.284,0.1745,0.6843,0.0671,0,0.52,0,0,0,30.2,26.7,2.0,1.0,0.09090909090909094,0.0,0.3901,0.3768,0.3964,0.5068,0.3583,0.4015,-0.11670000000000003,0.018500000000000016,-0.005100000000000049,0
0.0,0.0,0.5,0.5,0,0,0.2777777777777778,7.698970004336019,8.255272505103306,-5.5,-4.0,70.0,0.0,0.0,0.0,0,0,-3,0.0,0.0,0.0,0.0,0.15,0.44999999999999996,0.0,0.0,0.0,1.722,0.0,1.303,0.0,0.4189999999999999,0.0,-0.3219999999999999,0.0,0.8146990443402252,0.0,0.2966779024089556,0.0,0.2452,0.0,0.0,0.0,0,0.45,0,-1,0,25.0,25.7,0.0,0.0,-0.019138755980861233,0.0,0.48,0.37,0.42,0.4736,0.3566,0.4347,0.006399999999999961,0.013400000000000023,-0.01469999999999999,1
0.0,0.0,0.5,0.5,0,0,0.7777777777777778,8.146128035678238,8.255272505103306,0.29999999999999716,0.5,79.5,0.0,0.0,0.0,0,0,5,0.0,0.0,0.0,0.0,0.0,0.0,0.0,0.0,1.703,1.722,1.254,1.303,0.449,0.4189999999999999,-0.003,-0.3219999999999999,0.9933921093956526,0.8146990443402252,0.3840153353419336,0.2966779024089556,0.3693,0.2452,0.3467,0.7936,0.0487,0,0.5,0,-1,0,26.7,25.7,1.0,0.0,0.02631578947368418,0.0,0.5068,0.3583,0.4015,0.4736,0.3566,0.4347,0.03320000000000001,0.0017000000000000348,-0.03319999999999995,0
0.0,0.0,0.5,0.5,0,0,0.15625,7.698970004336019,8.505149978319906,-8.0,-5.0,70.0,0.0,0.0,0.0,0,-1,-10,1.3999999999999986,-1.0,7000.0,-0.25,0.16999999999999998,0.27,-0.10000000000000009,0.0,0.0,1.7120000000000002,0.0,1.179,0.0,0.5329999999999999,0.0,0.088,0.0,1.1043395370402465,0.0,0.3105121217887923,0.0,0.2715,0.0,0.0,0.0,0,0.45,0,0,0,25.0,30.2,0.0,2.0,-0.13636363636363635,0.0,0.48,0.37,0.42,0.3901,0.3768,0.3964,0.08989999999999998,-0.006800000000000028,0.02360000000000001,0
0.0,0.0,0.5,0.5,0,0,2.8,8.146128035678238,7.698970004336019,5.799999999999997,4.5,79.5,0.0,0.0,0.0,0,0,8,0.0,0.0,0.0,0.0,-0.15,-0.44999999999999996,0.0,0.0,1.703,0.0,1.254,0.0,0.449,0.0,-0.003,0.0,0.9933921093956526,0.0,0.3840153353419336,0.0,0.3693,0.0,0.3467,0.7936,0.0487,0,0.5,0,0,0,26.7,25.0,1.0,0.0,0.045454545454545414,0.0,0.5068,0.3583,0.4015,0.48,0.37,0.42,0.026800000000000046,-0.011699999999999988,-0.01849999999999996,0
0.0,0.0,0.5,0.5,0,0,0.5625,8.255272505103306,8.505149978319906,-2.5,-1.0,79.5,0.0,0.0,0.0,0,-1,-7,1.3999999999999986,-1.0,7000.0,-0.25,0.020000000000000004,-0.17999999999999994,-0.10000000000000009,0.0,1.722,1.7120000000000002,1.303,1.179,0.4189999999999999,0.5329999999999999,-0.3219999999999999,0.088,0.8146990443402252,1.1043395370402465,0.2966779024089556,0.3105121217887923,0.4691,0.2715,0.2857,0.6684,0.0614,1,0.45,0,1,0,25.7,30.2,0.0,2.0,-0.11722488038277512,0.0,0.4736,0.3566,0.4347,0.3901,0.3768,0.3964,0.08350000000000002,-0.02020000000000005,0.0383,1
0.0,0.0,0.5,0.5,0,0,0.18,7.653212513775344,8.397940008672037,-5.5,1.0,75.5,0.0,0.0,0.0,0,0,-1,0.1999999999999993,-3.0,-1500.0,0.050000000000000044,0.04000000000000001,-0.21999999999999997,-0.8000000000000003,-0.04999999999999999,1.298,2.019,1.684,1.24,-0.386,0.7789999999999999,0.202,0.6809999999999999,1.2667385824722657,1.3873215883112155,0.4647293118938521,0.4047893828208005,0.5865,0.2578,0.1176,0.8662,0.0636,0,0.48,0,-1,-1,25.5,30.1,0.0,2.0,-0.11961722488038273,0.0,0.4629,0.3785,0.4231,0.5059,0.3877,0.465,-0.04300000000000004,-0.009199999999999986,-0.04190000000000005,1
0.0,0.0,0.5,0.5,0,0,3.5714285714285716,9.0,8.44715803134222,4.0,4.0,87.5,0.0,0.0,0.0,5,8,16,-1.3999999999999986,-4.0,-2500.0,0.09999999999999998,-0.04000000000000001,0.12,0.5,0.09999999999999998,2.451,2.037,0.825,1.185,1.626,0.852,0.349,-0.737,1.1980330911358643,0.6589823082323523,0.3834478089938996,0.3983312412776303,0.6748,0.1764,0.1307,0.8196,0.0699,0,0.6,0,-2,-1,39.1,34.3,9.0,6.0,0.12679425837320601,0.0,0.64,0.5449,0.7004,0.6477,0.4914,0.547,-0.00770000000000004,0.05350000000000005,0.15339999999999998,1
0.0,0.0,0.5,0.5,0,0,0.8928571428571429,8.397940008672037,8.44715803134222,-2.0,-2.0,80.5,0.0,0.0,0.0,0,-3,1,-1.8999999999999986,-14.0,1500.0,-0.050000000000000044,-0.04000000000000001,-0.07999999999999996,0.8000000000000003,0.04999999999999999,2.019,2.037,1.24,1.185,0.7789999999999999,0.852,0.6809999999999999,-0.737,1.3873215883112155,0.6589823082323523,0.4047893828208005,0.3983312412776303,0.5328,0.1764,0.2094,0.6017,0.0808,1,0.62,0,-1,0,30.1,34.3,2.0,6.0,-0.11004784688995206,0.0,0.5059,0.3877,0.465,0.6477,0.4914,0.547,-0.14180000000000004,-0.10370000000000001,-0.08200000000000002,0
0.0,0.0,0.5,0.5,0,0,22.22222222222222,9.0,7.653212513775344,11.5,5.0,87.5,0.0,0.0,0.0,5,11,16,0.3000000000000007,13.0,-2500.0,0.09999999999999998,-0.04000000000000001,0.41999999999999993,0.5,0.09999999999999998,2.451,1.298,0.825,1.684,1.626,-0.386,0.349,0.202,1.1980330911358643,1.2667385824722657,0.3834478089938996,0.4647293118938521,0.6748,0.2959,0.1307,0.8196,0.0699,0,0.6,0,0,0,39.1,25.5,9.0,0.0,0.3564593301435408,0.0,0.64,0.5449,0.7004,0.4629,0.3785,0.4231,0.17710000000000004,0.16640000000000005,0.27730000000000005,1
0.0,0.0,0.5,0.5,0,0,0.25,8.397940008672037,9.0,-6.0,-6.0,80.5,0.0,0.0,0.0,-5,-11,-15,-0.5,-10.0,4000.0,-0.15000000000000002,0.0,-0.19999999999999996,0.30000000000000027,-0.04999999999999999,2.019,2.451,1.24,0.825,0.7789999999999999,1.626,0.6809999999999999,0.349,1.3873215883112155,1.1980330911358643,0.4047893828208005,0.3834478089938996,0.5328,0.1945,0.2094,0.6017,0.0808,1,0.62,0,1,1,30.1,39.1,2.0,9.0,-0.23684210526315808,0.0,0.5059,0.3877,0.465,0.64,0.5449,0.7004,-0.1341,-0.15720000000000006,-0.2354,0
0.0,0.0,0.5,0.5,0,0,6.222222222222222,8.44715803134222,7.653212513775344,7.5,1.0,83.5,0.0,0.0,0.0,0,3,0,1.6999999999999993,17.0,0.0,0.0,0.0,0.29999999999999993,0.0,0.0,2.037,1.298,1.185,1.684,0.852,-0.386,-0.737,0.202,0.6589823082323523,1.2667385824722657,0.3983312412776303,0.4647293118938521,0.6025,0.2959,0.2211,0.6103,0.0855,2,0.6,0,2,1,34.3,25.5,6.0,0.0,0.2296650717703348,0.0,0.6477,0.4914,0.547,0.4629,0.3785,0.4231,0.18480000000000008,0.1129,0.12390000000000007,0
0.0,0.0,0.5,0.5,0,0,0.26666666666666666,8.301029995663981,8.8750612633917,-6.5,-1.5,80.0,0.0,0.0,0.0,-4,-13,-16,-1.8999999999999986,-10.0,-3700.0,0.20000000000000007,-0.12,-0.44999999999999996,-0.30000000000000004,0.0,1.939,2.428,1.535,0.876,0.404,1.552,0.461,-0.0279999999999999,1.1305019881189966,0.9223655810598944,0.3306374315033177,0.4258533915693417,0.5346,0.223,0.2295,0.6943,0.0654,0,0.55,0,0,0,27.5,38.7,2.0,10.0,-0.29425837320574144,0.0,0.396,0.2938,0.3913,0.7582,0.5095,0.703,-0.36219999999999997,-0.21569999999999995,-0.3117,0
0.0,0.0,0.5,0.5,0,0,1.0,7.698970004336019,7.698970004336019,0.0,0.0,70.0,0.0,0.0,0.0,0,0,0,0.0,0.0,0.0,0.0,0.0,0.0,0.0,0.0,0.0,0.0,0.0,0.0,0.0,0.0,0.0,0.0,0.0,0.0,0.0,0.0,0.0,0.2179,0.0,0.0,0.0,0,0.45,0,0,0,25.0,25.0,0.0,0.0,0.0,0.0,0.48,0.37,0.42,0.48,0.37,0.42,0.0,0.0,0.0,0
0.0,0.0,0.5,0.5,0,0,10.0,9.079181246047625,8.079181246047625,9.5,4.5,88.5,0.0,0.0,0.0,1,3,8,-0.10000000000000142,7.0,-500.0,0.0,0.18000000000000002,0.58,0.40000000000000013,0.09999999999999998,2.341,1.6,1.067,1.705,1.274,-0.1049999999999999,0.359,0.7,1.1426634743995732,1.397464068315691,0.2724559087673128,0.4263279905841928,0.6109,0.0,0.1611,0.6545,0.0492,0,0.62,1,-1,0,42.2,24.5,12.0,1.0,0.46650717703349287,0.0,0.458,0.5375,0.5466,0.5189,0.3806,0.4334,-0.06090000000000001,0.15689999999999998,0.11319999999999997,1
0.0,0.0,0.5,0.5,0,0,0.25,7.698970004336019,8.301029995663981,-7.0,-4.0,70.0,0.0,0.0,0.0,0,-4,-11,0.0,0.0,0.0,0.0,0.0,0.0,0.0,0.0,0.0,1.599,0.0,1.173,0.0,0.426,0.0,0.1009999999999999,0.0,0.9320745946735548,0.0,0.3812100616603805,0.0,0.2383,0.0,0.0,0.0,0,0.45,0,0,0,25.0,25.6,0.0,1.0,-0.01674641148325351,0.0,0.48,0.37,0.42,0.4689,0.3119,0.418,0.011099999999999999,0.058099999999999985,0.0020000000000000018,0
0.0,0.0,0.5,0.5,0,0,24.0,9.079181246047625,7.698970004336019,14.0,8.0,88.5,0.0,0.0,0.0,1,3,15,-0.10000000000000142,7.0,-500.0,0.0,0.18000000000000002,0.58,0.40000000000000013,0.09999999999999998,2.341,0.0,1.067,0.0,1.274,0.0,0.359,0.0,1.1426634743995732,0.0,0.2724559087673128,0.0,0.6109,0.0,0.1611,0.6545,0.0492,0,0.62,1,0,0,42.2,25.0,12.0,0.0,0.45215311004784686,0.0,0.458,0.5375,0.5466,0.48,0.37,0.42,-0.021999999999999964,0.16749999999999998,0.1266,1
0.0,0.0,0.5,0.5,0,0,1.6666666666666667,8.301029995663981,8.079181246047625,2.5,0.5,81.0,0.0,0.0,0.0,0,4,4,0.0,0.0,0.0,0.0,0.0,0.0,0.0,0.0,1.599,1.6,1.173,1.705,0.426,-0.1049999999999999,0.1009999999999999,0.7,0.9320745946735548,1.397464068315691,0.3812100616603805,0.4263279905841928,0.4719,0.0,0.2898,0.8452,0.0678,0,0.53,0,-1,0,25.6,24.5,1.0,1.0,0.031100478468899517,0.0,0.4689,0.3119,0.418,0.5189,0.3806,0.4334,-0.050000000000000044,-0.06869999999999998,-0.015400000000000025,1
0.0,0.0,0.5,0.5,0,0,0.16666666666666666,8.301029995663981,9.079181246047625,-7.0,-4.0,81.0,0.0,0.0,0.0,-1,1,-4,0.10000000000000142,-7.0,500.0,0.0,-0.18000000000000002,-0.58,-0.40000000000000013,-0.09999999999999998,1.599,2.341,1.173,1.067,0.426,1.274,0.1009999999999999,0.359,0.9320745946735548,1.1426634743995732,0.3812100616603805,0.2724559087673128,0.4719,0.228,0.2898,0.8452,0.0678,0,0.53,0,0,0,25.6,42.2,1.0,12.0,-0.43540669856459335,0.0,0.4689,0.3119,0.418,0.458,0.5375,0.5466,0.010899999999999965,-0.22559999999999997,-0.1286,0
0.0,0.0,0.5,0.5,0,0,2.4,8.079181246047625,7.698970004336019,4.5,3.5,78.0,0.0,0.0,0.0,0,0,7,0.0,0.0,0.0,0.0,0.0,0.0,0.0,0.0,1.6,0.0,1.705,0.0,-0.1049999999999999,0.0,0.7,0.0,1.397464068315691,0.0,0.4263279905841928,0.0,0.0,0.0,0.0,0.0,0.0,1,0.48,0,1,0,24.5,25.0,1.0,0.0,-0.014354066985646008,0.0,0.5189,0.3806,0.4334,0.48,0.37,0.42,0.038900000000000046,0.010599999999999998,0.013400000000000023,1
0.0,0.0,0.5,0.5,0,0,3.4,8.929418925714293,8.397940008672037,6.5,1.5,88.0,0.0,0.0,0.0,3,6,15,1.0,20.0,-1500.0,0.04999999999999993,-0.020000000000000004,0.44999999999999996,0.8000000000000003,0.19999999999999996,2.884,2.05,0.95,1.34,1.934,0.71,0.616,-0.0499999999999999,1.2457596956683417,0.9690345848123084,0.4170851232062826,0.3163682804721246,0.6331,0.0,0.1742,0.6174,0.0833,1,0.71,2,1,1,36.3,31.0,7.0,2.0,0.13875598086124408,0.0,0.7222,0.6642,0.7,0.4471,0.352,0.4051,0.27509999999999996,0.31220000000000003,0.29489999999999994,1
0.0,0.0,0.5,0.5,0,0,0.07692307692307693,7.698970004336019,8.812913356642856,-12.5,-8.5,70.0,0.0,0.0,0.0,0,-5,-10,-0.10000000000000142,-4.0,-200.0,0.050000000000000044,-0.04999999999999999,-0.38,-0.5,0.0,0.0,2.645,0.0,0.751,0.0,1.894,0.0,-0.2449999999999999,0.0,0.9060118494310764,0.0,0.3351699403122077,0.0,0.219,0.0,0.0,0.0,0,0.45,0,0,0,25.0,38.0,0.0,7.0,-0.3421052631578947,0.0,0.48,0.37,0.42,0.5646,0.5123,0.6106,-0.08460000000000001,-0.14229999999999998,-0.19060000000000005,0
0.0,0.0,0.5,0.5,0,0,17.0,8.929418925714293,7.698970004336019,14.0,8.5,88.0,0.0,0.0,0.0,3,6,17,1.0,20.0,-1500.0,0.04999999999999993,-0.020000000000000004,0.44999999999999996,0.8000000000000003,0.19999999999999996,2.884,0.0,0.95,0.0,1.934,0.0,0.616,0.0,1.2457596956683417,0.0,0.4170851232062826,0.0,0.6331,0.0,0.1742,0.6174,0.0833,1,0.71,2,1,1,36.3,25.0,7.0,0.0,0.2966507177033493,0.0,0.7222,0.6642,0.7,0.48,0.37,0.42,0.24219999999999997,0.2942,0.27999999999999997,1
0.0,0.0,0.5,0.5,0,0,2.6,8.812913356642856,8.397940008672037,5.0,1.5,86.0,0.0,0.0,0.0,0,5,8,0.10000000000000142,4.0,200.0,-0.050000000000000044,0.04999999999999999,0.38,0.5,0.0,2.645,2.05,0.751,1.34,1.894,0.71,-0.2449999999999999,-0.0499999999999999,0.9060118494310764,0.9690345848123084,0.3351699403122077,0.3163682804721246,0.5863,0.0,0.1947,0.7823,0.0485,0,0.6,0,0,0,38.0,31.0,7.0,2.0,0.1842105263157895,0.0,0.5646,0.5123,0.6106,0.4471,0.352,0.4051,0.1175,0.1603,0.20550000000000002,1
0.0,0.0,0.5,0.5,0,0,0.7647058823529411,8.812913356642856,8.929418925714293,-1.5,0.0,86.0,0.0,0.0,0.0,-3,-1,-7,-0.8999999999999986,-16.0,1700.0,-0.09999999999999998,0.06999999999999999,-0.06999999999999995,-0.30000000000000027,-0.19999999999999996,2.645,2.884,0.751,0.95,1.894,1.934,-0.2449999999999999,0.616,0.9060118494310764,1.2457596956683417,0.3351699403122077,0.4170851232062826,0.5863,0.1927,0.1947,0.7823,0.0485,0,0.6,0,-1,-1,38.0,36.3,7.0,7.0,0.045454545454545414,0.0,0.5646,0.5123,0.6106,0.7222,0.6642,0.7,-0.15759999999999996,-0.15190000000000003,-0.08939999999999992,0
0.0,0.0,0.5,0.5,0,0,5.0,8.397940008672037,7.698970004336019,7.5,7.0,81.5,0.0,0.0,0.0,0,0,2,0.0,0.0,0.0,0.0,0.0,0.0,0.0,0.0,2.05,0.0,1.34,0.0,0.71,0.0,-0.0499999999999999,0.0,0.9690345848123084,0.0,0.3163682804721246,0.0,0.0,0.0,0.0,0.0,0.0,0,0.55,1,0,0,31.0,25.0,2.0,0.0,0.1578947368421052,0.0,0.4471,0.352,0.4051,0.48,0.37,0.42,-0.032899999999999985,-0.018000000000000016,-0.014899999999999969,1
0.0,0.0,0.5,0.5,0,0,4.888888888888889,8.342422680822207,7.653212513775344,4.5,2.0,80.0,0.0,0.0,0.0,0,0,16,0.3999999999999986,11.0,-7500.0,0.29999999999999993,0.24999999999999997,-0.12,-0.09999999999999987,-0.050000000000000044,1.7739999999999998,1.375,1.399,1.632,0.375,-0.257,-0.2739999999999999,0.125,0.8012143853944391,1.078173606970716,0.301485212462126,0.5094932122544257,0.5765,0.3694,0.2085,0.7166,0.0536,2,0.55,0,2,1,25.0,23.9,1.0,0.0,0.028708133971291905,0.0,0.467,0.3049,0.3458,0.5315,0.3408,0.4142,-0.06449999999999995,-0.03589999999999999,-0.06840000000000002,1
0.0,0.0,0.5,0.5,0,0,0.05555555555555555,7.698970004336019,8.954242509439325,-13.5,-6.5,70.0,0.0,0.0,0.0,0,-2,-7,-0.6999999999999993,-13.0,0.0,-0.04999999999999993,-0.01999999999999999,-0.4,-1.0,-0.09999999999999998,0.0,2.591,0.0,0.97,0.0,1.621,0.0,0.709,0.0,1.1798394922132849,0.0,0.3362356977544835,0.0,0.2035,0.0,0.0,0.0,0,0.45,0,0,0,25.0,39.1,0.0,7.0,-0.3708133971291867,0.0,0.48,0.37,0.42,0.6152,0.5548,0.5951,-0.1352,-0.18479999999999996,-0.17509999999999998,0
0.0,0.0,0.5,0.5,0,0,15.0,8.8750612633917,7.698970004336019,13.0,7.5,86.5,0.0,0.0,0.0,4,13,19,0.6999999999999993,9.0,200.0,-0.050000000000000044,0.12,0.44999999999999996,0.30000000000000004,0.0,2.428,0.0,0.876,0.0,1.552,0.0,-0.0279999999999999,0.0,0.9223655810598944,0.0,0.4258533915693417,0.0,0.5733,0.0,0.2037,0.6876,0.0583,0,0.58,0,0,0,38.7,25.0,10.0,0.0,0.3612440191387558,0.0,0.7582,0.5095,0.703,0.48,0.37,0.42,0.2782,0.13949999999999996,0.283,1
0.0,0.0,0.5,0.5,0,0,0.25,7.698970004336019,8.301029995663981,-6.5,-6.0,70.0,0.0,0.0,0.0,0,0,-3,1.1999999999999993,1.0,3500.0,-0.15000000000000002,0.0,0.0,0.0,0.0,0.0,1.939,0.0,1.535,0.0,0.404,0.0,0.461,0.0,1.1305019881189966,0.0,0.3306374315033177,0.5587,0.236,0.2233,0.8282,0.0681,0,0.45,0,0,0,25.0,27.5,0.0,2.0,-0.06698564593301437,0.0,0.48,0.37,0.42,0.396,0.2938,0.3913,0.08399999999999996,0.07619999999999999,0.028700000000000003,0
0.0,0.0,0.5,0.5,0,0,15.0,8.8750612633917,7.698970004336019,13.0,7.5,86.5,0.0,0.0,0.0,4,13,19,0.6999999999999993,9.0,200.0,-0.050000000000000044,0.12,0.44999999999999996,0.30000000000000004,0.0,2.428,0.0,0.876,0.0,1.552,0.0,-0.0279999999999999,0.0,0.9223655810598944,0.0,0.4258533915693417,0.0,0.5733,0.2179,0.2037,0.6876,0.0583,0,0.58,0,0,0,38.7,25.0,10.0,0.0,0.3612440191387558,0.0,0.7582,0.5095,0.703,0.48,0.37,0.42,0.2782,0.13949999999999996,0.283,1
0.0,0.0,0.5,0.5,0,0,4.0,8.301029995663981,7.698970004336019,6.5,6.0,80.0,0.0,0.0,0.0,0,0,3,-1.1999999999999993,-1.0,-3500.0,0.15000000000000002,0.0,0.0,0.0,0.0,1.939,0.0,1.535,0.0,0.404,0.0,0.461,0.0,1.1305019881189966,0.0,0.3306374315033177,0.0,0.5346,0.0,0.2295,0.6943,0.0654,0,0.55,0,0,0,27.5,25.0,2.0,0.0,0.06698564593301437,0.0,0.396,0.2938,0.3913,0.48,0.37,0.42,-0.08399999999999996,-0.07619999999999999,-0.028700000000000003,1
0.0,0.0,0.5,0.5,0,0,0.8823529411764706,8.8750612633917,8.929418925714293,-1.0,-1.0,86.5,0.0,0.0,0.0,1,7,2,-0.3000000000000007,-11.0,1700.0,-0.09999999999999998,0.14,0.0,-0.5000000000000002,-0.19999999999999996,2.428,2.884,0.876,0.95,1.552,1.934,-0.0279999999999999,0.616,0.9223655810598944,1.2457596956683417,0.4258533915693417,0.4170851232062826,0.5733,0.1927,0.2037,0.6876,0.0583,0,0.58,0,-1,-1,38.7,36.3,10.0,7.0,0.06459330143540654,0.0,0.7582,0.5095,0.703,0.7222,0.6642,0.7,0.03600000000000003,-0.15470000000000006,0.0030000000000000027,0
0.0,0.0,0.5,0.5,0,0,1.0,7.698970004336019,7.698970004336019,0.0,0.0,70.0,0.0,0.0,0.0,0,0,0,0.0,0.0,0.0,0.0,0.15,0.44999999999999996,0.0,0.0,0.0,0.0,0.0,0.0,0.0,0.0,0.0,0.0,0.0,0.0,0.0,0.0,0.0,0.3229,0.0,0.0,0.0,0,0.45,0,0,0,25.0,25.0,0.0,0.0,0.0,0.0,0.48,0.37,0.42,0.48,0.37,0.42,0.0,0.0,0.0,1
0.0,0.0,0.5,0.5,0,0,1.3333333333333333,9.079181246047625,8.954242509439325,0.5,1.5,88.5,0.0,0.0,0.0,1,1,8,-0.8000000000000007,-6.0,-500.0,-0.04999999999999993,0.16000000000000003,0.17999999999999994,-0.5999999999999999,0.0,2.341,2.591,1.067,0.97,1.274,1.621,0.359,0.709,1.1426634743995732,1.1798394922132849,0.2724559087673128,0.3362356977544835,0.6109,0.2035,0.1611,0.6545,0.0492,0,0.62,1,0,0,42.2,39.1,12.0,7.0,0.08133971291866016,0.0,0.458,0.5375,0.5466,0.6152,0.5548,0.5951,-0.15719999999999995,-0.017299999999999982,-0.04849999999999999,0
0.0,0.0,0.5,0.5,0,0,0.9090909090909091,9.0,9.041392685158225,-1.0,-2.5,87.5,0.0,0.0,0.0,3,4,6,0.6000000000000014,3.0,-2300.0,0.09999999999999998,-0.04000000000000001,-0.10000000000000009,-0.20000000000000018,0.0,2.451,2.804,0.825,0.5599999999999999,1.626,2.244,0.349,0.296,1.1980330911358643,1.0649770760444726,0.3834478089938996,0.2852756951130297,0.6748,0.2349,0.1307,0.8196,0.0699,0,0.6,0,-3,-1,39.1,42.2,9.0,12.0,-0.08133971291866016,0.0,0.64,0.5449,0.7004,0.6507,0.6107,0.6607,-0.010699999999999932,-0.06579999999999997,0.03970000000000007,0
0.0,0.0,0.5,0.5,0,0,1.1111111111111112,7.698970004336019,7.653212513775344,-2.0,-2.0,70.0,0.0,0.0,0.0,0,0,-5,0.0,0.0,0.0,0.0,0.15,0.44999999999999996,0.0,0.0,0.0,1.298,0.0,1.684,0.0,-0.386,0.0,0.202,0.0,1.2667385824722657,0.0,0.4647293118938521,0.0,0.2959,0.0,0.0,0.0,0,0.45,0,0,0,25.0,25.5,0.0,0.0,-0.014354066985645897,0.0,0.48,0.37,0.42,0.4629,0.3785,0.4231,0.017100000000000004,-0.008500000000000008,-0.0030999999999999917,1
0.0,0.0,0.5,0.5,0,0,4.8,8.380211241711606,7.698970004336019,7.5,4.5,81.5,0.0,0.0,0.0,0,0,11,0.6000000000000014,10.0,0.0,0.0,0.0,0.0,0.0,0.0,1.6960000000000002,0.0,1.391,0.0,0.305,0.0,-0.196,0.0,0.8891132124050513,0.0,0.3092715455532385,0.0,0.6244,0.3229,0.1437,0.6265,0.0498,1,0.57,0,1,1,31.0,25.0,2.0,0.0,0.1578947368421052,0.0,0.3333,0.4488,0.4901,0.48,0.37,0.42,-0.1467,0.07879999999999998,0.0701,0
0.0,0.0,0.5,0.5,0,0,5.555555555555555,9.0,8.255272505103306,8.0,3.0,87.5,0.0,0.0,0.0,5,11,18,0.3000000000000007,13.0,-2500.0,0.09999999999999998,-0.04000000000000001,0.41999999999999993,0.5,0.09999999999999998,2.451,1.722,0.825,1.303,1.626,0.4189999999999999,0.349,-0.3219999999999999,1.1980330911358643,0.8146990443402252,0.3834478089938996,0.2966779024089556,0.6748,0.2452,0.1307,0.8196,0.0699,0,0.6,0,-1,0,39.1,25.7,9.0,0.0,0.3516746411483255,0.0,0.64,0.5449,0.7004,0.4736,0.3566,0.4347,0.1664,0.18830000000000008,0.26570000000000005,1
0.0,0.0,0.5,0.5,0,0,0.7727272727272727,8.929418925714293,9.041392685158225,-0.7000000000000028,-4.5,87.5,0.0,0.0,0.0,-1,-5,0,-0.6999999999999993,-7.0,200.0,0.04999999999999993,0.13999999999999999,-0.040000000000000036,-0.10000000000000009,0.09999999999999998,2.592,2.804,0.939,0.5599999999999999,1.653,2.244,0.108,0.296,0.9731844800911872,1.0649770760444726,0.4399949494659632,0.2852756951130297,0.6413,0.2349,0.2269,0.7296,0.0546,0,0.67,1,-3,-1,42.3,42.2,12.0,12.0,0.0023923444976077235,0.0,0.4564,0.5811,0.6325,0.6507,0.6107,0.6607,-0.19429999999999997,-0.02960000000000007,-0.028200000000000003,0
0.0,0.0,0.5,0.5,0,0,0.045454545454545456,7.698970004336019,9.041392685158225,-14.5,-9.5,70.0,0.0,0.0,0.0,-2,-7,-15,0.3000000000000007,-10.0,200.0,0.0,0.15,-0.07000000000000006,-0.7000000000000002,-0.09999999999999998,0.0,2.804,0.0,0.5599999999999999,0.0,2.244,0.0,0.296,0.0,1.0649770760444726,0.0,0.2852756951130297,0.0,0.2349,0.0,0.0,0.0,0,0.45,0,-3,-1,25.0,42.2,0.0,12.0,-0.45215311004784686,0.0,0.48,0.37,0.42,0.6507,0.6107,0.6607,-0.17069999999999996,-0.24070000000000003,-0.24069999999999997,0
0.0,0.0,0.5,0.5,0,0,0.8333333333333334,8.8750612633917,8.954242509439325,-0.5,1.0,86.5,0.0,0.0,0.0,4,11,12,0.0,-4.0,200.0,-0.09999999999999998,0.1,0.04999999999999993,-0.7,-0.09999999999999998,2.428,2.591,0.876,0.97,1.552,1.621,-0.0279999999999999,0.709,0.9223655810598944,1.1798394922132849,0.4258533915693417,0.3362356977544835,0.5733,0.2035,0.2037,0.6876,0.0583,0,0.58,0,0,0,38.7,39.1,10.0,7.0,-0.009569377990430894,0.0,0.7582,0.5095,0.703,0.6152,0.5548,0.5951,0.14300000000000002,-0.04530000000000001,0.1079,1
0.0,0.0,0.5,0.5,0,0,0.8181818181818182,8.954242509439325,9.041392685158225,-1.0,-3.0,87.0,0.0,0.0,0.0,-2,-5,-8,1.0,3.0,200.0,0.04999999999999993,0.01999999999999999,-0.12,0.2999999999999998,0.0,2.591,2.804,0.97,0.5599999999999999,1.621,2.244,0.709,0.296,1.1798394922132849,1.0649770760444726,0.3362356977544835,0.2852756951130297,0.692,0.2349,0.1045,0.6599,0.0657,0,0.65,0,-3,-1,39.1,42.2,7.0,12.0,-0.08133971291866016,0.0,0.6152,0.5548,0.5951,0.6507,0.6107,0.6607,-0.035499999999999976,-0.05590000000000006,-0.06559999999999999,0
0.0,0.0,0.5,0.5,0,0,15.0,8.8750612633917,7.698970004336019,13.0,7.5,86.5,0.0,0.0,0.0,4,13,19,0.6999999999999993,9.0,200.0,-0.050000000000000044,-0.03,0.0,0.30000000000000004,0.0,2.428,0.0,0.876,0.0,1.552,0.0,-0.0279999999999999,0.0,0.9223655810598944,0.0,0.4258533915693417,0.0,0.5733,0.0,0.2037,0.6876,0.0583,0,0.58,0,0,0,38.7,25.0,10.0,0.0,0.3612440191387558,0.0,0.7582,0.5095,0.703,0.48,0.37,0.42,0.2782,0.13949999999999996,0.283,0
0.0,0.0,0.5,0.5,0,0,0.2777777777777778,8.397940008672037,8.954242509439325,-6.0,0.5,81.5,0.0,0.0,0.0,0,-2,-5,-0.6999999999999993,-13.0,0.0,-0.04999999999999993,-0.01999999999999999,-0.4,-1.0,-0.09999999999999998,2.05,2.591,1.34,0.97,0.71,1.621,-0.0499999999999999,0.709,0.9690345848123084,1.1798394922132849,0.3163682804721246,0.3362356977544835,0.0,0.2035,0.0,0.0,0.0,0,0.55,1,0,0,31.0,39.1,2.0,7.0,-0.2129186602870815,0.0,0.4471,0.352,0.4051,0.6152,0.5548,0.5951,-0.16809999999999997,-0.20279999999999998,-0.18999999999999995,0
0.0,0.0,0.5,0.5,0,0,20.0,9.0,7.698970004336019,13.5,7.0,87.5,0.0,0.0,0.0,5,11,21,0.3000000000000007,13.0,-2500.0,0.09999999999999998,-0.04000000000000001,0.41999999999999993,0.5,0.09999999999999998,2.451,0.0,0.825,0.0,1.626,0.0,0.349,0.0,1.1980330911358643,0.0,0.3834478089938996,0.0,0.6748,0.0,0.1307,0.8196,0.0699,0,0.6,0,0,0,39.1,25.0,9.0,0.0,0.3708133971291867,0.0,0.64,0.5449,0.7004,0.48,0.37,0.42,0.16000000000000003,0.17490000000000006,0.28040000000000004,1
0.0,0.0,0.5,0.5,0,0,4.0,9.0,8.397940008672037,6.0,0.0,87.5,0.0,0.0,0.0,5,11,19,0.3000000000000007,13.0,-2500.0,0.09999999999999998,-0.04000000000000001,0.41999999999999993,0.5,0.09999999999999998,2.451,2.05,0.825,1.34,1.626,0.71,0.349,-0.0499999999999999,1.1980330911358643,0.9690345848123084,0.3834478089938996,0.3163682804721246,0.6748,0.0,0.1307,0.8196,0.0699,0,0.6,0,0,0,39.1,31.0,9.0,2.0,0.2129186602870815,0.0,0.64,0.5449,0.7004,0.4471,0.352,0.4051,0.19290000000000002,0.19290000000000007,0.2953,1
0.0,0.0,0.5,0.5,0,0,18.0,8.954242509439325,7.698970004336019,13.5,6.5,87.0,0.0,0.0,0.0,0,2,7,0.6999999999999993,13.0,0.0,0.04999999999999993,0.01999999999999999,0.4,1.0,0.09999999999999998,2.591,0.0,0.97,0.0,1.621,0.0,0.709,0.0,1.1798394922132849,0.0,0.3362356977544835,0.0,0.692,0.0,0.1045,0.6599,0.0657,0,0.65,0,0,0,39.1,25.0,7.0,0.0,0.3708133971291867,0.0,0.6152,0.5548,0.5951,0.48,0.37,0.42,0.1352,0.18479999999999996,0.17509999999999998,1
0.0,0.0,0.5,0.5,0,0,0.9,8.954242509439325,9.0,0.0,-0.5,87.0,0.0,0.0,0.0,-5,-9,-14,0.3999999999999986,0.0,2500.0,-0.050000000000000044,0.06,-0.019999999999999907,0.5,0.0,2.591,2.451,0.97,0.825,1.621,1.626,0.709,0.349,1.1798394922132849,1.1980330911358643,0.3362356977544835,0.3834478089938996,0.692,0.1945,0.1045,0.6599,0.0657,0,0.65,0,0,0,39.1,39.1,7.0,9.0,0.0,0.0,0.6152,0.5548,0.5951,0.64,0.5449,0.7004,-0.024800000000000044,0.009899999999999909,-0.10530000000000006,0
0.0,0.0,0.5,0.5,0,0,0.2,7.698970004336019,8.397940008672037,-7.5,-7.0,70.0,0.0,0.0,0.0,0,0,-2,0.0,0.0,0.0,0.0,0.0,0.0,0.0,0.0,0.0,2.05,0.0,1.34,0.0,0.71,0.0,-0.0499999999999999,0.0,0.9690345848123084,0.0,0.3163682804721246,0.0,0.0,0.0,0.0,0.0,0,0.45,0,0,0,25.0,31.0,0.0,2.0,-0.1578947368421052,0.0,0.48,0.37,0.42,0.4471,0.352,0.4051,0.032899999999999985,0.018000000000000016,0.014899999999999969,0
0.0,0.0,0.5,0.5,0,0,1.0,7.698970004336019,7.698970004336019,0.0,0.0,70.0,0.0,0.0,0.0,0,0,0,0.0,0.0,0.0,0.0,0.0,0.0,0.0,0.0,0.0,0.0,0.0,0.0,0.0,0.0,0.0,0.0,0.0,0.0,0.0,0.0,0.0,0.232,0.0,0.0,0.0,0,0.45,0,0,0,25.0,25.0,0.0,0.0,0.0,0.0,0.48,0.37,0.42,0.48,0.37,0.42,0.0,0.0,0.0,0
0.0,0.0,0.5,0.5,0,0,3.5416666666666665,8.929418925714293,8.380211241711606,6.299999999999997,0.5,87.5,0.0,0.0,0.0,1,2,4,-1.6000000000000014,-7.0,0.0,0.04999999999999993,0.13999999999999999,0.48,0.6000000000000001,0.19999999999999996,2.592,1.6960000000000002,0.939,1.391,1.653,0.305,0.108,-0.196,0.9731844800911872,0.8891132124050513,0.4399949494659632,0.3092715455532385,0.6413,0.2319,0.2269,0.7296,0.0546,0,0.67,1,-1,-1,42.3,31.0,12.0,2.0,0.2966507177033494,0.0,0.4564,0.5811,0.6325,0.3333,0.4488,0.4901,0.12309999999999999,0.13229999999999997,0.14239999999999997,0
0.0,0.0,0.5,0.5,0,0,0.20833333333333334,7.698970004336019,8.380211241711606,-7.5,-4.5,70.0,0.0,0.0,0.0,0,0,-11,-0.6000000000000014,-10.0,0.0,0.0,0.0,0.0,0.0,0.0,0.0,1.6960000000000002,0.0,1.391,0.0,0.305,0.0,-0.196,0.0,0.8891132124050513,0.0,0.3092715455532385,0.4794,0.2319,0.2886,0.8789,0.0804,0,0.45,0,-1,-1,25.0,31.0,0.0,2.0,-0.1578947368421052,0.0,0.48,0.37,0.42,0.3333,0.4488,0.4901,0.1467,-0.07879999999999998,-0.0701,1
0.0,0.0,0.5,0.5,0,0,17.0,8.929418925714293,7.698970004336019,13.799999999999997,5.0,87.5,0.0,0.0,0.0,1,2,15,-1.0,3.0,0.0,0.04999999999999993,0.13999999999999999,0.48,0.6000000000000001,0.19999999999999996,2.592,0.0,0.939,0.0,1.653,0.0,0.108,0.0,0.9731844800911872,0.0,0.4399949494659632,0.0,0.6413,0.0,0.2269,0.7296,0.0546,0,0.67,1,0,0,42.3,25.0,12.0,0.0,0.4545454545454546,0.0,0.4564,0.5811,0.6325,0.48,0.37,0.42,-0.02360000000000001,0.21109999999999995,0.21249999999999997,1
0.0,0.0,0.5,0.5,0,0,0.058823529411764705,7.698970004336019,8.929418925714293,-13.799999999999997,-5.0,70.0,0.0,0.0,0.0,-1,-2,-15,1.0,-3.0,0.0,-0.04999999999999993,-0.13999999999999999,-0.48,-0.6000000000000001,-0.19999999999999996,0.0,2.592,0.0,0.939,0.0,1.653,0.0,0.108,0.0,0.9731844800911872,0.0,0.4399949494659632,0.4794,0.1318,0.2886,0.8789,0.0804,0,0.45,0,0,0,25.0,42.3,0.0,12.0,-0.4545454545454546,0.0,0.48,0.37,0.42,0.4564,0.5811,0.6325,0.02360000000000001,-0.21109999999999995,-0.21249999999999997,0
0.0,0.0,0.5,0.5,0,0,4.8,8.380211241711606,7.698970004336019,7.5,4.5,81.5,0.0,0.0,0.0,0,0,11,0.6000000000000014,10.0,0.0,0.0,0.0,0.0,0.0,0.0,1.6960000000000002,0.0,1.391,0.0,0.305,0.0,-0.196,0.0,0.8891132124050513,0.0,0.3092715455532385,0.0,0.6244,0.0,0.1437,0.6265,0.0498,1,0.57,0,1,1,31.0,25.0,2.0,0.0,0.1578947368421052,0.0,0.3333,0.4488,0.4901,0.48,0.37,0.42,-0.1467,0.07879999999999998,0.0701,0
0.0,0.0,0.5,0.5,0,0,2.5,8.653212513775344,8.255272505103306,4.0,7.0,84.0,0.0,0.0,0.0,2,4,3,-0.5,6.0,-3500.0,0.09999999999999998,0.0,0.27,0.09999999999999987,0.09999999999999998,2.161,1.7420000000000002,1.17,1.473,0.991,0.269,0.439,0.758,1.0807602735652382,1.5093139957020203,0.5795295026523193,0.4204177816305003,0.639,0.2727,0.189,0.6935,0.066,0,0.53,0,0,0,36.8,27.6,3.0,0.0,0.24162679425837308,0.0,0.5314,0.501,0.5217,0.415,0.3381,0.4039,0.1164,0.1629,0.11780000000000007,1
0.0,0.0,0.5,0.5,0,0,1.7777777777777777,8.505149978319906,8.255272505103306,2.5,1.0,81.5,0.0,0.0,0.0,0,1,7,-1.3999999999999986,1.0,-7000.0,0.25,-0.020000000000000004,0.17999999999999994,0.10000000000000009,0.0,1.7120000000000002,1.722,1.179,1.303,0.5329999999999999,0.4189999999999999,0.088,-0.3219999999999999,1.1043395370402465,0.8146990443402252,0.3105121217887923,0.2966779024089556,0.5541,0.2452,0.1745,0.6843,0.0671,0,0.52,0,-1,0,30.2,25.7,2.0,0.0,0.11722488038277512,0.0,0.3901,0.3768,0.3964,0.4736,0.3566,0.4347,-0.08350000000000002,0.02020000000000005,-0.0383,0
0.0,0.0,0.5,0.5,0,0,0.625,8.8750612633917,9.079181246047625,-1.0,-0.5,86.5,0.0,0.0,0.0,3,10,4,0.8000000000000007,2.0,700.0,-0.050000000000000044,-0.060000000000000026,-0.13,-0.10000000000000009,-0.09999999999999998,2.428,2.341,0.876,1.067,1.552,1.274,-0.0279999999999999,0.359,0.9223655810598944,1.1426634743995732,0.4258533915693417,0.2724559087673128,0.5733,0.228,0.2037,0.6876,0.0583,0,0.58,0,0,0,38.7,42.2,10.0,12.0,-0.09090909090909105,0.0,0.7582,0.5095,0.703,0.458,0.5375,0.5466,0.30019999999999997,-0.028000000000000025,0.15639999999999998,1
0.0,0.0,0.5,0.5,0,0,3.8636363636363638,8.929418925714293,8.342422680822207,7.0,5.0,88.0,0.0,0.0,0.0,3,6,1,0.6000000000000014,9.0,6000.0,-0.25,-0.26999999999999996,0.57,0.9000000000000001,0.25,2.884,1.7739999999999998,0.95,1.399,1.934,0.375,0.616,-0.2739999999999999,1.2457596956683417,0.8012143853944391,0.4170851232062826,0.301485212462126,0.6331,0.215,0.1742,0.6174,0.0833,1,0.71,2,-1,0,36.3,25.0,7.0,1.0,0.2966507177033493,0.0,0.7222,0.6642,0.7,0.467,0.3049,0.3458,0.2551999999999999,0.3593,0.35419999999999996,1
0.0,0.0,0.5,0.5,0,0,13.0,8.812913356642856,7.698970004336019,12.5,8.5,86.0,0.0,0.0,0.0,0,5,10,0.10000000000000142,4.0,200.0,-0.050000000000000044,0.04999999999999999,0.38,0.5,0.0,2.645,0.0,0.751,0.0,1.894,0.0,-0.2449999999999999,0.0,0.9060118494310764,0.0,0.3351699403122077,0.0,0.5863,0.3051,0.1947,0.7823,0.0485,0,0.6,0,0,0,38.0,25.0,7.0,0.0,0.3421052631578947,0.0,0.5646,0.5123,0.6106,0.48,0.37,0.42,0.08460000000000001,0.14229999999999998,0.19060000000000005,1
0.0,0.0,0.5,0.5,0,0,20.0,9.0,7.698970004336019,13.5,7.0,87.5,0.0,0.0,0.0,5,11,21,0.3000000000000007,13.0,-2500.0,0.09999999999999998,-0.04000000000000001,0.41999999999999993,0.5,0.09999999999999998,2.451,0.0,0.825,0.0,1.626,0.0,0.349,0.0,1.1980330911358643,0.0,0.3834478089938996,0.0,0.6748,0.232,0.1307,0.8196,0.0699,0,0.6,0,0,0,39.1,25.0,9.0,0.0,0.3708133971291867,0.0,0.64,0.5449,0.7004,0.48,0.37,0.42,0.16000000000000003,0.17490000000000006,0.28040000000000004,1
0.0,0.0,0.5,0.5,0,0,0.48,8.079181246047625,8.397940008672037,-3.0,2.5,78.0,0.0,0.0,0.0,0,0,1,0.1999999999999993,-3.0,-1500.0,0.050000000000000044,0.04000000000000001,-0.21999999999999997,-0.8000000000000003,-0.04999999999999999,1.6,2.019,1.705,1.24,-0.1049999999999999,0.7789999999999999,0.7,0.6809999999999999,1.397464068315691,1.3873215883112155,0.4263279905841928,0.4047893828208005,0.0,0.2578,0.0,0.0,0.0,1,0.48,0,0,-1,24.5,30.1,1.0,2.0,-0.14832535885167464,0.0,0.5189,0.3806,0.4334,0.5059,0.3877,0.465,0.013000000000000012,-0.007099999999999995,-0.03160000000000002,0
0.0,0.0,0.5,0.5,0,0,0.9444444444444444,8.929418925714293,8.954242509439325,0.29999999999999716,-1.5,87.5,0.0,0.0,0.0,1,0,8,-1.6999999999999993,-10.0,0.0,0.0,0.12,0.07999999999999996,-0.3999999999999999,0.09999999999999998,2.592,2.591,0.939,0.97,1.653,1.621,0.108,0.709,0.9731844800911872,1.1798394922132849,0.4399949494659632,0.3362356977544835,0.6413,0.2035,0.2269,0.7296,0.0546,0,0.67,1,0,0,42.3,39.1,12.0,7.0,0.08373205741626788,0.0,0.4564,0.5811,0.6325,0.6152,0.5548,0.5951,-0.1588,0.02629999999999999,0.03739999999999999,1
0.0,0.0,0.5,0.5,0,0,0.65,8.812913356642856,9.0,-1.0,1.5,86.0,0.0,0.0,0.0,-5,-6,-11,-0.1999999999999993,-9.0,2700.0,-0.15000000000000002,0.09,-0.039999999999999925,0.0,-0.09999999999999998,2.645,2.451,0.751,0.825,1.894,1.626,-0.2449999999999999,0.349,0.9060118494310764,1.1980330911358643,0.3351699403122077,0.3834478089938996,0.5863,0.1945,0.1947,0.7823,0.0485,0,0.6,0,0,0,38.0,39.1,7.0,9.0,-0.028708133971292016,0.0,0.5646,0.5123,0.6106,0.64,0.5449,0.7004,-0.07540000000000002,-0.03260000000000007,-0.08979999999999999,1
0.0,0.0,0.5,0.5,0,0,2.5,8.653212513775344,8.255272505103306,4.5,5.0,84.0,0.0,0.0,0.0,2,5,10,-0.5,6.0,-1500.0,0.04999999999999993,-0.020000000000000004,0.25,0.30000000000000004,0.09999999999999998,2.161,1.722,1.17,1.303,0.991,0.4189999999999999,0.439,-0.3219999999999999,1.0807602735652382,0.8146990443402252,0.5795295026523193,0.2966779024089556,0.639,0.2452,0.189,0.6935,0.066,0,0.53,0,-1,0,36.8,25.7,3.0,0.0,0.29186602870813383,0.0,0.5314,0.501,0.5217,0.4736,0.3566,0.4347,0.05779999999999996,0.14440000000000003,0.08700000000000008,0
0.0,0.0,0.5,0.5,0,0,1.1333333333333333,8.929418925714293,8.8750612633917,1.0,1.0,88.0,0.0,0.0,0.0,-1,-7,-2,0.3000000000000007,11.0,-1700.0,0.09999999999999998,-0.14,0.0,0.5000000000000002,0.19999999999999996,2.884,2.428,0.95,0.876,1.934,1.552,0.616,-0.0279999999999999,1.2457596956683417,0.9223655810598944,0.4170851232062826,0.4258533915693417,0.6331,0.223,0.1742,0.6174,0.0833,1,0.71,2,1,1,36.3,38.7,7.0,10.0,-0.06459330143540654,0.0,0.7222,0.6642,0.7,0.7582,0.5095,0.703,-0.03600000000000003,0.15470000000000006,-0.0030000000000000027,0
0.0,0.0,0.5,0.5,0,0,0.1411764705882353,8.079181246047625,8.929418925714293,-9.299999999999997,-1.5,78.0,0.0,0.0,0.0,-1,-2,-8,1.0,-3.0,0.0,-0.04999999999999993,-0.13999999999999999,-0.48,-0.6000000000000001,-0.19999999999999996,1.6,2.592,1.705,0.939,-0.1049999999999999,1.653,0.7,0.108,1.397464068315691,0.9731844800911872,0.4263279905841928,0.4399949494659632,0.0,0.1318,0.0,0.0,0.0,1,0.48,0,1,0,24.5,42.3,1.0,12.0,-0.4688995215311006,0.0,0.5189,0.3806,0.4334,0.4564,0.5811,0.6325,0.06250000000000006,-0.20049999999999996,-0.19909999999999994,0
0.0,0.0,0.5,0.5,0,0,0.6923076923076923,8.653212513775344,8.812913356642856,-2.5,0.5,84.0,0.0,0.0,0.0,2,0,3,-0.6000000000000014,2.0,-1700.0,0.09999999999999998,-0.06999999999999999,-0.13,-0.19999999999999996,0.09999999999999998,2.161,2.645,1.17,0.751,0.991,1.894,0.439,-0.2449999999999999,1.0807602735652382,0.9060118494310764,0.5795295026523193,0.3351699403122077,0.639,0.219,0.189,0.6935,0.066,0,0.53,0,0,0,36.8,38.0,3.0,7.0,-0.03110047846889963,0.0,0.5314,0.501,0.5217,0.5646,0.5123,0.6106,-0.03320000000000001,-0.011299999999999977,-0.08889999999999998,0
0.0,0.0,0.5,0.5,0,0,0.8823529411764706,8.8750612633917,8.929418925714293,-0.7999999999999972,2.5,86.5,0.0,0.0,0.0,3,11,4,1.6999999999999993,6.0,200.0,-0.09999999999999998,-0.01999999999999999,-0.030000000000000027,-0.30000000000000004,-0.19999999999999996,2.428,2.592,0.876,0.939,1.552,1.653,-0.0279999999999999,0.108,0.9223655810598944,0.9731844800911872,0.4258533915693417,0.4399949494659632,0.5733,0.1318,0.2037,0.6876,0.0583,0,0.58,0,0,0,38.7,42.3,10.0,12.0,-0.09330143540669877,0.0,0.7582,0.5095,0.703,0.4564,0.5811,0.6325,0.3018,-0.0716,0.07050000000000001,0
0.0,0.0,0.5,0.5,0,0,0.6,8.653212513775344,8.8750612633917,-3.0,1.5,84.0,0.0,0.0,0.0,-2,-8,-6,-1.1999999999999993,-3.0,-1700.0,0.09999999999999998,-0.14,-0.19999999999999996,0.0,0.09999999999999998,2.161,2.428,1.17,0.876,0.991,1.552,0.439,-0.0279999999999999,1.0807602735652382,0.9223655810598944,0.5795295026523193,0.4258533915693417,0.639,0.223,0.189,0.6935,0.066,0,0.53,0,0,0,36.8,38.7,3.0,10.0,-0.05023923444976075,0.0,0.5314,0.501,0.5217,0.7582,0.5095,0.703,-0.2268,-0.008499999999999952,-0.1812999999999999,0
0.0,0.0,0.5,0.5,0,0,0.7647058823529411,8.812913356642856,8.929418925714293,-1.2999999999999972,3.5,86.0,0.0,0.0,0.0,-1,3,-5,1.1000000000000014,1.0,200.0,-0.09999999999999998,-0.09,-0.09999999999999998,-0.10000000000000009,-0.19999999999999996,2.645,2.592,0.751,0.939,1.894,1.653,-0.2449999999999999,0.108,0.9060118494310764,0.9731844800911872,0.3351699403122077,0.4399949494659632,0.5863,0.1318,0.1947,0.7823,0.0485,0,0.6,0,0,0,38.0,42.3,7.0,12.0,-0.1124401913875599,0.0,0.5646,0.5123,0.6106,0.4564,0.5811,0.6325,0.10820000000000002,-0.06879999999999997,-0.02189999999999992,0
0.0,0.0,0.5,0.5,0,0,4.8,8.079181246047625,7.3979400086720375,5.5,3.5,78.0,0.0,0.0,0.0,0,0,6,0.0,0.0,0.0,0.0,0.0,0.0,0.0,0.0,1.6,1.105,1.705,1.845,-0.1049999999999999,-0.74,0.7,0.195,1.397464068315691,1.20716299119675,0.4263279905841928,0.3729238826117498,0.0,0.0,0.0,0.0,0.0,1,0.48,0,1,0,24.5,24.7,1.0,1.0,-0.0071770334928229484,0.0,0.5189,0.3806,0.4334,0.4839,0.3485,0.4356,0.03500000000000003,0.03210000000000002,-0.0021999999999999797,0
0.0,0.0,0.5,0.5,0,0,1.0,7.698970004336019,7.698970004336019,0.0,0.0,70.0,0.0,0.0,0.0,0,0,0,0.0,0.0,0.0,0.0,-0.15,-0.44999999999999996,0.0,0.0,0.0,0.0,0.0,0.0,0.0,0.0,0.0,0.0,0.0,0.0,0.0,0.0,0.3764,0.0,0.3185,0.6485,0.0849,0,0.45,0,0,0,25.0,25.0,0.0,0.0,0.0,0.0,0.48,0.37,0.42,0.48,0.37,0.42,0.0,0.0,0.0,1
0.0,0.0,0.5,0.5,0,0,2.0,7.698970004336019,7.3979400086720375,1.0,0.0,70.0,0.0,0.0,0.0,0,0,-1,0.0,0.0,0.0,0.0,0.15,0.44999999999999996,0.0,0.0,0.0,1.105,0.0,1.845,0.0,-0.74,0.0,0.195,0.0,1.20716299119675,0.0,0.3729238826117498,0.0,0.0,0.0,0.0,0.0,0,0.45,0,0,0,25.0,24.7,0.0,1.0,0.0071770334928230595,0.0,0.48,0.37,0.42,0.4839,0.3485,0.4356,-0.0039000000000000146,0.02150000000000002,-0.015600000000000003,0
0.0,0.0,0.5,0.5,0,0,0.4166666666666667,7.698970004336019,8.079181246047625,-4.5,-3.5,70.0,0.0,0.0,0.0,0,0,-7,0.0,0.0,0.0,0.0,0.0,0.0,0.0,0.0,0.0,1.6,0.0,1.705,0.0,-0.1049999999999999,0.0,0.7,0.0,1.397464068315691,0.0,0.4263279905841928,0.3764,0.0,0.3185,0.6485,0.0849,0,0.45,0,-1,0,25.0,24.5,0.0,1.0,0.014354066985646008,0.0,0.48,0.37,0.42,0.5189,0.3806,0.4334,-0.038900000000000046,-0.010599999999999998,-0.013400000000000023,0
0.0,0.0,0.5,0.5,0,0,0.18181818181818182,7.6020599913279625,8.342422680822207,-6.0,-4.5,74.0,0.0,0.0,0.0,0,0,-14,-0.3999999999999986,-11.0,7500.0,-0.29999999999999993,-0.24999999999999997,0.12,0.09999999999999987,0.050000000000000044,1.369,1.7739999999999998,1.686,1.399,-0.317,0.375,-0.169,-0.2739999999999999,0.8614395670308376,0.8012143853944391,0.5644751741416288,0.301485212462126,0.0,0.215,0.0,0.0,0.0,0,0.46,0,-2,-1,25.9,25.0,0.0,1.0,0.02392344497607657,0.0,0.4917,0.3211,0.4297,0.467,0.3049,0.3458,0.0247,0.016199999999999992,0.08390000000000003,0
0.0,0.0,0.5,0.5,0,0,0.4090909090909091,8.653212513775344,9.041392685158225,-4.5,-0.5,84.0,0.0,0.0,0.0,0,-2,-2,-0.1999999999999993,-4.0,-1300.0,0.04999999999999993,-0.020000000000000004,-0.27,-0.40000000000000013,0.0,2.161,2.804,1.17,0.5599999999999999,0.991,2.244,0.439,0.296,1.0807602735652382,1.0649770760444726,0.5795295026523193,0.2852756951130297,0.639,0.2349,0.189,0.6935,0.066,0,0.53,0,-3,-1,36.8,42.2,3.0,12.0,-0.1411483253588518,0.0,0.5314,0.501,0.5217,0.6507,0.6107,0.6607,-0.11929999999999996,-0.10970000000000002,-0.1389999999999999,0
0.0,0.0,0.5,0.5,0,0,0.08888888888888889,7.6020599913279625,8.653212513775344,-9.0,-10.0,74.0,0.0,0.0,0.0,-2,-5,-11,0.5,-6.0,1500.0,-0.04999999999999993,0.020000000000000004,-0.25,-0.30000000000000004,-0.09999999999999998,1.369,2.161,1.686,1.17,-0.317,0.991,-0.169,0.439,0.8614395670308376,1.0807602735652382,0.5644751741416288,0.5795295026523193,0.0,0.172,0.0,0.0,0.0,0,0.46,0,0,0,25.9,36.8,0.0,3.0,-0.2870813397129185,0.0,0.4917,0.3211,0.4297,0.5314,0.501,0.5217,-0.03969999999999996,-0.1799,-0.09200000000000003,0
0.0,0.0,0.5,0.5,0,0,5.0,9.041392685158225,8.342422680822207,7.5,6.0,89.0,0.0,0.0,0.0,2,7,-1,-0.6999999999999993,-1.0,7300.0,-0.29999999999999993,-0.24999999999999997,0.64,0.8,0.15000000000000002,2.804,1.7739999999999998,0.5599999999999999,1.399,2.244,0.375,0.296,-0.2739999999999999,1.0649770760444726,0.8012143853944391,0.2852756951130297,0.301485212462126,0.7185,0.215,0.05,0.6062,0.0885,3,0.68,2,1,0,42.2,25.0,12.0,1.0,0.45215311004784686,0.0,0.6507,0.6107,0.6607,0.467,0.3049,0.3458,0.18369999999999992,0.3058,0.31489999999999996,0
0.0,0.0,0.5,0.5,0,0,0.5,7.3979400086720375,7.698970004336019,-1.0,0.0,73.5,0.0,0.0,0.0,0,0,1,0.0,0.0,0.0,0.0,0.0,0.0,0.0,0.0,1.105,0.0,1.845,0.0,-0.74,0.0,0.195,0.0,1.20716299119675,0.0,0.3729238826117498,0.0,0.0,0.3051,0.0,0.0,0.0,0,0.42,0,0,0,24.7,25.0,1.0,0.0,-0.0071770334928230595,0.0,0.4839,0.3485,0.4356,0.48,0.37,0.42,0.0039000000000000146,-0.02150000000000002,0.015600000000000003,0
0.0,0.0,0.5,0.5,0,0,0.4166666666666667,7.698970004336019,8.079181246047625,-4.5,-3.5,70.0,0.0,0.0,0.0,0,0,-7,0.0,0.0,0.0,0.0,0.15,0.44999999999999996,0.0,0.0,0.0,1.6,0.0,1.705,0.0,-0.1049999999999999,0.0,0.7,0.0,1.397464068315691,0.0,0.4263279905841928,0.0,0.0,0.0,0.0,0.0,0,0.45,0,-1,0,25.0,24.5,0.0,1.0,0.014354066985646008,0.0,0.48,0.37,0.42,0.5189,0.3806,0.4334,-0.038900000000000046,-0.010599999999999998,-0.013400000000000023,0
0.0,0.0,0.5,0.5,0,0,0.07692307692307693,7.698970004336019,8.812913356642856,-12.5,-8.5,70.0,0.0,0.0,0.0,0,-5,-3,-0.10000000000000142,-4.0,-200.0,0.050000000000000044,-0.04999999999999999,-0.38,-0.5,0.0,0.0,2.645,0.0,0.751,0.0,1.894,0.0,-0.2449999999999999,0.0,0.9060118494310764,0.0,0.3351699403122077,0.5138,0.219,0.2154,0.6021,0.0655,0,0.45,0,0,0,25.0,38.0,0.0,7.0,-0.3421052631578947,0.0,0.48,0.37,0.42,0.5646,0.5123,0.6106,-0.08460000000000001,-0.14229999999999998,-0.19060000000000005,0
0.0,0.0,0.5,0.5,0,0,0.2,7.698970004336019,8.397940008672037,-7.5,-1.0,70.0,0.0,0.0,0.0,0,0,-6,0.1999999999999993,-3.0,-1500.0,0.050000000000000044,0.04000000000000001,-0.21999999999999997,-0.8000000000000003,-0.04999999999999999,0.0,2.019,0.0,1.24,0.0,0.7789999999999999,0.0,0.6809999999999999,0.0,1.3873215883112155,0.0,0.4047893828208005,0.5263,0.2578,0.2429,0.8909,0.0788,0,0.45,0,-1,-1,25.0,30.1,0.0,2.0,-0.13397129186602863,0.0,0.48,0.37,0.42,0.5059,0.3877,0.465,-0.025900000000000034,-0.017699999999999994,-0.04500000000000004,0
0.0,0.0,0.5,0.5,0,0,1.0,7.698970004336019,7.698970004336019,0.0,0.0,70.0,0.0,0.0,0.0,0,0,7,0.0,0.0,0.0,0.0,0.0,0.0,0.0,0.0,0.0,0.0,0.0,0.0,0.0,0.0,0.0,0.0,0.0,0.0,0.0,0.0,0.5138,0.2308,0.2154,0.6021,0.0655,0,0.45,0,0,0,25.0,25.0,0.0,0.0,0.0,0.0,0.48,0.37,0.42,0.48,0.37,0.42,0.0,0.0,0.0,0
0.0,0.0,0.5,0.5,0,0,2.6,8.812913356642856,8.397940008672037,5.0,7.5,86.0,0.0,0.0,0.0,0,5,4,0.3000000000000007,1.0,-1300.0,0.0,0.09,0.16000000000000003,-0.30000000000000027,-0.04999999999999999,2.645,2.019,0.751,1.24,1.894,0.7789999999999999,-0.2449999999999999,0.6809999999999999,0.9060118494310764,1.3873215883112155,0.3351699403122077,0.4047893828208005,0.5863,0.2578,0.1947,0.7823,0.0485,0,0.6,0,-1,-1,38.0,30.1,7.0,2.0,0.20813397129186606,0.0,0.5646,0.5123,0.6106,0.5059,0.3877,0.465,0.058699999999999974,0.12459999999999999,0.1456,1
0.0,0.0,0.5,0.5,0,0,5.0,8.397940008672037,7.698970004336019,7.5,1.0,80.5,0.0,0.0,0.0,0,0,-1,-0.1999999999999993,3.0,1500.0,-0.050000000000000044,-0.04000000000000001,0.21999999999999997,0.8000000000000003,0.04999999999999999,2.019,0.0,1.24,0.0,0.7789999999999999,0.0,0.6809999999999999,0.0,1.3873215883112155,0.0,0.4047893828208005,0.0,0.5328,0.2709,0.2094,0.6017,0.0808,1,0.62,0,1,1,30.1,25.0,2.0,0.0,0.13397129186602863,0.0,0.5059,0.3877,0.465,0.48,0.37,0.42,0.025900000000000034,0.017699999999999994,0.04500000000000004,1
0.0,0.0,0.5,0.5,0,0,13.0,8.812913356642856,7.698970004336019,12.5,8.5,86.0,0.0,0.0,0.0,0,5,10,0.10000000000000142,4.0,200.0,-0.050000000000000044,0.04999999999999999,0.38,0.5,0.0,2.645,0.0,0.751,0.0,1.894,0.0,-0.2449999999999999,0.0,0.9060118494310764,0.0,0.3351699403122077,0.0,0.5863,0.2308,0.1947,0.7823,0.0485,0,0.6,0,0,0,38.0,25.0,7.0,0.0,0.3421052631578947,0.0,0.5646,0.5123,0.6106,0.48,0.37,0.42,0.08460000000000001,0.14229999999999998,0.19060000000000005,1
0.0,0.0,0.5,0.5,0,0,0.9,7.653212513775344,7.698970004336019,2.0,2.0,75.5,0.0,0.0,0.0,0,0,5,0.0,0.0,0.0,0.0,0.0,0.0,0.0,0.0,1.298,0.0,1.684,0.0,-0.386,0.0,0.202,0.0,1.2667385824722657,0.0,0.4647293118938521,0.0,0.5865,0.3084,0.1176,0.8662,0.0636,0,0.48,0,0,0,25.5,25.0,0.0,0.0,0.014354066985645897,0.0,0.4629,0.3785,0.4231,0.48,0.37,0.42,-0.017100000000000004,0.008500000000000008,0.0030999999999999917,1
0.0,0.0,0.5,0.5,0,0,0.24,8.255272505103306,8.8750612633917,-7.5,-3.5,79.5,0.0,0.0,0.0,-4,-13,-16,-0.6999999999999993,-9.0,-200.0,0.050000000000000044,-0.12,-0.44999999999999996,-0.30000000000000004,0.0,1.722,2.428,1.303,0.876,0.4189999999999999,1.552,-0.3219999999999999,-0.0279999999999999,0.8146990443402252,0.9223655810598944,0.2966779024089556,0.4258533915693417,0.4691,0.223,0.2857,0.6684,0.0614,1,0.45,0,1,0,25.7,38.7,0.0,10.0,-0.3421052631578946,0.0,0.4736,0.3566,0.4347,0.7582,0.5095,0.703,-0.28459999999999996,-0.15289999999999998,-0.2683,0
0.0,0.0,0.5,0.5,0,0,4.0,8.255272505103306,7.653212513775344,3.5,2.0,79.5,0.0,0.0,0.0,0,0,-2,0.0,0.0,0.0,0.0,0.0,0.0,0.0,0.0,1.722,1.298,1.303,1.684,0.4189999999999999,-0.386,-0.3219999999999999,0.202,0.8146990443402252,1.2667385824722657,0.2966779024089556,0.4647293118938521,0.4691,0.2959,0.2857,0.6684,0.0614,1,0.45,0,1,0,25.7,25.5,0.0,0.0,0.004784688995215336,0.0,0.4736,0.3566,0.4347,0.4629,0.3785,0.4231,0.010700000000000043,-0.02190000000000003,0.0116,0
0.0,0.0,0.5,0.5,0,0,15.0,8.8750612633917,7.698970004336019,13.0,7.5,86.5,0.0,0.0,0.0,4,13,19,0.6999999999999993,9.0,200.0,-0.050000000000000044,0.12,0.44999999999999996,0.30000000000000004,0.0,2.428,0.0,0.876,0.0,1.552,0.0,-0.0279999999999999,0.0,0.9223655810598944,0.0,0.4258533915693417,0.0,0.5733,0.3084,0.2037,0.6876,0.0583,0,0.58,0,0,0,38.7,25.0,10.0,0.0,0.3612440191387558,0.0,0.7582,0.5095,0.703,0.48,0.37,0.42,0.2782,0.13949999999999996,0.283,0
0.0,0.0,0.5,0.5,0,0,16.666666666666668,8.8750612633917,7.653212513775344,11.0,5.5,86.5,0.0,0.0,0.0,4,13,14,0.6999999999999993,9.0,200.0,-0.050000000000000044,0.12,0.44999999999999996,0.30000000000000004,0.0,2.428,1.298,0.876,1.684,1.552,-0.386,-0.0279999999999999,0.202,0.9223655810598944,1.2667385824722657,0.4258533915693417,0.4647293118938521,0.5733,0.2959,0.2037,0.6876,0.0583,0,0.58,0,0,0,38.7,25.5,10.0,0.0,0.3468899521531099,0.0,0.7582,0.5095,0.703,0.4629,0.3785,0.4231,0.2953,0.13099999999999995,0.2799,1
0.0,0.0,0.5,0.5,0,0,0.2777777777777778,7.698970004336019,8.255272505103306,-5.5,-4.0,70.0,0.0,0.0,0.0,0,0,-3,0.0,0.0,0.0,0.0,0.0,0.0,0.0,0.0,0.0,1.722,0.0,1.303,0.0,0.4189999999999999,0.0,-0.3219999999999999,0.0,0.8146990443402252,0.0,0.2966779024089556,0.5336,0.2452,0.158,0.7568,0.0614,0,0.45,0,-1,0,25.0,25.7,0.0,0.0,-0.019138755980861233,0.0,0.48,0.37,0.42,0.4736,0.3566,0.4347,0.006399999999999961,0.013400000000000023,-0.01469999999999999,0
0.0,0.0,0.5,0.5,0,0,2.1333333333333333,8.505149978319906,8.176091259055681,2.0,2.0,81.5,0.0,0.0,0.0,0,1,7,-1.3999999999999986,1.0,-7000.0,0.25,-0.020000000000000004,0.17999999999999994,0.10000000000000009,0.0,1.7120000000000002,1.593,1.179,1.442,0.5329999999999999,0.151,0.088,0.207,1.1043395370402465,1.1826885206737323,0.3105121217887923,0.3051793643817426,0.5541,0.2637,0.1745,0.6843,0.0671,0,0.52,0,-1,0,30.2,25.7,2.0,1.0,0.11722488038277512,0.0,0.3901,0.3768,0.3964,0.4742,0.3144,0.4331,-0.08410000000000001,0.06240000000000001,-0.03670000000000001,1
0.0,0.0,0.5,0.5,0,0,0.041666666666666664,7.698970004336019,9.079181246047625,-14.0,-8.0,70.0,0.0,0.0,0.0,-1,-3,-15,0.10000000000000142,-7.0,500.0,0.0,-0.18000000000000002,-0.58,-0.40000000000000013,-0.09999999999999998,0.0,2.341,0.0,1.067,0.0,1.274,0.0,0.359,0.0,1.1426634743995732,0.0,0.2724559087673128,0.4199,0.228,0.3108,0.6015,0.048,0,0.45,0,0,0,25.0,42.2,0.0,12.0,-0.45215311004784686,0.0,0.48,0.37,0.42,0.458,0.5375,0.5466,0.021999999999999964,-0.16749999999999998,-0.1266,0
0.0,0.0,0.5,0.5,0,0,8.0,9.079181246047625,8.176091259055681,8.0,5.0,88.5,0.0,0.0,0.0,1,3,12,-0.10000000000000142,7.0,-500.0,0.0,0.18000000000000002,0.58,0.40000000000000013,0.09999999999999998,2.341,1.593,1.067,1.442,1.274,0.151,0.359,0.207,1.1426634743995732,1.1826885206737323,0.2724559087673128,0.3051793643817426,0.6109,0.2637,0.1611,0.6545,0.0492,0,0.62,1,-1,0,42.2,25.7,12.0,1.0,0.43301435406698563,0.0,0.458,0.5375,0.5466,0.4742,0.3144,0.4331,-0.016199999999999992,0.22309999999999997,0.11349999999999999,0
0.0,0.0,0.5,0.5,0,0,0.15625,7.698970004336019,8.505149978319906,-8.0,-5.0,70.0,0.0,0.0,0.0,0,-1,-10,1.3999999999999986,-1.0,7000.0,-0.25,0.020000000000000004,-0.17999999999999994,-0.10000000000000009,0.0,0.0,1.7120000000000002,0.0,1.179,0.0,0.5329999999999999,0.0,0.088,0.0,1.1043395370402465,0.0,0.3105121217887923,0.4199,0.2715,0.3108,0.6015,0.048,0,0.45,0,0,0,25.0,30.2,0.0,2.0,-0.13636363636363635,0.0,0.48,0.37,0.42,0.3901,0.3768,0.3964,0.08989999999999998,-0.006800000000000028,0.02360000000000001,0
0.0,0.0,0.5,0.5,0,0,3.0,8.176091259055681,7.698970004336019,6.0,3.0,80.0,0.0,0.0,0.0,0,0,3,0.0,0.0,0.0,0.0,0.0,0.0,0.0,0.0,1.593,0.0,1.442,0.0,0.151,0.0,0.207,0.0,1.1826885206737323,0.0,0.3051793643817426,0.0,0.4962,0.2693,0.2401,0.8887,0.0526,1,0.5,0,1,0,25.7,25.0,1.0,0.0,0.019138755980861233,0.0,0.4742,0.3144,0.4331,0.48,0.37,0.42,-0.005799999999999972,-0.05559999999999998,0.0131,0
0.0,0.0,0.5,0.5,0,0,3.75,9.079181246047625,8.505149978319906,6.0,3.0,88.5,0.0,0.0,0.0,1,2,5,1.2999999999999972,6.0,6500.0,-0.25,0.2,0.4,0.30000000000000004,0.09999999999999998,2.341,1.7120000000000002,1.067,1.179,1.274,0.5329999999999999,0.359,0.088,1.1426634743995732,1.1043395370402465,0.2724559087673128,0.3105121217887923,0.6109,0.2715,0.1611,0.6545,0.0492,0,0.62,1,0,0,42.2,30.2,12.0,2.0,0.3157894736842105,0.0,0.458,0.5375,0.5466,0.3901,0.3768,0.3964,0.06790000000000002,0.16069999999999995,0.1502,0
0.0,0.0,0.5,0.5,0,0,0.058823529411764705,7.698970004336019,8.929418925714293,-14.0,-8.5,70.0,0.0,0.0,0.0,-3,-6,-17,-1.0,-20.0,1500.0,-0.04999999999999993,0.020000000000000004,-0.44999999999999996,-0.8000000000000003,-0.19999999999999996,0.0,2.884,0.0,0.95,0.0,1.934,0.0,0.616,0.0,1.2457596956683417,0.0,0.4170851232062826,0.0,0.1927,0.0,0.0,0.0,0,0.45,0,-1,-1,25.0,36.3,0.0,7.0,-0.2966507177033493,0.0,0.48,0.37,0.42,0.7222,0.6642,0.7,-0.24219999999999997,-0.2942,-0.27999999999999997,0
0.0,0.0,0.5,0.5,0,0,0.2777777777777778,7.698970004336019,8.255272505103306,-6.0,-2.0,70.0,0.0,0.0,0.0,0,-1,-10,0.0,0.0,-2000.0,0.050000000000000044,0.020000000000000004,0.020000000000000018,-0.20000000000000018,0.0,0.0,1.7420000000000002,0.0,1.473,0.0,0.269,0.0,0.758,0.0,1.5093139957020203,0.0,0.4204177816305003,0.423,0.2727,0.3313,0.636,0.0569,0,0.45,0,0,0,25.0,27.6,0.0,0.0,-0.06937799043062198,0.0,0.48,0.37,0.42,0.415,0.3381,0.4039,0.065,0.031899999999999984,0.016100000000000003,0
0.0,0.0,0.5,0.5,0,0,1.0,7.698970004336019,7.698970004336019,0.0,0.0,70.0,0.0,0.0,0.0,0,0,0,0.0,0.0,0.0,0.0,0.0,0.0,0.0,0.0,0.0,0.0,0.0,0.0,0.0,0.0,0.0,0.0,0.0,0.0,0.0,0.0,0.0,0.2457,0.0,0.0,0.0,0,0.45,0,0,0,25.0,25.0,0.0,0.0,0.0,0.0,0.48,0.37,0.42,0.48,0.37,0.42,0.0,0.0,0.0,1
0.0,0.0,0.5,0.5,0,0,4.722222222222222,8.929418925714293,8.255272505103306,8.0,6.5,88.0,0.0,0.0,0.0,3,5,7,1.0,20.0,-3500.0,0.09999999999999998,0.0,0.47,0.6000000000000001,0.19999999999999996,2.884,1.7420000000000002,0.95,1.473,1.934,0.269,0.616,0.758,1.2457596956683417,1.5093139957020203,0.4170851232062826,0.4204177816305003,0.6331,0.2727,0.1742,0.6174,0.0833,1,0.71,2,1,1,36.3,27.6,7.0,0.0,0.2272727272727273,0.0,0.7222,0.6642,0.7,0.415,0.3381,0.4039,0.3072,0.3261,0.2961,1
0.0,0.0,0.5,0.5,0,0,17.0,8.929418925714293,7.698970004336019,14.0,8.5,88.0,0.0,0.0,0.0,3,6,17,1.0,20.0,-1500.0,0.04999999999999993,-0.020000000000000004,0.44999999999999996,0.8000000000000003,0.19999999999999996,2.884,0.0,0.95,0.0,1.934,0.0,0.616,0.0,1.2457596956683417,0.0,0.4170851232062826,0.0,0.6331,0.2457,0.1742,0.6174,0.0833,1,0.71,2,1,1,36.3,25.0,7.0,0.0,0.2966507177033493,0.0,0.7222,0.6642,0.7,0.48,0.37,0.42,0.24219999999999997,0.2942,0.27999999999999997,1
0.0,0.0,0.5,0.5,0,0,3.6,8.255272505103306,7.698970004336019,6.0,2.0,81.0,0.0,0.0,0.0,0,1,10,0.0,0.0,2000.0,-0.050000000000000044,-0.020000000000000004,-0.020000000000000018,0.20000000000000018,0.0,1.7420000000000002,0.0,1.473,0.0,0.269,0.0,0.758,0.0,1.5093139957020203,0.0,0.4204177816305003,0.0,0.613,0.0,0.1143,0.8314,0.0437,0,0.5,0,0,0,27.6,25.0,0.0,0.0,0.06937799043062198,0.0,0.415,0.3381,0.4039,0.48,0.37,0.42,-0.065,-0.031899999999999984,-0.016100000000000003,1
0.0,0.0,0.5,0.5,0,0,27.5,9.041392685158225,7.6020599913279625,13.5,10.5,89.0,0.0,0.0,0.0,2,7,13,-0.3000000000000007,10.0,-200.0,0.0,0.0,0.52,0.7000000000000002,0.09999999999999998,2.804,1.369,0.5599999999999999,1.686,2.244,-0.317,0.296,-0.169,1.0649770760444726,0.8614395670308376,0.2852756951130297,0.5644751741416288,0.7185,0.0,0.05,0.6062,0.0885,3,0.68,2,3,1,42.2,25.9,12.0,0.0,0.4282296650717703,0.0,0.6507,0.6107,0.6607,0.4917,0.3211,0.4297,0.15899999999999992,0.2896,0.23099999999999993,0
0.0,0.0,0.5,0.5,0,0,0.4888888888888889,8.342422680822207,8.653212513775344,-3.0,-5.5,80.0,0.0,0.0,0.0,-2,-5,3,0.8999999999999986,5.0,-6000.0,0.25,0.26999999999999996,-0.37,-0.3999999999999999,-0.15000000000000002,1.7739999999999998,2.161,1.399,1.17,0.375,0.991,-0.2739999999999999,0.439,0.8012143853944391,1.0807602735652382,0.301485212462126,0.5795295026523193,0.5765,0.172,0.2085,0.7166,0.0536,2,0.55,0,2,1,25.0,36.8,1.0,3.0,-0.31100478468899506,0.0,0.467,0.3049,0.3458,0.5314,0.501,0.5217,-0.06439999999999996,-0.1961,-0.17590000000000006,0
0.0,0.0,0.5,0.5,0,0,0.8333333333333334,8.8750612633917,8.954242509439325,-0.5,1.0,86.5,0.0,0.0,0.0,4,11,12,0.0,-4.0,200.0,-0.09999999999999998,0.1,0.04999999999999993,-0.7,-0.09999999999999998,2.428,2.591,0.876,0.97,1.552,1.621,-0.0279999999999999,0.709,0.9223655810598944,1.1798394922132849,0.4258533915693417,0.3362356977544835,0.5733,0.2035,0.2037,0.6876,0.0583,0,0.58,0,0,0,38.7,39.1,10.0,7.0,-0.009569377990430894,0.0,0.7582,0.5095,0.703,0.6152,0.5548,0.5951,0.14300000000000002,-0.04530000000000001,0.1079,1
0.0,0.0,0.5,0.5,0,0,0.5625,8.255272505103306,8.505149978319906,-2.5,-1.0,79.5,0.0,0.0,0.0,0,-1,-7,1.3999999999999986,-1.0,7000.0,-0.25,0.020000000000000004,-0.17999999999999994,-0.10000000000000009,0.0,1.722,1.7120000000000002,1.303,1.179,0.4189999999999999,0.5329999999999999,-0.3219999999999999,0.088,0.8146990443402252,1.1043395370402465,0.2966779024089556,0.3105121217887923,0.4691,0.2715,0.2857,0.6684,0.0614,1,0.45,0,1,0,25.7,30.2,0.0,2.0,-0.11722488038277512,0.0,0.4736,0.3566,0.4347,0.3901,0.3768,0.3964,0.08350000000000002,-0.02020000000000005,0.0383,0
0.0,0.0,0.5,0.5,0,0,4.166666666666667,8.8750612633917,8.255272505103306,7.5,3.5,86.5,0.0,0.0,0.0,4,13,16,0.6999999999999993,9.0,200.0,-0.050000000000000044,0.12,0.44999999999999996,0.30000000000000004,0.0,2.428,1.722,0.876,1.303,1.552,0.4189999999999999,-0.0279999999999999,-0.3219999999999999,0.9223655810598944,0.8146990443402252,0.4258533915693417,0.2966779024089556,0.5733,0.2452,0.2037,0.6876,0.0583,0,0.58,0,-1,0,38.7,25.7,10.0,0.0,0.3421052631578946,0.0,0.7582,0.5095,0.703,0.4736,0.3566,0.4347,0.28459999999999996,0.15289999999999998,0.2683,0
0.0,0.0,0.5,0.5,0,0,0.35555555555555557,8.505149978319906,8.954242509439325,-5.5,-1.5,81.5,0.0,0.0,0.0,0,-1,3,-2.099999999999998,-12.0,-7000.0,0.20000000000000007,-0.039999999999999994,-0.22000000000000008,-0.8999999999999999,-0.09999999999999998,1.7120000000000002,2.591,1.179,0.97,0.5329999999999999,1.621,0.088,0.709,1.1043395370402465,1.1798394922132849,0.3105121217887923,0.3362356977544835,0.5541,0.2035,0.1745,0.6843,0.0671,0,0.52,0,0,0,30.2,39.1,2.0,7.0,-0.23444976076555035,0.0,0.3901,0.3768,0.3964,0.6152,0.5548,0.5951,-0.22509999999999997,-0.17799999999999994,-0.1987,0
0.0,0.0,0.5,0.5,0,0,0.4266666666666667,8.505149978319906,8.8750612633917,-5.0,-2.5,81.5,0.0,0.0,0.0,-4,-12,-9,-2.099999999999998,-8.0,-7200.0,0.30000000000000004,-0.14,-0.27,-0.19999999999999996,0.0,1.7120000000000002,2.428,1.179,0.876,0.5329999999999999,1.552,0.088,-0.0279999999999999,1.1043395370402465,0.9223655810598944,0.3105121217887923,0.4258533915693417,0.5541,0.223,0.1745,0.6843,0.0671,0,0.52,0,0,0,30.2,38.7,2.0,10.0,-0.22488038277511946,0.0,0.3901,0.3768,0.3964,0.7582,0.5095,0.703,-0.3681,-0.13269999999999993,-0.3066,0
0.0,0.0,0.5,0.5,0,0,5.0,8.954242509439325,8.255272505103306,8.0,2.5,87.0,0.0,0.0,0.0,0,2,4,0.6999999999999993,13.0,0.0,0.04999999999999993,0.01999999999999999,0.4,1.0,0.09999999999999998,2.591,1.722,0.97,1.303,1.621,0.4189999999999999,0.709,-0.3219999999999999,1.1798394922132849,0.8146990443402252,0.3362356977544835,0.2966779024089556,0.692,0.2452,0.1045,0.6599,0.0657,0,0.65,0,-1,0,39.1,25.7,7.0,0.0,0.3516746411483255,0.0,0.6152,0.5548,0.5951,0.4736,0.3566,0.4347,0.14159999999999995,0.1982,0.1604,1
0.0,0.0,0.5,0.5,0,0,3.3333333333333335,8.698970004336019,8.176091259055681,4.5,1.5,84.5,0.0,0.0,0.0,0,2,10,1.3000000000000007,15.0,300.0,-0.050000000000000044,-0.020000000000000004,0.35,0.20000000000000018,0.04999999999999999,2.002,1.593,1.323,1.442,0.6789999999999999,0.151,-0.1019999999999999,0.207,0.9431066534244954,1.1826885206737323,0.3376651859131732,0.3051793643817426,0.5783,0.2637,0.2167,0.8053,0.062,0,0.52,0,-1,0,34.1,25.7,10.0,1.0,0.22009569377990434,0.0,0.4786,0.471,0.4919,0.4742,0.3144,0.4331,0.004400000000000015,0.15659999999999996,0.05880000000000002,1
0.0,0.0,0.5,0.5,0,0,0.2777777777777778,7.698970004336019,8.255272505103306,-6.0,-2.0,70.0,0.0,0.0,0.0,0,-1,-10,0.0,0.0,-2000.0,0.050000000000000044,0.020000000000000004,0.020000000000000018,-0.20000000000000018,0.0,0.0,1.7420000000000002,0.0,1.473,0.0,0.269,0.0,0.758,0.0,1.5093139957020203,0.0,0.4204177816305003,0.0,0.2727,0.0,0.0,0.0,0,0.45,0,0,0,25.0,27.6,0.0,0.0,-0.06937799043062198,0.0,0.48,0.37,0.42,0.415,0.3381,0.4039,0.065,0.031899999999999984,0.016100000000000003,0
0.0,0.0,0.5,0.5,0,0,10.0,8.698970004336019,7.698970004336019,10.5,4.5,84.5,0.0,0.0,0.0,0,2,13,1.3000000000000007,15.0,300.0,-0.050000000000000044,-0.020000000000000004,0.35,0.20000000000000018,0.04999999999999999,2.002,0.0,1.323,0.0,0.6789999999999999,0.0,-0.1019999999999999,0.0,0.9431066534244954,0.0,0.3376651859131732,0.0,0.5783,0.0,0.2167,0.8053,0.062,0,0.52,0,0,0,34.1,25.0,10.0,0.0,0.23923444976076558,0.0,0.4786,0.471,0.4919,0.48,0.37,0.42,-0.0013999999999999568,0.10099999999999998,0.07190000000000002,1
0.0,0.0,0.5,0.5,0,0,1.2,8.255272505103306,8.176091259055681,0.0,-1.0,81.0,0.0,0.0,0.0,0,1,7,0.0,0.0,2000.0,-0.050000000000000044,-0.020000000000000004,-0.020000000000000018,0.20000000000000018,0.0,1.7420000000000002,1.593,1.473,1.442,0.269,0.151,0.758,0.207,1.5093139957020203,1.1826885206737323,0.4204177816305003,0.3051793643817426,0.613,0.2637,0.1143,0.8314,0.0437,0,0.5,0,-1,0,27.6,25.7,0.0,1.0,0.05023923444976075,0.0,0.415,0.3381,0.4039,0.4742,0.3144,0.4331,-0.05920000000000003,0.0237,-0.029200000000000004,0
0.0,0.0,0.5,0.5,0,0,0.36,8.255272505103306,8.698970004336019,-4.5,-2.5,81.0,0.0,0.0,0.0,0,-1,-3,-1.3000000000000007,-15.0,1700.0,0.0,0.0,-0.37,0.0,-0.04999999999999999,1.7420000000000002,2.002,1.473,1.323,0.269,0.6789999999999999,0.758,-0.1019999999999999,1.5093139957020203,0.9431066534244954,0.4204177816305003,0.3376651859131732,0.613,0.205,0.1143,0.8314,0.0437,0,0.5,0,0,0,27.6,34.1,0.0,10.0,-0.1698564593301436,0.0,0.415,0.3381,0.4039,0.4786,0.471,0.4919,-0.06360000000000005,-0.13289999999999996,-0.08800000000000002,0
0.0,0.0,0.5,0.5,0,0,3.0,8.176091259055681,7.698970004336019,6.0,3.0,80.0,0.0,0.0,0.0,0,0,3,0.0,0.0,0.0,0.0,0.0,0.0,0.0,0.0,1.593,0.0,1.442,0.0,0.151,0.0,0.207,0.0,1.1826885206737323,0.0,0.3051793643817426,0.0,0.4962,0.0,0.2401,0.8887,0.0526,1,0.5,0,1,0,25.7,25.0,1.0,0.0,0.019138755980861233,0.0,0.4742,0.3144,0.4331,0.48,0.37,0.42,-0.005799999999999972,-0.05559999999999998,0.0131,0
0.0,0.0,0.5,0.5,0,0,20.0,9.0,7.698970004336019,13.5,7.0,87.5,0.0,0.0,0.0,5,11,21,0.3000000000000007,13.0,-2500.0,0.09999999999999998,-0.04000000000000001,0.41999999999999993,0.5,0.09999999999999998,2.451,0.0,0.825,0.0,1.626,0.0,0.349,0.0,1.1980330911358643,0.0,0.3834478089938996,0.0,0.6748,0.232,0.1307,0.8196,0.0699,0,0.6,0,0,0,39.1,25.0,9.0,0.0,0.3708133971291867,0.0,0.64,0.5449,0.7004,0.48,0.37,0.42,0.16000000000000003,0.17490000000000006,0.28040000000000004,0
0.0,0.0,0.5,0.5,0,0,0.6666666666666666,8.477121254719663,8.653212513775344,-1.5,-2.5,82.0,0.0,0.0,0.0,-2,-5,-8,0.6999999999999993,-1.0,-2500.0,0.10000000000000009,-0.020000000000000004,-0.09999999999999998,-0.09999999999999987,-0.04999999999999999,1.959,2.161,1.329,1.17,0.63,0.991,0.741,0.439,1.3862285654790514,1.0807602735652382,0.2850516522394571,0.5795295026523193,0.514,0.172,0.2217,0.7231,0.0778,0,0.62,0,0,0,31.0,36.8,4.0,3.0,-0.15311004784688986,0.0,0.5139,0.4692,0.4953,0.5314,0.501,0.5217,-0.01749999999999996,-0.031799999999999995,-0.026400000000000035,1
0.0,0.0,0.5,0.5,0,0,2.9545454545454546,8.812913356642856,8.342422680822207,5.5,5.0,86.0,0.0,0.0,0.0,0,5,-6,-0.29999999999999716,-7.0,7700.0,-0.35,-0.19999999999999998,0.5,0.5999999999999999,0.050000000000000044,2.645,1.7739999999999998,0.751,1.399,1.894,0.375,-0.2449999999999999,-0.2739999999999999,0.9060118494310764,0.8012143853944391,0.3351699403122077,0.301485212462126,0.5863,0.215,0.1947,0.7823,0.0485,0,0.6,0,-2,-1,38.0,25.0,7.0,1.0,0.3421052631578947,0.0,0.5646,0.5123,0.6106,0.467,0.3049,0.3458,0.09759999999999996,0.20739999999999997,0.26480000000000004,1
0.0,0.0,0.5,0.5,0,0,1.0,7.698970004336019,7.698970004336019,0.0,0.0,70.0,0.0,0.0,0.0,0,0,0,0.0,0.0,0.0,0.0,0.0,0.0,0.0,0.0,0.0,0.0,0.0,0.0,0.0,0.0,0.0,0.0,0.0,0.0,0.0,0.0,0.0,0.0,0.0,0.0,0.0,0,0.45,0,0,0,25.0,25.0,0.0,0.0,0.0,0.0,0.48,0.37,0.42,0.48,0.37,0.42,0.0,0.0,0.0,0
0.0,0.0,0.5,0.5,0,0,22.0,9.041392685158225,7.698970004336019,14.5,9.5,89.0,0.0,0.0,0.0,2,7,15,-0.3000000000000007,10.0,-200.0,0.0,0.0,0.52,0.7000000000000002,0.09999999999999998,2.804,0.0,0.5599999999999999,0.0,2.244,0.0,0.296,0.0,1.0649770760444726,0.0,0.2852756951130297,0.0,0.7185,0.2457,0.05,0.6062,0.0885,3,0.68,2,3,1,42.2,25.0,12.0,0.0,0.45215311004784686,0.0,0.6507,0.6107,0.6607,0.48,0.37,0.42,0.17069999999999996,0.24070000000000003,0.24069999999999997,1
0.0,0.0,0.5,0.5,0,0,5.0,8.8750612633917,8.176091259055681,7.0,4.5,86.5,0.0,0.0,0.0,4,13,16,0.6999999999999993,9.0,200.0,-0.050000000000000044,0.12,0.44999999999999996,0.30000000000000004,0.0,2.428,1.593,0.876,1.442,1.552,0.151,-0.0279999999999999,0.207,0.9223655810598944,1.1826885206737323,0.4258533915693417,0.3051793643817426,0.5733,0.2637,0.2037,0.6876,0.0583,0,0.58,0,-1,0,38.7,25.7,10.0,1.0,0.3421052631578946,0.0,0.7582,0.5095,0.703,0.4742,0.3144,0.4331,0.284,0.19509999999999994,0.2699,1
0.0,0.0,0.5,0.5,0,0,3.5416666666666665,8.929418925714293,8.380211241711606,6.5,4.0,88.0,0.0,0.0,0.0,3,6,6,0.3999999999999986,10.0,-1500.0,0.04999999999999993,-0.020000000000000004,0.44999999999999996,0.8000000000000003,0.19999999999999996,2.884,1.6960000000000002,0.95,1.391,1.934,0.305,0.616,-0.196,1.2457596956683417,0.8891132124050513,0.4170851232062826,0.3092715455532385,0.6331,0.2319,0.1742,0.6174,0.0833,1,0.71,2,0,0,36.3,31.0,7.0,2.0,0.13875598086124408,0.0,0.7222,0.6642,0.7,0.3333,0.4488,0.4901,0.38889999999999997,0.21540000000000004,0.20989999999999998,1
0.0,0.0,0.5,0.5,0,0,1.5625,8.698970004336019,8.505149978319906,2.5,-0.5,84.5,0.0,0.0,0.0,0,1,3,2.6999999999999993,14.0,7300.0,-0.30000000000000004,0.0,0.17000000000000004,0.10000000000000009,0.04999999999999999,2.002,1.7120000000000002,1.323,1.179,0.6789999999999999,0.5329999999999999,-0.1019999999999999,0.088,0.9431066534244954,1.1043395370402465,0.3376651859131732,0.3105121217887923,0.5783,0.2715,0.2167,0.8053,0.062,0,0.52,0,0,0,34.1,30.2,10.0,2.0,0.10287081339712922,0.0,0.4786,0.471,0.4919,0.3901,0.3768,0.3964,0.08850000000000002,0.09419999999999995,0.09550000000000003,1
0.0,0.0,0.5,0.5,0,0,1.4666666666666666,9.041392685158225,8.8750612633917,1.5,2.0,89.0,0.0,0.0,0.0,-2,-6,-4,-1.0,1.0,-400.0,0.050000000000000044,-0.12,0.07000000000000006,0.40000000000000013,0.09999999999999998,2.804,2.428,0.5599999999999999,0.876,2.244,1.552,0.296,-0.0279999999999999,1.0649770760444726,0.9223655810598944,0.2852756951130297,0.4258533915693417,0.7185,0.223,0.05,0.6062,0.0885,3,0.68,2,3,1,42.2,38.7,12.0,10.0,0.09090909090909105,0.0,0.6507,0.6107,0.6607,0.7582,0.5095,0.703,-0.10750000000000004,0.10120000000000007,-0.042300000000000004,0
0.0,0.0,0.5,0.5,0,0,3.3333333333333335,9.0,8.477121254719663,5.0,0.5,87.5,0.0,0.0,0.0,5,11,16,0.10000000000000142,8.0,1500.0,-0.050000000000000044,0.0,0.2699999999999999,0.2999999999999998,0.04999999999999999,2.451,1.959,0.825,1.329,1.626,0.63,0.349,0.741,1.1980330911358643,1.3862285654790514,0.3834478089938996,0.2850516522394571,0.6748,0.2643,0.1307,0.8196,0.0699,0,0.6,0,0,0,39.1,31.0,9.0,4.0,0.2129186602870815,0.0,0.64,0.5449,0.7004,0.5139,0.4692,0.4953,0.1261,0.07570000000000005,0.2051,1
0.0,0.0,0.5,0.5,0,0,1.7,8.929418925714293,8.698970004336019,3.5,4.0,88.0,0.0,0.0,0.0,3,4,4,-0.3000000000000007,5.0,-1800.0,0.09999999999999998,0.0,0.09999999999999998,0.6000000000000001,0.14999999999999997,2.884,2.002,0.95,1.323,1.934,0.6789999999999999,0.616,-0.1019999999999999,1.2457596956683417,0.9431066534244954,0.4170851232062826,0.3376651859131732,0.6331,0.205,0.1742,0.6174,0.0833,1,0.71,2,1,1,36.3,34.1,7.0,10.0,0.0574162679425837,0.0,0.7222,0.6642,0.7,0.4786,0.471,0.4919,0.24359999999999993,0.19320000000000004,0.20809999999999995,1
0.0,0.0,0.5,0.5,0,0,13.0,8.812913356642856,7.698970004336019,12.5,8.5,86.0,0.0,0.0,0.0,0,5,10,0.10000000000000142,4.0,200.0,-0.050000000000000044,0.04999999999999999,0.38,0.5,0.0,2.645,0.0,0.751,0.0,1.894,0.0,-0.2449999999999999,0.0,0.9060118494310764,0.0,0.3351699403122077,0.0,0.5863,0.0,0.1947,0.7823,0.0485,0,0.6,0,0,0,38.0,25.0,7.0,0.0,0.3421052631578947,0.0,0.5646,0.5123,0.6106,0.48,0.37,0.42,0.08460000000000001,0.14229999999999998,0.19060000000000005,0
0.0,0.0,0.5,0.5,0,0,1.3333333333333333,9.0,8.8750612633917,0.5,-0.5,87.5,0.0,0.0,0.0,1,-2,2,-0.3999999999999986,4.0,-2700.0,0.15000000000000002,-0.16,-0.030000000000000027,0.19999999999999996,0.09999999999999998,2.451,2.428,0.825,0.876,1.626,1.552,0.349,-0.0279999999999999,1.1980330911358643,0.9223655810598944,0.3834478089938996,0.4258533915693417,0.6748,0.223,0.1307,0.8196,0.0699,0,0.6,0,0,0,39.1,38.7,9.0,10.0,0.009569377990430894,0.0,0.64,0.5449,0.7004,0.7582,0.5095,0.703,-0.11819999999999997,0.0354000000000001,-0.0025999999999999357,0
0.0,0.0,0.5,0.5,0,0,0.7647058823529411,8.812913356642856,8.929418925714293,-1.5,0.0,86.0,0.0,0.0,0.0,-3,-1,-7,-0.8999999999999986,-16.0,1700.0,-0.09999999999999998,0.06999999999999999,-0.06999999999999995,-0.30000000000000027,-0.19999999999999996,2.645,2.884,0.751,0.95,1.894,1.934,-0.2449999999999999,0.616,0.9060118494310764,1.2457596956683417,0.3351699403122077,0.4170851232062826,0.5863,0.1927,0.1947,0.7823,0.0485,0,0.6,0,-1,-1,38.0,36.3,7.0,7.0,0.045454545454545414,0.0,0.5646,0.5123,0.6106,0.7222,0.6642,0.7,-0.15759999999999996,-0.15190000000000003,-0.08939999999999992,0
0.0,0.0,0.5,0.5,0,0,1.5384615384615385,9.0,8.812913356642856,1.0,-1.5,87.5,0.0,0.0,0.0,5,6,11,0.1999999999999993,9.0,-2700.0,0.15000000000000002,-0.09,0.039999999999999925,0.0,0.09999999999999998,2.451,2.645,0.825,0.751,1.626,1.894,0.349,-0.2449999999999999,1.1980330911358643,0.9060118494310764,0.3834478089938996,0.3351699403122077,0.6748,0.219,0.1307,0.8196,0.0699,0,0.6,0,0,0,39.1,38.0,9.0,7.0,0.028708133971292016,0.0,0.64,0.5449,0.7004,0.5646,0.5123,0.6106,0.07540000000000002,0.03260000000000007,0.08979999999999999,0
0.0,0.0,0.5,0.5,0,0,0.8823529411764706,8.8750612633917,8.929418925714293,-1.0,-1.0,86.5,0.0,0.0,0.0,1,7,2,-0.3000000000000007,-11.0,1700.0,-0.09999999999999998,0.14,0.0,-0.5000000000000002,-0.19999999999999996,2.428,2.884,0.876,0.95,1.552,1.934,-0.0279999999999999,0.616,0.9223655810598944,1.2457596956683417,0.4258533915693417,0.4170851232062826,0.5733,0.1927,0.2037,0.6876,0.0583,0,0.58,0,-1,-1,38.7,36.3,10.0,7.0,0.06459330143540654,0.0,0.7582,0.5095,0.703,0.7222,0.6642,0.7,0.03600000000000003,-0.15470000000000006,0.0030000000000000027,1
0.0,0.0,0.5,0.5,0,0,3.5714285714285716,9.0,8.44715803134222,4.0,4.0,87.5,0.0,0.0,0.0,5,8,16,-1.3999999999999986,-4.0,-2500.0,0.09999999999999998,-0.04000000000000001,0.12,0.5,0.09999999999999998,2.451,2.037,0.825,1.185,1.626,0.852,0.349,-0.737,1.1980330911358643,0.6589823082323523,0.3834478089938996,0.3983312412776303,0.6748,0.1764,0.1307,0.8196,0.0699,0,0.6,0,-2,-1,39.1,34.3,9.0,6.0,0.12679425837320601,0.0,0.64,0.5449,0.7004,0.6477,0.4914,0.547,-0.00770000000000004,0.05350000000000005,0.15339999999999998,1
0.0,0.0,0.5,0.5,0,0,4.4,8.342422680822207,7.698970004336019,7.0,3.5,80.0,0.0,0.0,0.0,0,0,9,0.3999999999999986,11.0,-7500.0,0.29999999999999993,0.24999999999999997,-0.12,-0.09999999999999987,-0.050000000000000044,1.7739999999999998,0.0,1.399,0.0,0.375,0.0,-0.2739999999999999,0.0,0.8012143853944391,0.0,0.301485212462126,0.0,0.5765,0.2709,0.2085,0.7166,0.0536,2,0.55,0,2,1,25.0,25.0,1.0,0.0,0.0,0.0,0.467,0.3049,0.3458,0.48,0.37,0.42,-0.012999999999999956,-0.06509999999999999,-0.07419999999999999,1
0.0,0.0,0.5,0.5,0,0,4.545454545454546,9.0,8.342422680822207,6.5,3.5,87.5,0.0,0.0,0.0,5,11,5,-0.09999999999999787,2.0,5000.0,-0.19999999999999996,-0.29,0.5399999999999999,0.5999999999999999,0.15000000000000002,2.451,1.7739999999999998,0.825,1.399,1.626,0.375,0.349,-0.2739999999999999,1.1980330911358643,0.8012143853944391,0.3834478089938996,0.301485212462126,0.6748,0.215,0.1307,0.8196,0.0699,0,0.6,0,-2,-1,39.1,25.0,9.0,1.0,0.3708133971291867,0.0,0.64,0.5449,0.7004,0.467,0.3049,0.3458,0.173,0.24000000000000005,0.3546,0
0.0,0.0,0.5,0.5,0,0,0.17857142857142858,7.698970004336019,8.44715803134222,-9.5,-3.0,70.0,0.0,0.0,0.0,0,-3,2,-1.6999999999999993,-17.0,0.0,0.0,0.0,-0.29999999999999993,0.0,0.0,0.0,2.037,0.0,1.185,0.0,0.852,0.0,-0.737,0.0,0.6589823082323523,0.0,0.3983312412776303,0.5138,0.1764,0.2154,0.6021,0.0655,0,0.45,0,-2,-1,25.0,34.3,0.0,6.0,-0.2440191387559807,0.0,0.48,0.37,0.42,0.6477,0.4914,0.547,-0.16770000000000007,-0.12140000000000001,-0.12700000000000006,0
0.0,0.0,0.5,0.5,0,0,0.05,7.698970004336019,9.0,-13.5,-7.0,70.0,0.0,0.0,0.0,-5,-11,-14,-0.3000000000000007,-13.0,2500.0,-0.09999999999999998,0.04000000000000001,-0.41999999999999993,-0.5,-0.09999999999999998,0.0,2.451,0.0,0.825,0.0,1.626,0.0,0.349,0.0,1.1980330911358643,0.0,0.3834478089938996,0.5138,0.1945,0.2154,0.6021,0.0655,0,0.45,0,0,0,25.0,39.1,0.0,9.0,-0.3708133971291867,0.0,0.48,0.37,0.42,0.64,0.5449,0.7004,-0.16000000000000003,-0.17490000000000006,-0.28040000000000004,0
0.0,0.0,0.5,0.5,0,0,1.2727272727272727,8.44715803134222,8.342422680822207,2.5,-0.5,83.5,0.0,0.0,0.0,0,3,-11,1.3000000000000007,6.0,7500.0,-0.29999999999999993,-0.24999999999999997,0.41999999999999993,0.09999999999999987,0.050000000000000044,2.037,1.7739999999999998,1.185,1.399,0.852,0.375,-0.737,-0.2739999999999999,0.6589823082323523,0.8012143853944391,0.3983312412776303,0.301485212462126,0.6025,0.215,0.2211,0.6103,0.0855,2,0.6,0,0,0,34.3,25.0,6.0,1.0,0.2440191387559807,0.0,0.6477,0.4914,0.547,0.467,0.3049,0.3458,0.18070000000000003,0.1865,0.20120000000000005,0
0.0,0.0,0.5,0.5,0,0,1.3076923076923077,8.929418925714293,8.812913356642856,1.2999999999999972,-3.5,87.5,0.0,0.0,0.0,1,-3,5,-1.1000000000000014,-1.0,-200.0,0.09999999999999998,0.09,0.09999999999999998,0.10000000000000009,0.19999999999999996,2.592,2.645,0.939,0.751,1.653,1.894,0.108,-0.2449999999999999,0.9731844800911872,0.9060118494310764,0.4399949494659632,0.3351699403122077,0.6413,0.219,0.2269,0.7296,0.0546,0,0.67,1,0,0,42.3,38.0,12.0,7.0,0.1124401913875599,0.0,0.4564,0.5811,0.6325,0.5646,0.5123,0.6106,-0.10820000000000002,0.06879999999999997,0.02189999999999992,0
0.0,0.0,0.5,0.5,0,0,1.1111111111111112,7.698970004336019,7.653212513775344,-2.0,-2.0,70.0,0.0,0.0,0.0,0,0,-5,0.0,0.0,0.0,0.0,0.0,0.0,0.0,0.0,0.0,1.298,0.0,1.684,0.0,-0.386,0.0,0.202,0.0,1.2667385824722657,0.0,0.4647293118938521,0.4794,0.2959,0.2886,0.8789,0.0804,0,0.45,0,0,0,25.0,25.5,0.0,0.0,-0.014354066985645897,0.0,0.48,0.37,0.42,0.4629,0.3785,0.4231,0.017100000000000004,-0.008500000000000008,-0.0030999999999999917,1
0.0,0.0,0.5,0.5,0,0,0.06923076923076923,7.653212513775344,8.812913356642856,-10.5,-6.5,75.5,0.0,0.0,0.0,0,-5,-5,-0.10000000000000142,-4.0,-200.0,0.050000000000000044,-0.04999999999999999,-0.38,-0.5,0.0,1.298,2.645,1.684,0.751,-0.386,1.894,0.202,-0.2449999999999999,1.2667385824722657,0.9060118494310764,0.4647293118938521,0.3351699403122077,0.5865,0.219,0.1176,0.8662,0.0636,0,0.48,0,0,0,25.5,38.0,0.0,7.0,-0.3277511961722488,0.0,0.4629,0.3785,0.4231,0.5646,0.5123,0.6106,-0.10170000000000001,-0.13379999999999997,-0.18750000000000006,0
0.0,0.0,0.5,0.5,0,0,17.0,8.929418925714293,7.698970004336019,13.799999999999997,5.0,87.5,0.0,0.0,0.0,1,2,15,-1.0,3.0,0.0,0.04999999999999993,0.13999999999999999,0.48,0.6000000000000001,0.19999999999999996,2.592,0.0,0.939,0.0,1.653,0.0,0.108,0.0,0.9731844800911872,0.0,0.4399949494659632,0.0,0.6413,0.232,0.2269,0.7296,0.0546,0,0.67,1,0,0,42.3,25.0,12.0,0.0,0.4545454545454546,0.0,0.4564,0.5811,0.6325,0.48,0.37,0.42,-0.02360000000000001,0.21109999999999995,0.21249999999999997,0
0.0,0.0,0.5,0.5,0,0,0.052941176470588235,7.653212513775344,8.929418925714293,-11.799999999999997,-3.0,75.5,0.0,0.0,0.0,-1,-2,-10,1.0,-3.0,0.0,-0.04999999999999993,-0.13999999999999999,-0.48,-0.6000000000000001,-0.19999999999999996,1.298,2.592,1.684,0.939,-0.386,1.653,0.202,0.108,1.2667385824722657,0.9731844800911872,0.4647293118938521,0.4399949494659632,0.5865,0.1318,0.1176,0.8662,0.0636,0,0.48,0,0,0,25.5,42.3,0.0,12.0,-0.4401913875598087,0.0,0.4629,0.3785,0.4231,0.4564,0.5811,0.6325,0.006500000000000006,-0.20259999999999995,-0.20939999999999998,0
0.0,0.0,0.5,0.5,0,0,13.0,8.812913356642856,7.698970004336019,12.5,8.5,86.0,0.0,0.0,0.0,0,5,10,0.10000000000000142,4.0,200.0,-0.050000000000000044,0.04999999999999999,0.38,0.5,0.0,2.645,0.0,0.751,0.0,1.894,0.0,-0.2449999999999999,0.0,0.9060118494310764,0.0,0.3351699403122077,0.0,0.5863,0.232,0.1947,0.7823,0.0485,0,0.6,0,0,0,38.0,25.0,7.0,0.0,0.3421052631578947,0.0,0.5646,0.5123,0.6106,0.48,0.37,0.42,0.08460000000000001,0.14229999999999998,0.19060000000000005,1
0.0,0.0,0.5,0.5,0,0,6.0,8.477121254719663,7.698970004336019,8.5,6.5,82.0,0.0,0.0,0.0,0,0,5,0.1999999999999993,5.0,-4000.0,0.15000000000000002,-0.04000000000000001,0.15000000000000002,0.20000000000000018,0.04999999999999999,1.959,0.0,1.329,0.0,0.63,0.0,0.741,0.0,1.3862285654790514,0.0,0.2850516522394571,0.0,0.514,0.0,0.2217,0.7231,0.0778,0,0.62,0,0,0,31.0,25.0,4.0,0.0,0.1578947368421052,0.0,0.5139,0.4692,0.4953,0.48,0.37,0.42,0.03390000000000004,0.09920000000000001,0.07530000000000003,1
0.0,0.0,0.5,0.5,0,0,1.0,8.397940008672037,8.397940008672037,0.0,6.0,81.5,0.0,0.0,0.0,0,0,-4,0.1999999999999993,-3.0,-1500.0,0.050000000000000044,0.04000000000000001,-0.21999999999999997,-0.8000000000000003,-0.04999999999999999,2.05,2.019,1.34,1.24,0.71,0.7789999999999999,-0.0499999999999999,0.6809999999999999,0.9690345848123084,1.3873215883112155,0.3163682804721246,0.4047893828208005,0.0,0.2578,0.0,0.0,0.0,0,0.55,1,-1,-1,31.0,30.1,2.0,2.0,0.02392344497607657,0.0,0.4471,0.352,0.4051,0.5059,0.3877,0.465,-0.05880000000000002,-0.03570000000000001,-0.05990000000000001,1
0.0,0.0,0.5,0.5,0,0,1.2,8.477121254719663,8.397940008672037,1.0,-0.5,82.0,0.0,0.0,0.0,0,0,3,0.1999999999999993,5.0,-4000.0,0.15000000000000002,-0.04000000000000001,0.15000000000000002,0.20000000000000018,0.04999999999999999,1.959,2.05,1.329,1.34,0.63,0.71,0.741,-0.0499999999999999,1.3862285654790514,0.9690345848123084,0.2850516522394571,0.3163682804721246,0.514,0.0,0.2217,0.7231,0.0778,0,0.62,0,0,0,31.0,31.0,4.0,2.0,0.0,0.0,0.5139,0.4692,0.4953,0.4471,0.352,0.4051,0.06680000000000003,0.11720000000000003,0.0902,1
0.0,0.0,0.5,0.5,0,0,5.0,8.397940008672037,7.698970004336019,7.5,1.0,80.5,0.0,0.0,0.0,0,0,6,-0.1999999999999993,3.0,1500.0,-0.050000000000000044,-0.04000000000000001,0.21999999999999997,0.8000000000000003,0.04999999999999999,2.019,0.0,1.24,0.0,0.7789999999999999,0.0,0.6809999999999999,0.0,1.3873215883112155,0.0,0.4047893828208005,0.0,0.5328,0.0,0.2094,0.6017,0.0808,1,0.62,0,1,1,30.1,25.0,2.0,0.0,0.13397129186602863,0.0,0.5059,0.3877,0.465,0.48,0.37,0.42,0.025900000000000034,0.017699999999999994,0.04500000000000004,0
0.0,0.0,0.5,0.5,0,0,0.8333333333333334,8.397940008672037,8.477121254719663,-1.0,-5.5,80.5,0.0,0.0,0.0,0,0,1,-0.3999999999999986,-2.0,5500.0,-0.20000000000000007,0.0,0.06999999999999995,0.6000000000000001,0.0,2.019,1.959,1.24,1.329,0.7789999999999999,0.63,0.6809999999999999,0.741,1.3873215883112155,1.3862285654790514,0.4047893828208005,0.2850516522394571,0.5328,0.2643,0.2094,0.6017,0.0808,1,0.62,0,1,1,30.1,31.0,2.0,4.0,-0.02392344497607657,0.0,0.5059,0.3877,0.465,0.5139,0.4692,0.4953,-0.008000000000000007,-0.08150000000000002,-0.030299999999999994,0
0.0,0.0,0.5,0.5,0,0,0.2,7.698970004336019,8.397940008672037,-7.5,-7.0,70.0,0.0,0.0,0.0,0,0,-2,0.0,0.0,0.0,0.0,0.0,0.0,0.0,0.0,0.0,2.05,0.0,1.34,0.0,0.71,0.0,-0.0499999999999999,0.0,0.9690345848123084,0.0,0.3163682804721246,0.0,0.0,0.0,0.0,0.0,0,0.45,0,0,0,25.0,31.0,0.0,2.0,-0.1578947368421052,0.0,0.48,0.37,0.42,0.4471,0.352,0.4051,0.032899999999999985,0.018000000000000016,0.014899999999999969,1
0.0,0.0,0.5,0.5,0,0,9.0,8.653212513775344,7.698970004336019,10.0,9.0,84.0,0.0,0.0,0.0,2,5,13,-0.5,6.0,-1500.0,0.04999999999999993,-0.020000000000000004,0.25,0.30000000000000004,0.09999999999999998,2.161,0.0,1.17,0.0,0.991,0.0,0.439,0.0,1.0807602735652382,0.0,0.5795295026523193,0.0,0.639,0.0,0.189,0.6935,0.066,0,0.53,0,0,0,36.8,25.0,3.0,0.0,0.31100478468899506,0.0,0.5314,0.501,0.5217,0.48,0.37,0.42,0.0514,0.131,0.10170000000000007,0
0.0,0.0,0.5,0.5,0,0,24.0,9.079181246047625,7.698970004336019,14.0,8.0,88.5,0.0,0.0,0.0,1,3,15,-0.10000000000000142,7.0,-500.0,0.0,0.030000000000000027,0.13,0.40000000000000013,0.09999999999999998,2.341,0.0,1.067,0.0,1.274,0.0,0.359,0.0,1.1426634743995732,0.0,0.2724559087673128,0.0,0.6109,0.0,0.1611,0.6545,0.0492,0,0.62,1,0,0,42.2,25.0,12.0,0.0,0.45215311004784686,0.0,0.458,0.5375,0.5466,0.48,0.37,0.42,-0.021999999999999964,0.16749999999999998,0.1266,0
0.0,0.0,0.5,0.5,0,0,0.375,8.653212513775344,9.079181246047625,-4.0,1.0,84.0,0.0,0.0,0.0,1,2,-2,-0.3999999999999986,-1.0,-1000.0,0.04999999999999993,-0.2,-0.32999999999999996,-0.10000000000000009,0.0,2.161,2.341,1.17,1.067,0.991,1.274,0.439,0.359,1.0807602735652382,1.1426634743995732,0.5795295026523193,0.2724559087673128,0.639,0.228,0.189,0.6935,0.066,0,0.53,0,0,0,36.8,42.2,3.0,12.0,-0.1411483253588518,0.0,0.5314,0.501,0.5217,0.458,0.5375,0.5466,0.07339999999999997,-0.03649999999999998,-0.024899999999999922,1
0.0,0.0,0.5,0.5,0,0,1.0,7.698970004336019,7.698970004336019,0.0,0.0,70.0,0.0,0.0,0.0,0,0,0,0.0,0.0,0.0,0.0,0.15,0.44999999999999996,0.0,0.0,0.0,0.0,0.0,0.0,0.0,0.0,0.0,0.0,0.0,0.0,0.0,0.0,0.0,0.0,0.0,0.0,0.0,0,0.45,0,0,0,25.0,25.0,0.0,0.0,0.0,0.0,0.48,0.37,0.42,0.48,0.37,0.42,0.0,0.0,0.0,0
0.0,0.0,0.5,0.5,0,0,0.1111111111111111,7.698970004336019,8.653212513775344,-10.0,-9.0,70.0,0.0,0.0,0.0,-2,-5,-13,0.5,-6.0,1500.0,-0.04999999999999993,0.16999999999999998,0.19999999999999996,-0.30000000000000004,-0.09999999999999998,0.0,2.161,0.0,1.17,0.0,0.991,0.0,0.439,0.0,1.0807602735652382,0.0,0.5795295026523193,0.0,0.172,0.0,0.0,0.0,0,0.45,0,0,0,25.0,36.8,0.0,3.0,-0.31100478468899506,0.0,0.48,0.37,0.42,0.5314,0.501,0.5217,-0.0514,-0.131,-0.10170000000000007,0
0.0,0.0,0.5,0.5,0,0,0.041666666666666664,7.698970004336019,9.079181246047625,-14.0,-8.0,70.0,0.0,0.0,0.0,-1,-3,-15,0.10000000000000142,-7.0,500.0,0.0,-0.18000000000000002,-0.58,-0.40000000000000013,-0.09999999999999998,0.0,2.341,0.0,1.067,0.0,1.274,0.0,0.359,0.0,1.1426634743995732,0.0,0.2724559087673128,0.0,0.228,0.0,0.0,0.0,0,0.45,0,0,0,25.0,42.2,0.0,12.0,-0.45215311004784686,0.0,0.48,0.37,0.42,0.458,0.5375,0.5466,0.021999999999999964,-0.16749999999999998,-0.1266,0
0.0,0.0,0.5,0.5,0,0,1.2,8.380211241711606,8.301029995663981,1.0,-1.5,81.5,0.0,0.0,0.0,0,0,8,1.8000000000000007,11.0,3500.0,-0.15000000000000002,0.0,0.0,0.0,0.0,1.6960000000000002,1.939,1.391,1.535,0.305,0.404,-0.196,0.461,0.8891132124050513,1.1305019881189966,0.3092715455532385,0.3306374315033177,0.6244,0.236,0.1437,0.6265,0.0498,1,0.57,0,1,1,31.0,27.5,2.0,2.0,0.09090909090909083,0.0,0.3333,0.4488,0.4901,0.396,0.2938,0.3913,-0.06270000000000003,0.15499999999999997,0.0988,1
0.0,0.0,0.5,0.5,0,0,22.0,9.041392685158225,7.698970004336019,14.5,9.5,89.0,0.0,0.0,0.0,2,7,15,-0.3000000000000007,10.0,-200.0,0.0,0.0,0.52,0.7000000000000002,0.09999999999999998,2.804,0.0,0.5599999999999999,0.0,2.244,0.0,0.296,0.0,1.0649770760444726,0.0,0.2852756951130297,0.0,0.7185,0.0,0.05,0.6062,0.0885,3,0.68,2,3,1,42.2,25.0,12.0,0.0,0.45215311004784686,0.0,0.6507,0.6107,0.6607,0.48,0.37,0.42,0.17069999999999996,0.24070000000000003,0.24069999999999997,1
0.0,0.0,0.5,0.5,0,0,0.21818181818181817,8.380211241711606,9.041392685158225,-7.0,-5.0,81.5,0.0,0.0,0.0,-2,-7,-4,0.9000000000000021,0.0,200.0,0.0,0.0,-0.52,-0.7000000000000002,-0.09999999999999998,1.6960000000000002,2.804,1.391,0.5599999999999999,0.305,2.244,-0.196,0.296,0.8891132124050513,1.0649770760444726,0.3092715455532385,0.2852756951130297,0.6244,0.2349,0.1437,0.6265,0.0498,1,0.57,0,-2,0,31.0,42.2,2.0,12.0,-0.29425837320574166,0.0,0.3333,0.4488,0.4901,0.6507,0.6107,0.6607,-0.31739999999999996,-0.16190000000000004,-0.17059999999999997,0
0.0,0.0,0.5,0.5,0,0,0.25,7.698970004336019,8.301029995663981,-6.5,-6.0,70.0,0.0,0.0,0.0,0,0,-3,1.1999999999999993,1.0,3500.0,-0.15000000000000002,0.0,0.0,0.0,0.0,0.0,1.939,0.0,1.535,0.0,0.404,0.0,0.461,0.0,1.1305019881189966,0.0,0.3306374315033177,0.0,0.236,0.0,0.0,0.0,0,0.45,0,0,0,25.0,27.5,0.0,2.0,-0.06698564593301437,0.0,0.48,0.37,0.42,0.396,0.2938,0.3913,0.08399999999999996,0.07619999999999999,0.028700000000000003,0
0.0,0.0,0.5,0.5,0,0,0.20833333333333334,7.698970004336019,8.380211241711606,-7.5,-4.5,70.0,0.0,0.0,0.0,0,0,-11,-0.6000000000000014,-10.0,0.0,0.0,0.0,0.0,0.0,0.0,0.0,1.6960000000000002,0.0,1.391,0.0,0.305,0.0,-0.196,0.0,0.8891132124050513,0.0,0.3092715455532385,0.0,0.2319,0.0,0.0,0.0,0,0.45,0,-1,-1,25.0,31.0,0.0,2.0,-0.1578947368421052,0.0,0.48,0.37,0.42,0.3333,0.4488,0.4901,0.1467,-0.07879999999999998,-0.0701,0
0.0,0.0,0.5,0.5,0,0,0.18181818181818182,8.301029995663981,9.041392685158225,-8.0,-3.5,80.0,0.0,0.0,0.0,-2,-7,-12,-0.8999999999999986,-11.0,-3300.0,0.15000000000000002,0.0,-0.52,-0.7000000000000002,-0.09999999999999998,1.939,2.804,1.535,0.5599999999999999,0.404,2.244,0.461,0.296,1.1305019881189966,1.0649770760444726,0.3306374315033177,0.2852756951130297,0.5346,0.2349,0.2295,0.6943,0.0654,0,0.55,0,-3,-1,27.5,42.2,2.0,12.0,-0.3851674641148325,0.0,0.396,0.2938,0.3913,0.6507,0.6107,0.6607,-0.2546999999999999,-0.3169,-0.2694,0
0.0,0.0,0.5,0.5,0,0,9.444444444444445,8.929418925714293,7.954242509439325,10.5,7.5,88.0,0.0,0.0,0.0,3,6,17,1.0,20.0,-1500.0,0.04999999999999993,-0.020000000000000004,0.44999999999999996,0.8000000000000003,0.19999999999999996,2.884,1.301,0.95,1.702,1.934,-0.4009999999999999,0.616,-0.2009999999999999,1.2457596956683417,0.737245876731336,0.4170851232062826,0.4377327952073045,0.6331,0.0,0.1742,0.6174,0.0833,1,0.71,2,1,1,36.3,24.5,7.0,1.0,0.3110047846889953,0.0,0.7222,0.6642,0.7,0.4777,0.3365,0.4189,0.24449999999999994,0.3277,0.28109999999999996,1
0.0,0.0,0.5,0.5,0,0,0.9,7.653212513775344,7.698970004336019,2.5,1.5,76.5,0.0,0.0,0.0,0,0,0,0.0,0.0,0.0,0.0,0.0,0.0,0.0,0.0,1.375,0.0,1.632,0.0,-0.257,0.0,0.125,0.0,1.078173606970716,0.0,0.5094932122544257,0.0,0.4759,0.2457,0.1547,0.6154,0.0539,0,0.48,0,0,0,23.9,25.0,0.0,0.0,-0.028708133971291905,0.0,0.5315,0.3408,0.4142,0.48,0.37,0.42,0.05149999999999999,-0.029200000000000004,-0.005799999999999972,0
0.0,0.0,0.5,0.5,0,0,18.88888888888889,8.929418925714293,7.653212513775344,11.5,7.0,88.0,0.0,0.0,0.0,3,6,17,1.0,20.0,-1500.0,0.04999999999999993,-0.020000000000000004,0.44999999999999996,0.8000000000000003,0.19999999999999996,2.884,1.375,0.95,1.632,1.934,-0.257,0.616,0.125,1.2457596956683417,1.078173606970716,0.4170851232062826,0.5094932122544257,0.6331,0.3694,0.1742,0.6174,0.0833,1,0.71,2,1,1,36.3,23.9,7.0,0.0,0.3253588516746412,0.0,0.7222,0.6642,0.7,0.5315,0.3408,0.4142,0.19069999999999998,0.3234,0.28579999999999994,1
0.0,0.0,0.5,0.5,0,0,0.5555555555555556,7.698970004336019,7.954242509439325,-3.5,-1.0,70.0,0.0,0.0,0.0,0,0,0,0.0,0.0,0.0,0.0,0.0,0.0,0.0,0.0,0.0,1.301,0.0,1.702,0.0,-0.4009999999999999,0.0,-0.2009999999999999,0.0,0.737245876731336,0.0,0.4377327952073045,0.423,0.0,0.3313,0.636,0.0569,0,0.45,0,0,0,25.0,24.5,0.0,1.0,0.014354066985646008,0.0,0.48,0.37,0.42,0.4777,0.3365,0.4189,0.0022999999999999687,0.033499999999999974,0.0010999999999999899,1
0.0,0.0,0.5,0.5,0,0,0.058823529411764705,7.698970004336019,8.929418925714293,-14.0,-8.5,70.0,0.0,0.0,0.0,-3,-6,-17,-1.0,-20.0,1500.0,-0.04999999999999993,0.020000000000000004,-0.44999999999999996,-0.8000000000000003,-0.19999999999999996,0.0,2.884,0.0,0.95,0.0,1.934,0.0,0.616,0.0,1.2457596956683417,0.0,0.4170851232062826,0.423,0.1927,0.3313,0.636,0.0569,0,0.45,0,-1,-1,25.0,36.3,0.0,7.0,-0.2966507177033493,0.0,0.48,0.37,0.42,0.7222,0.6642,0.7,-0.24219999999999997,-0.2942,-0.27999999999999997,0
0.0,0.0,0.5,0.5,0,0,2.0,7.954242509439325,7.653212513775344,1.0,-0.5,77.0,0.0,0.0,0.0,0,0,0,0.0,0.0,0.0,0.0,0.0,0.0,0.0,0.0,1.301,1.375,1.702,1.632,-0.4009999999999999,-0.257,-0.2009999999999999,0.125,0.737245876731336,1.078173606970716,0.4377327952073045,0.5094932122544257,0.0,0.3694,0.0,0.0,0.0,0,0.45,0,0,0,24.5,23.9,1.0,0.0,0.014354066985645897,0.0,0.4777,0.3365,0.4189,0.5315,0.3408,0.4142,-0.05379999999999996,-0.0042999999999999705,0.004699999999999982,1
0.0,0.0,0.5,0.5,0,0,1.1,8.342422680822207,8.301029995663981,0.0,-0.5,80.0,0.0,0.0,0.0,0,-4,5,0.3999999999999986,11.0,-7500.0,0.29999999999999993,0.24999999999999997,-0.12,-0.09999999999999987,-0.050000000000000044,1.7739999999999998,1.599,1.399,1.173,0.375,0.426,-0.2739999999999999,0.1009999999999999,0.8012143853944391,0.9320745946735548,0.301485212462126,0.3812100616603805,0.5765,0.2383,0.2085,0.7166,0.0536,2,0.55,0,2,1,25.0,25.6,1.0,1.0,-0.01674641148325351,0.0,0.467,0.3049,0.3458,0.4689,0.3119,0.418,-0.0018999999999999573,-0.007000000000000006,-0.07219999999999999,0
0.0,0.0,0.5,0.5,0,0,0.24,8.255272505103306,8.8750612633917,-7.0,-5.5,81.0,0.0,0.0,0.0,-4,-12,-9,-0.6999999999999993,-9.0,1800.0,0.0,-0.14,-0.47,-0.09999999999999987,0.0,1.7420000000000002,2.428,1.473,0.876,0.269,1.552,0.758,-0.0279999999999999,1.5093139957020203,0.9223655810598944,0.4204177816305003,0.4258533915693417,0.613,0.223,0.1143,0.8314,0.0437,0,0.5,0,0,0,27.6,38.7,0.0,10.0,-0.29186602870813383,0.0,0.415,0.3381,0.4039,0.7582,0.5095,0.703,-0.3432,-0.17139999999999994,-0.2991,1
0.0,0.0,0.5,0.5,0,0,3.75,8.8750612633917,8.301029995663981,6.0,3.5,86.5,0.0,0.0,0.0,4,9,8,0.6999999999999993,9.0,200.0,-0.050000000000000044,0.12,0.44999999999999996,0.30000000000000004,0.0,2.428,1.599,0.876,1.173,1.552,0.426,-0.0279999999999999,0.1009999999999999,0.9223655810598944,0.9320745946735548,0.4258533915693417,0.3812100616603805,0.5733,0.2383,0.2037,0.6876,0.0583,0,0.58,0,0,0,38.7,25.6,10.0,1.0,0.3444976076555023,0.0,0.7582,0.5095,0.703,0.4689,0.3119,0.418,0.2893,0.19759999999999994,0.285,1
0.0,0.0,0.5,0.5,0,0,0.8181818181818182,8.255272505103306,8.342422680822207,-1.0,-1.5,81.0,0.0,0.0,0.0,0,1,-6,-0.3999999999999986,-11.0,9500.0,-0.35,-0.26999999999999996,0.09999999999999998,0.30000000000000004,0.050000000000000044,1.7420000000000002,1.7739999999999998,1.473,1.399,0.269,0.375,0.758,-0.2739999999999999,1.5093139957020203,0.8012143853944391,0.4204177816305003,0.301485212462126,0.613,0.215,0.1143,0.8314,0.0437,0,0.5,0,-2,-1,27.6,25.0,0.0,1.0,0.06937799043062198,0.0,0.415,0.3381,0.4039,0.467,0.3049,0.3458,-0.052000000000000046,0.03320000000000001,0.058099999999999985,0
0.0,0.0,0.5,0.5,0,0,1.1111111111111112,8.301029995663981,8.255272505103306,1.0,2.0,81.0,0.0,0.0,0.0,0,3,1,0.0,0.0,-2000.0,0.050000000000000044,0.020000000000000004,0.020000000000000018,-0.20000000000000018,0.0,1.599,1.7420000000000002,1.173,1.473,0.426,0.269,0.1009999999999999,0.758,0.9320745946735548,1.5093139957020203,0.3812100616603805,0.4204177816305003,0.4719,0.2727,0.2898,0.8452,0.0678,0,0.53,0,0,0,25.6,27.6,1.0,0.0,-0.052631578947368474,0.0,0.4689,0.3119,0.418,0.415,0.3381,0.4039,0.0539,-0.0262,0.014100000000000001,1
0.0,0.0,0.5,0.5,0,0,3.409090909090909,8.8750612633917,8.342422680822207,6.0,4.0,86.5,0.0,0.0,0.0,4,13,3,0.3000000000000007,-2.0,7700.0,-0.35,-0.12999999999999998,0.57,0.3999999999999999,0.050000000000000044,2.428,1.7739999999999998,0.876,1.399,1.552,0.375,-0.0279999999999999,-0.2739999999999999,0.9223655810598944,0.8012143853944391,0.4258533915693417,0.301485212462126,0.5733,0.215,0.2037,0.6876,0.0583,0,0.58,0,-2,-1,38.7,25.0,10.0,1.0,0.3612440191387558,0.0,0.7582,0.5095,0.703,0.467,0.3049,0.3458,0.29119999999999996,0.20459999999999995,0.35719999999999996,0
0.0,0.0,0.5,0.5,0,0,4.8,8.380211241711606,7.698970004336019,7.5,4.5,81.5,0.0,0.0,0.0,0,0,11,0.6000000000000014,10.0,0.0,0.0,0.0,0.0,0.0,0.0,1.6960000000000002,0.0,1.391,0.0,0.305,0.0,-0.196,0.0,0.8891132124050513,0.0,0.3092715455532385,0.0,0.6244,0.0,0.1437,0.6265,0.0498,1,0.57,0,1,1,31.0,25.0,2.0,0.0,0.1578947368421052,0.0,0.3333,0.4488,0.4901,0.48,0.37,0.42,-0.1467,0.07879999999999998,0.0701,0
0.0,0.0,0.5,0.5,0,0,0.05,7.698970004336019,9.0,-13.5,-7.0,70.0,0.0,0.0,0.0,-5,-11,-21,-0.3000000000000007,-13.0,2500.0,-0.09999999999999998,0.04000000000000001,-0.41999999999999993,-0.5,-0.09999999999999998,0.0,2.451,0.0,0.825,0.0,1.626,0.0,0.349,0.0,1.1980330911358643,0.0,0.3834478089938996,0.5336,0.1945,0.158,0.7568,0.0614,0,0.45,0,0,0,25.0,39.1,0.0,9.0,-0.3708133971291867,0.0,0.48,0.37,0.42,0.64,0.5449,0.7004,-0.16000000000000003,-0.17490000000000006,-0.28040000000000004,0
0.0,0.0,0.5,0.5,0,0,0.20833333333333334,7.698970004336019,8.380211241711606,-7.5,-4.5,70.0,0.0,0.0,0.0,0,0,-11,-0.6000000000000014,-10.0,0.0,0.0,0.0,0.0,0.0,0.0,0.0,1.6960000000000002,0.0,1.391,0.0,0.305,0.0,-0.196,0.0,0.8891132124050513,0.0,0.3092715455532385,0.5336,0.2319,0.158,0.7568,0.0614,0,0.45,0,-1,-1,25.0,31.0,0.0,2.0,-0.1578947368421052,0.0,0.48,0.37,0.42,0.3333,0.4488,0.4901,0.1467,-0.07879999999999998,-0.0701,0
0.0,0.0,0.5,0.5,0,0,20.0,9.0,7.698970004336019,13.5,7.0,87.5,0.0,0.0,0.0,5,11,21,0.3000000000000007,13.0,-2500.0,0.09999999999999998,-0.04000000000000001,0.41999999999999993,0.5,0.09999999999999998,2.451,0.0,0.825,0.0,1.626,0.0,0.349,0.0,1.1980330911358643,0.0,0.3834478089938996,0.0,0.6748,0.0,0.1307,0.8196,0.0699,0,0.6,0,0,0,39.1,25.0,9.0,0.0,0.3708133971291867,0.0,0.64,0.5449,0.7004,0.48,0.37,0.42,0.16000000000000003,0.17490000000000006,0.28040000000000004,1
0.0,0.0,0.5,0.5,0,0,4.166666666666667,9.0,8.380211241711606,6.0,2.5,87.5,0.0,0.0,0.0,5,11,10,-0.3000000000000007,3.0,-2500.0,0.09999999999999998,-0.04000000000000001,0.41999999999999993,0.5,0.09999999999999998,2.451,1.6960000000000002,0.825,1.391,1.626,0.305,0.349,-0.196,1.1980330911358643,0.8891132124050513,0.3834478089938996,0.3092715455532385,0.6748,0.2319,0.1307,0.8196,0.0699,0,0.6,0,-1,-1,39.1,31.0,9.0,2.0,0.2129186602870815,0.0,0.64,0.5449,0.7004,0.3333,0.4488,0.4901,0.30670000000000003,0.09610000000000007,0.21030000000000004,0
0.0,0.0,0.5,0.5,0,0,1.0,7.698970004336019,7.698970004336019,0.0,0.0,70.0,0.0,0.0,0.0,0,0,0,0.0,0.0,0.0,0.0,0.0,0.0,0.0,0.0,0.0,0.0,0.0,0.0,0.0,0.0,0.0,0.0,0.0,0.0,0.0,0.0,0.0,0.3084,0.0,0.0,0.0,0,0.45,0,0,0,25.0,25.0,0.0,0.0,0.0,0.0,0.48,0.37,0.42,0.48,0.37,0.42,0.0,0.0,0.0,0
0.0,0.0,0.5,0.5,0,0,0.17857142857142858,7.698970004336019,8.44715803134222,-9.5,-3.0,70.0,0.0,0.0,0.0,0,-3,-5,-1.6999999999999993,-17.0,0.0,0.0,0.0,-0.29999999999999993,0.0,0.0,0.0,2.037,0.0,1.185,0.0,0.852,0.0,-0.737,0.0,0.6589823082323523,0.0,0.3983312412776303,0.0,0.1764,0.0,0.0,0.0,0,0.45,0,-2,-1,25.0,34.3,0.0,6.0,-0.2440191387559807,0.0,0.48,0.37,0.42,0.6477,0.4914,0.547,-0.16770000000000007,-0.12140000000000001,-0.12700000000000006,0
0.0,0.0,0.5,0.5,0,0,0.058823529411764705,7.698970004336019,8.929418925714293,-14.0,-8.5,70.0,0.0,0.0,0.0,-3,-6,-17,-1.0,-20.0,1500.0,-0.04999999999999993,0.020000000000000004,-0.44999999999999996,-0.8000000000000003,-0.19999999999999996,0.0,2.884,0.0,0.95,0.0,1.934,0.0,0.616,0.0,1.2457596956683417,0.0,0.4170851232062826,0.423,0.1927,0.3313,0.636,0.0569,0,0.45,0,-1,-1,25.0,36.3,0.0,7.0,-0.2966507177033493,0.0,0.48,0.37,0.42,0.7222,0.6642,0.7,-0.24219999999999997,-0.2942,-0.27999999999999997,0
0.0,0.0,0.5,0.5,0,0,1.0,7.698970004336019,7.698970004336019,0.0,0.0,70.0,0.0,0.0,0.0,0,0,0,0.0,0.0,0.0,0.0,0.0,0.0,0.0,0.0,0.0,0.0,0.0,0.0,0.0,0.0,0.0,0.0,0.0,0.0,0.0,0.0,0.423,0.0,0.3313,0.636,0.0569,0,0.45,0,0,0,25.0,25.0,0.0,0.0,0.0,0.0,0.48,0.37,0.42,0.48,0.37,0.42,0.0,0.0,0.0,1
0.0,0.0,0.5,0.5,0,0,3.0357142857142856,8.929418925714293,8.44715803134222,4.5,5.5,88.0,0.0,0.0,0.0,3,3,12,-0.6999999999999993,3.0,-1500.0,0.04999999999999993,-0.020000000000000004,0.15000000000000002,0.8000000000000003,0.19999999999999996,2.884,2.037,0.95,1.185,1.934,0.852,0.616,-0.737,1.2457596956683417,0.6589823082323523,0.4170851232062826,0.3983312412776303,0.6331,0.1764,0.1742,0.6174,0.0833,1,0.71,2,-1,0,36.3,34.3,7.0,6.0,0.052631578947368585,0.0,0.7222,0.6642,0.7,0.6477,0.4914,0.547,0.0744999999999999,0.1728,0.1529999999999999,0
0.0,0.0,0.5,0.5,0,0,5.6,8.44715803134222,7.698970004336019,9.5,3.0,83.5,0.0,0.0,0.0,0,3,5,1.6999999999999993,17.0,0.0,0.0,0.0,0.29999999999999993,0.0,0.0,2.037,0.0,1.185,0.0,0.852,0.0,-0.737,0.0,0.6589823082323523,0.0,0.3983312412776303,0.0,0.6025,0.2457,0.2211,0.6103,0.0855,2,0.6,0,2,1,34.3,25.0,6.0,0.0,0.2440191387559807,0.0,0.6477,0.4914,0.547,0.48,0.37,0.42,0.16770000000000007,0.12140000000000001,0.12700000000000006,1
0.0,0.0,0.5,0.5,0,0,17.0,8.929418925714293,7.698970004336019,14.0,8.5,88.0,0.0,0.0,0.0,3,6,17,1.0,20.0,-1500.0,0.04999999999999993,-0.020000000000000004,0.44999999999999996,0.8000000000000003,0.19999999999999996,2.884,0.0,0.95,0.0,1.934,0.0,0.616,0.0,1.2457596956683417,0.0,0.4170851232062826,0.0,0.6331,0.0,0.1742,0.6174,0.0833,1,0.71,2,1,1,36.3,25.0,7.0,0.0,0.2966507177033493,0.0,0.7222,0.6642,0.7,0.48,0.37,0.42,0.24219999999999997,0.2942,0.27999999999999997,0
0.0,0.0,0.5,0.5,0,0,0.9,7.653212513775344,7.698970004336019,2.0,2.0,75.5,0.0,0.0,0.0,0,0,5,0.0,0.0,0.0,0.0,0.0,0.0,0.0,0.0,1.298,0.0,1.684,0.0,-0.386,0.0,0.202,0.0,1.2667385824722657,0.0,0.4647293118938521,0.0,0.5865,0.2673,0.1176,0.8662,0.0636,0,0.48,0,0,0,25.5,25.0,0.0,0.0,0.014354066985645897,0.0,0.4629,0.3785,0.4231,0.48,0.37,0.42,-0.017100000000000004,0.008500000000000008,0.0030999999999999917,0
0.0,0.0,0.5,0.5,0,0,0.045454545454545456,7.698970004336019,9.041392685158225,-14.5,-9.5,70.0,0.0,0.0,0.0,-2,-7,-15,0.3000000000000007,-10.0,200.0,0.0,0.0,-0.52,-0.7000000000000002,-0.09999999999999998,0.0,2.804,0.0,0.5599999999999999,0.0,2.244,0.0,0.296,0.0,1.0649770760444726,0.0,0.2852756951130297,0.5263,0.2349,0.2429,0.8909,0.0788,0,0.45,0,-3,-1,25.0,42.2,0.0,12.0,-0.45215311004784686,0.0,0.48,0.37,0.42,0.6507,0.6107,0.6607,-0.17069999999999996,-0.24070000000000003,-0.24069999999999997,0
0.0,0.0,0.5,0.5,0,0,22.0,9.041392685158225,7.698970004336019,14.5,9.5,89.0,0.0,0.0,0.0,2,7,15,-0.3000000000000007,10.0,-200.0,0.0,0.0,0.52,0.7000000000000002,0.09999999999999998,2.804,0.0,0.5599999999999999,0.0,2.244,0.0,0.296,0.0,1.0649770760444726,0.0,0.2852756951130297,0.0,0.7185,0.2673,0.05,0.6062,0.0885,3,0.68,2,3,1,42.2,25.0,12.0,0.0,0.45215311004784686,0.0,0.6507,0.6107,0.6607,0.48,0.37,0.42,0.17069999999999996,0.24070000000000003,0.24069999999999997,1
0.0,0.0,0.5,0.5,0,0,1.1111111111111112,7.698970004336019,7.653212513775344,-2.0,-2.0,70.0,0.0,0.0,0.0,0,0,-5,0.0,0.0,0.0,0.0,0.0,0.0,0.0,0.0,0.0,1.298,0.0,1.684,0.0,-0.386,0.0,0.202,0.0,1.2667385824722657,0.0,0.4647293118938521,0.5263,0.2959,0.2429,0.8909,0.0788,0,0.45,0,0,0,25.0,25.5,0.0,0.0,-0.014354066985645897,0.0,0.48,0.37,0.42,0.4629,0.3785,0.4231,0.017100000000000004,-0.008500000000000008,-0.0030999999999999917,0
0.0,0.0,0.5,0.5,0,0,1.0,7.698970004336019,7.698970004336019,0.0,0.0,70.0,0.0,0.0,0.0,0,0,0,0.0,0.0,0.0,0.0,0.0,0.0,0.0,0.0,0.0,0.0,0.0,0.0,0.0,0.0,0.0,0.0,0.0,0.0,0.0,0.0,0.5604,0.2308,0.1723,0.8411,0.0493,0,0.45,0,0,0,25.0,25.0,0.0,0.0,0.0,0.0,0.48,0.37,0.42,0.48,0.37,0.42,0.0,0.0,0.0,0
0.0,0.0,0.5,0.5,0,0,24.444444444444443,9.041392685158225,7.653212513775344,12.5,7.5,89.0,0.0,0.0,0.0,2,7,10,-0.3000000000000007,10.0,-200.0,0.0,0.0,0.52,0.7000000000000002,0.09999999999999998,2.804,1.298,0.5599999999999999,1.684,2.244,-0.386,0.296,0.202,1.0649770760444726,1.2667385824722657,0.2852756951130297,0.4647293118938521,0.7185,0.2959,0.05,0.6062,0.0885,3,0.68,2,3,1,42.2,25.5,12.0,0.0,0.43779904306220097,0.0,0.6507,0.6107,0.6607,0.4629,0.3785,0.4231,0.18779999999999997,0.23220000000000002,0.23759999999999998,1
0.0,0.0,0.5,0.5,0,0,2.4285714285714284,8.929418925714293,8.544068044350276,4.799999999999997,1.0,87.5,0.0,0.0,0.0,1,1,10,-1.0,-1.0,-500.0,-0.050000000000000044,0.15999999999999998,0.19999999999999996,0.6000000000000001,0.04999999999999993,2.592,1.7559999999999998,0.939,1.164,1.653,0.592,0.108,0.244,0.9731844800911872,1.1196847912652483,0.4399949494659632,0.1581981879373676,0.6413,0.2251,0.2269,0.7296,0.0546,0,0.67,1,-1,-1,42.3,32.5,12.0,5.0,0.2583732057416269,0.0,0.4564,0.5811,0.6325,0.6861,0.3787,0.5068,-0.22970000000000007,0.20239999999999997,0.12569999999999992,0
0.0,0.0,0.5,0.5,0,0,0.05,7.653212513775344,8.954242509439325,-11.0,-5.0,76.5,0.0,0.0,0.0,0,-2,-7,-0.6999999999999993,-13.0,0.0,-0.04999999999999993,-0.01999999999999999,-0.4,-1.0,-0.09999999999999998,1.375,2.591,1.632,0.97,-0.257,1.621,0.125,0.709,1.078173606970716,1.1798394922132849,0.5094932122544257,0.3362356977544835,0.4759,0.2035,0.1547,0.6154,0.0539,0,0.48,0,0,0,23.9,39.1,0.0,7.0,-0.3995215311004786,0.0,0.5315,0.3408,0.4142,0.6152,0.5548,0.5951,-0.0837,-0.21399999999999997,-0.18089999999999995,0
0.0,0.0,0.5,0.5,0,0,0.052941176470588235,7.653212513775344,8.929418925714293,-11.299999999999997,-3.5,76.5,0.0,0.0,0.0,-1,-2,-15,1.0,-3.0,0.0,-0.04999999999999993,-0.13999999999999999,-0.48,-0.6000000000000001,-0.19999999999999996,1.375,2.592,1.632,0.939,-0.257,1.653,0.125,0.108,1.078173606970716,0.9731844800911872,0.5094932122544257,0.4399949494659632,0.4759,0.1318,0.1547,0.6154,0.0539,0,0.48,0,0,0,23.9,42.3,0.0,12.0,-0.4832535885167465,0.0,0.5315,0.3408,0.4142,0.4564,0.5811,0.6325,0.0751,-0.24029999999999996,-0.21829999999999994,0
0.0,0.0,0.5,0.5,0,0,2.5714285714285716,8.954242509439325,8.544068044350276,4.5,2.5,87.0,0.0,0.0,0.0,0,1,2,0.6999999999999993,9.0,-500.0,-0.050000000000000044,0.039999999999999994,0.12,1.0,-0.050000000000000044,2.591,1.7559999999999998,0.97,1.164,1.621,0.592,0.709,0.244,1.1798394922132849,1.1196847912652483,0.3362356977544835,0.1581981879373676,0.692,0.2251,0.1045,0.6599,0.0657,0,0.65,0,-1,-1,39.1,32.5,7.0,5.0,0.17464114832535904,0.0,0.6152,0.5548,0.5951,0.6861,0.3787,0.5068,-0.07090000000000007,0.17609999999999998,0.08829999999999993,1
0.0,0.0,0.5,0.5,0,0,1.0588235294117647,8.954242509439325,8.929418925714293,-0.29999999999999716,1.5,87.0,0.0,0.0,0.0,-1,0,-8,1.6999999999999993,10.0,0.0,0.0,-0.12,-0.07999999999999996,0.3999999999999999,-0.09999999999999998,2.591,2.592,0.97,0.939,1.621,1.653,0.709,0.108,1.1798394922132849,0.9731844800911872,0.3362356977544835,0.4399949494659632,0.692,0.1318,0.1045,0.6599,0.0657,0,0.65,0,0,0,39.1,42.3,7.0,12.0,-0.08373205741626788,0.0,0.6152,0.5548,0.5951,0.4564,0.5811,0.6325,0.1588,-0.02629999999999999,-0.03739999999999999,0
0.0,0.0,0.5,0.5,0,0,7.777777777777778,8.544068044350276,7.653212513775344,6.5,2.5,83.0,0.0,0.0,0.0,0,1,5,0.0,4.0,500.0,0.09999999999999998,-0.020000000000000004,0.28,0.0,0.15000000000000002,1.7559999999999998,1.375,1.164,1.632,0.592,-0.257,0.244,0.125,1.1196847912652483,1.078173606970716,0.1581981879373676,0.5094932122544257,0.5143,0.3694,0.2606,0.8589,0.0712,1,0.64,0,1,1,32.5,23.9,5.0,0.0,0.22488038277511957,0.0,0.6861,0.3787,0.5068,0.5315,0.3408,0.4142,0.15460000000000007,0.03789999999999999,0.09260000000000002,0
0.0,0.0,0.5,0.5,0,0,0.2916666666666667,7.544068044350276,8.079181246047625,-3.0,-1.5,74.5,0.0,0.0,0.0,0,0,3,0.0,0.0,0.0,0.0,0.55,-0.38,0.0,0.0,1.287,1.764,1.825,1.675,-0.5379999999999999,0.089,-0.187,-0.064,0.9046575994599472,0.9638575780728784,0.3522010158354963,0.284026602822889,0.3822,0.2807,0.3501,0.6855,0.0418,1,0.52,2,1,0,25.0,25.3,1.0,0.0,-0.0071770334928229484,0.0,0.489,0.3711,0.4313,0.4741,0.3382,0.414,0.014899999999999969,0.032899999999999985,0.017300000000000038,1
0.0,0.0,0.5,0.5,0,0,9.0,8.653212513775344,7.698970004336019,10.0,9.0,84.0,0.0,0.0,0.0,2,5,13,-0.5,6.0,-1500.0,0.04999999999999993,-0.020000000000000004,0.25,0.30000000000000004,0.09999999999999998,2.161,0.0,1.17,0.0,0.991,0.0,0.439,0.0,1.0807602735652382,0.0,0.5795295026523193,0.0,0.639,0.0,0.189,0.6935,0.066,0,0.53,0,0,0,36.8,25.0,3.0,0.0,0.31100478468899506,0.0,0.5314,0.501,0.5217,0.48,0.37,0.42,0.0514,0.131,0.10170000000000007,1
0.0,0.0,0.5,0.5,0,0,12.857142857142858,8.653212513775344,7.544068044350276,8.5,10.5,84.0,0.0,0.0,0.0,2,5,8,-0.5,6.0,-1500.0,0.04999999999999993,-0.5700000000000001,0.63,0.30000000000000004,0.09999999999999998,2.161,1.287,1.17,1.825,0.991,-0.5379999999999999,0.439,-0.187,1.0807602735652382,0.9046575994599472,0.5795295026523193,0.3522010158354963,0.639,0.2677,0.189,0.6935,0.066,0,0.53,0,-1,0,36.8,25.0,3.0,1.0,0.31100478468899506,0.0,0.5314,0.501,0.5217,0.489,0.3711,0.4313,0.04239999999999999,0.12990000000000002,0.09040000000000004,1
0.0,0.0,0.5,0.5,0,0,0.4166666666666667,7.698970004336019,8.079181246047625,-4.5,0.0,70.0,0.0,0.0,0.0,0,0,-2,0.0,0.0,0.0,0.0,0.0,0.0,0.0,0.0,0.0,1.764,0.0,1.675,0.0,0.089,0.0,-0.064,0.0,0.9638575780728784,0.0,0.284026602822889,0.0,0.2807,0.0,0.0,0.0,0,0.45,0,0,0,25.0,25.3,0.0,0.0,-0.0071770334928229484,0.0,0.48,0.37,0.42,0.4741,0.3382,0.414,0.005899999999999961,0.031799999999999995,0.006000000000000005,1
0.0,0.0,0.5,0.5,0,0,0.26666666666666666,8.079181246047625,8.653212513775344,-5.5,-9.0,80.5,0.0,0.0,0.0,-2,-5,-11,0.5,-6.0,1500.0,-0.04999999999999993,0.020000000000000004,-0.25,-0.30000000000000004,-0.09999999999999998,1.764,2.161,1.675,1.17,0.089,0.991,-0.064,0.439,0.9638575780728784,1.0807602735652382,0.284026602822889,0.5795295026523193,0.4805,0.172,0.2388,0.7556,0.0752,0,0.52,0,0,0,25.3,36.8,0.0,3.0,-0.3038277511961721,0.0,0.4741,0.3382,0.414,0.5314,0.501,0.5217,-0.05729999999999996,-0.1628,-0.10770000000000007,0
0.0,0.0,0.5,0.5,0,0,1.4285714285714286,7.698970004336019,7.544068044350276,-1.5,1.5,70.0,0.0,0.0,0.0,0,0,-5,0.0,0.0,0.0,0.0,-0.55,0.38,0.0,0.0,0.0,1.287,0.0,1.825,0.0,-0.5379999999999999,0.0,-0.187,0.0,0.9046575994599472,0.0,0.3522010158354963,0.0,0.2677,0.0,0.0,0.0,0,0.45,0,-1,0,25.0,25.0,0.0,1.0,0.0,0.0,0.48,0.37,0.42,0.489,0.3711,0.4313,-0.009000000000000008,-0.0010999999999999899,-0.011300000000000032,1
0.0,0.0,0.5,0.5,0,0,20.0,8.698970004336019,7.3979400086720375,11.0,6.5,84.5,0.0,0.0,0.0,0,2,13,1.3000000000000007,15.0,300.0,-0.050000000000000044,-0.020000000000000004,0.35,0.20000000000000018,0.04999999999999999,2.002,1.15,1.323,1.904,0.6789999999999999,-0.7539999999999999,-0.1019999999999999,-0.05,0.9431066534244954,1.1563847112999333,0.3376651859131732,0.4294440850939994,0.5783,0.0,0.2167,0.8053,0.062,0,0.52,0,0,0,34.1,24.9,10.0,0.0,0.2416267942583733,0.0,0.4786,0.471,0.4919,0.4683,0.3331,0.4327,0.010300000000000031,0.13789999999999997,0.05920000000000003,1
0.0,0.0,0.5,0.5,0,0,0.05,7.778151250383644,9.079181246047625,-11.5,-7.0,76.0,0.0,0.0,0.0,-1,-3,-10,0.10000000000000142,-7.0,500.0,0.0,-0.18000000000000002,-0.58,-0.40000000000000013,-0.09999999999999998,1.372,2.341,1.892,1.067,-0.5199999999999999,1.274,0.628,0.359,1.5354699312272966,1.1426634743995732,0.2863098554596634,0.2724559087673128,0.0,0.228,0.0,0.0,0.0,1,0.47,0,1,0,26.7,42.2,0.0,12.0,-0.40669856459330145,0.0,0.4658,0.3327,0.4275,0.458,0.5375,0.5466,0.007799999999999974,-0.20479999999999998,-0.11909999999999998,0
0.0,0.0,0.5,0.5,0,0,8.333333333333334,8.698970004336019,7.778151250383644,8.0,3.5,84.5,0.0,0.0,0.0,0,2,8,1.3000000000000007,15.0,300.0,-0.050000000000000044,-0.020000000000000004,0.35,0.20000000000000018,0.04999999999999999,2.002,1.372,1.323,1.892,0.6789999999999999,-0.5199999999999999,-0.1019999999999999,0.628,0.9431066534244954,1.5354699312272966,0.3376651859131732,0.2863098554596634,0.5783,0.0,0.2167,0.8053,0.062,0,0.52,0,-1,0,34.1,26.7,10.0,0.0,0.19377990430622016,0.0,0.4786,0.471,0.4919,0.4658,0.3327,0.4275,0.012800000000000034,0.13829999999999998,0.06440000000000001,1
0.0,0.0,0.5,0.5,0,0,48.0,9.079181246047625,7.3979400086720375,14.5,10.0,88.5,0.0,0.0,0.0,1,3,15,-0.10000000000000142,7.0,-500.0,0.0,0.18000000000000002,0.58,0.40000000000000013,0.09999999999999998,2.341,1.15,1.067,1.904,1.274,-0.7539999999999999,0.359,-0.05,1.1426634743995732,1.1563847112999333,0.2724559087673128,0.4294440850939994,0.6109,0.0,0.1611,0.6545,0.0492,0,0.62,1,0,0,42.2,24.9,12.0,0.0,0.4545454545454546,0.0,0.458,0.5375,0.5466,0.4683,0.3331,0.4327,-0.010299999999999976,0.20439999999999997,0.1139,1
0.0,0.0,0.5,0.5,0,0,1.0,8.397940008672037,8.397940008672037,0.5,-5.0,80.5,0.0,0.0,0.0,0,0,4,-1.0999999999999979,-4.0,1500.0,-0.050000000000000044,-0.04000000000000001,0.21999999999999997,0.8000000000000003,0.04999999999999999,2.019,1.752,1.24,1.546,0.7789999999999999,0.206,0.6809999999999999,0.048,1.3873215883112155,0.9886736370672355,0.4047893828208005,0.4680645729431405,0.5328,0.2322,0.2094,0.6017,0.0808,1,0.62,0,-1,0,30.1,33.1,2.0,2.0,-0.07894736842105277,0.0,0.5059,0.3877,0.465,0.5081,0.3695,0.4782,-0.0021999999999999797,0.018199999999999994,-0.01319999999999999,0
0.0,0.0,0.5,0.5,0,0,0.16666666666666666,7.698970004336019,8.477121254719663,-8.5,-6.5,70.0,0.0,0.0,0.0,0,0,-5,-0.1999999999999993,-5.0,4000.0,-0.15000000000000002,0.04000000000000001,-0.15000000000000002,-0.20000000000000018,-0.04999999999999999,0.0,1.959,0.0,1.329,0.0,0.63,0.0,0.741,0.0,1.3862285654790514,0.0,0.2850516522394571,0.5587,0.2643,0.2233,0.8282,0.0681,0,0.45,0,0,0,25.0,31.0,0.0,4.0,-0.1578947368421052,0.0,0.48,0.37,0.42,0.5139,0.4692,0.4953,-0.03390000000000004,-0.09920000000000001,-0.07530000000000003,0
0.0,0.0,0.5,0.5,0,0,5.0,8.397940008672037,7.698970004336019,7.5,1.0,80.5,0.0,0.0,0.0,0,0,6,-0.1999999999999993,3.0,1500.0,-0.050000000000000044,-0.04000000000000001,0.21999999999999997,0.8000000000000003,0.04999999999999999,2.019,0.0,1.24,0.0,0.7789999999999999,0.0,0.6809999999999999,0.0,1.3873215883112155,0.0,0.4047893828208005,0.0,0.5328,0.2179,0.2094,0.6017,0.0808,1,0.62,0,1,1,30.1,25.0,2.0,0.0,0.13397129186602863,0.0,0.5059,0.3877,0.465,0.48,0.37,0.42,0.025900000000000034,0.017699999999999994,0.04500000000000004,0
0.0,0.0,0.5,0.5,0,0,0.8333333333333334,8.397940008672037,8.477121254719663,-1.5,-0.5,81.0,0.0,0.0,0.0,0,0,-3,0.6999999999999993,2.0,4000.0,-0.15000000000000002,0.04000000000000001,-0.15000000000000002,-0.20000000000000018,-0.04999999999999999,1.752,1.959,1.546,1.329,0.206,0.63,0.048,0.741,0.9886736370672355,1.3862285654790514,0.4680645729431405,0.2850516522394571,0.5271,0.2643,0.2408,0.6933,0.0563,2,0.58,1,2,1,33.1,31.0,2.0,4.0,0.0550239234449762,0.0,0.5081,0.3695,0.4782,0.5139,0.4692,0.4953,-0.005800000000000027,-0.09970000000000001,-0.017100000000000004,0
0.0,0.0,0.5,0.5,0,0,2.4,9.079181246047625,8.698970004336019,3.5,3.5,88.5,0.0,0.0,0.0,1,1,2,-1.4000000000000021,-8.0,-800.0,0.050000000000000044,0.2,0.22999999999999998,0.19999999999999996,0.04999999999999999,2.341,2.002,1.067,1.323,1.274,0.6789999999999999,0.359,-0.1019999999999999,1.1426634743995732,0.9431066534244954,0.2724559087673128,0.3376651859131732,0.6109,0.205,0.1611,0.6545,0.0492,0,0.62,1,0,0,42.2,34.1,12.0,10.0,0.21291866028708128,0.0,0.458,0.5375,0.5466,0.4786,0.471,0.4919,-0.020600000000000007,0.0665,0.05469999999999997,0
0.0,0.0,0.5,0.5,0,0,0.4166666666666667,7.3979400086720375,7.778151250383644,-3.0,-3.0,72.5,0.0,0.0,0.0,0,0,-5,0.0,0.0,0.0,0.0,0.0,0.0,0.0,0.0,1.15,1.372,1.904,1.892,-0.7539999999999999,-0.5199999999999999,-0.05,0.628,1.1563847112999333,1.5354699312272966,0.4294440850939994,0.2863098554596634,0.0,0.0,0.0,0.0,0.0,0,0.45,0,-1,0,24.9,26.7,0.0,0.0,-0.04784688995215314,0.0,0.4683,0.3331,0.4327,0.4658,0.3327,0.4275,0.0025000000000000022,0.00040000000000001146,0.005199999999999982,0
0.0,0.0,0.5,0.5,0,0,1.2,8.477121254719663,8.397940008672037,1.0,5.5,82.0,0.0,0.0,0.0,0,0,-1,0.3999999999999986,2.0,-5500.0,0.20000000000000007,0.0,-0.06999999999999995,-0.6000000000000001,0.0,1.959,2.019,1.329,1.24,0.63,0.7789999999999999,0.741,0.6809999999999999,1.3862285654790514,1.3873215883112155,0.2850516522394571,0.4047893828208005,0.514,0.2578,0.2217,0.7231,0.0778,0,0.62,0,-1,-1,31.0,30.1,4.0,2.0,0.02392344497607657,0.0,0.5139,0.4692,0.4953,0.5059,0.3877,0.465,0.008000000000000007,0.08150000000000002,0.030299999999999994,0
0.0,0.0,0.5,0.5,0,0,0.2,7.698970004336019,8.397940008672037,-7.0,-6.0,70.0,0.0,0.0,0.0,0,0,-2,-0.8999999999999986,-7.0,0.0,0.0,0.0,0.0,0.0,0.0,0.0,1.752,0.0,1.546,0.0,0.206,0.0,0.048,0.0,0.9886736370672355,0.0,0.4680645729431405,0.5587,0.2322,0.2233,0.8282,0.0681,0,0.45,0,-2,-1,25.0,33.1,0.0,2.0,-0.2129186602870814,0.0,0.48,0.37,0.42,0.5081,0.3695,0.4782,-0.028100000000000014,0.0005000000000000004,-0.05820000000000003,0
0.0,0.0,0.5,0.5,0,0,4.545454545454546,9.0,8.342422680822207,6.5,3.5,87.5,0.0,0.0,0.0,5,11,5,-0.09999999999999787,2.0,5000.0,-0.19999999999999996,-0.29,0.5399999999999999,0.5999999999999999,0.15000000000000002,2.451,1.7739999999999998,0.825,1.399,1.626,0.375,0.349,-0.2739999999999999,1.1980330911358643,0.8012143853944391,0.3834478089938996,0.301485212462126,0.6748,0.215,0.1307,0.8196,0.0699,0,0.6,0,-2,-1,39.1,25.0,9.0,1.0,0.3708133971291867,0.0,0.64,0.5449,0.7004,0.467,0.3049,0.3458,0.173,0.24000000000000005,0.3546,1
0.0,0.0,0.5,0.5,0,0,2.0,8.698970004336019,8.397940008672037,3.0,3.5,84.5,0.0,0.0,0.0,0,2,7,1.5,12.0,-1200.0,0.0,0.020000000000000004,0.13,-0.6000000000000001,0.0,2.002,2.019,1.323,1.24,0.6789999999999999,0.7789999999999999,-0.1019999999999999,0.6809999999999999,0.9431066534244954,1.3873215883112155,0.3376651859131732,0.4047893828208005,0.5783,0.2578,0.2167,0.8053,0.062,0,0.52,0,-1,-1,34.1,30.1,10.0,2.0,0.10526315789473695,0.0,0.4786,0.471,0.4919,0.5059,0.3877,0.465,-0.02729999999999999,0.08329999999999999,0.02689999999999998,1
0.0,0.0,0.5,0.5,0,0,0.8333333333333334,8.301029995663981,8.380211241711606,-0.5,-0.5,81.0,0.0,0.0,0.0,0,4,0,-0.6000000000000014,-10.0,0.0,0.0,0.0,0.0,0.0,0.0,1.599,1.6960000000000002,1.173,1.391,0.426,0.305,0.1009999999999999,-0.196,0.9320745946735548,0.8891132124050513,0.3812100616603805,0.3092715455532385,0.4719,0.2319,0.2898,0.8452,0.0678,0,0.53,0,-1,-1,25.6,31.0,1.0,2.0,-0.1411483253588517,0.0,0.4689,0.3119,0.418,0.3333,0.4488,0.4901,0.1356,-0.13689999999999997,-0.0721,1
0.0,0.0,0.5,0.5,0,0,0.25,8.477121254719663,9.079181246047625,-5.5,-1.5,82.0,0.0,0.0,0.0,-1,-3,-10,0.3000000000000007,-2.0,-3500.0,0.15000000000000002,-0.22000000000000003,-0.42999999999999994,-0.19999999999999996,-0.04999999999999999,1.959,2.341,1.329,1.067,0.63,1.274,0.741,0.359,1.3862285654790514,1.1426634743995732,0.2850516522394571,0.2724559087673128,0.514,0.228,0.2217,0.7231,0.0778,0,0.62,0,0,0,31.0,42.2,4.0,12.0,-0.29425837320574166,0.0,0.5139,0.4692,0.4953,0.458,0.5375,0.5466,0.055900000000000005,-0.06829999999999997,-0.05129999999999996,0
0.0,0.0,0.5,0.5,0,0,0.4090909090909091,8.653212513775344,9.041392685158225,-4.5,-0.5,84.0,0.0,0.0,0.0,0,-2,-2,-0.1999999999999993,-4.0,-1300.0,0.04999999999999993,-0.020000000000000004,-0.27,-0.40000000000000013,0.0,2.161,2.804,1.17,0.5599999999999999,0.991,2.244,0.439,0.296,1.0807602735652382,1.0649770760444726,0.5795295026523193,0.2852756951130297,0.639,0.2349,0.189,0.6935,0.066,0,0.53,0,-3,-1,36.8,42.2,3.0,12.0,-0.1411483253588518,0.0,0.5314,0.501,0.5217,0.6507,0.6107,0.6607,-0.11929999999999996,-0.10970000000000002,-0.1389999999999999,0
0.0,0.0,0.5,0.5,0,0,2.0,9.0,8.698970004336019,3.0,2.5,87.5,0.0,0.0,0.0,5,9,8,-1.0,-2.0,-2800.0,0.15000000000000002,-0.020000000000000004,0.06999999999999995,0.2999999999999998,0.04999999999999999,2.451,2.002,0.825,1.323,1.626,0.6789999999999999,0.349,-0.1019999999999999,1.1980330911358643,0.9431066534244954,0.3834478089938996,0.3376651859131732,0.6748,0.205,0.1307,0.8196,0.0699,0,0.6,0,0,0,39.1,34.1,9.0,10.0,0.13157894736842113,0.0,0.64,0.5449,0.7004,0.4786,0.471,0.4919,0.1614,0.07390000000000008,0.20850000000000002,0
0.0,0.0,0.5,0.5,0,0,0.16666666666666666,8.301029995663981,9.079181246047625,-7.0,-4.0,81.0,0.0,0.0,0.0,-1,1,-4,0.10000000000000142,-7.0,500.0,0.0,-0.18000000000000002,-0.58,-0.40000000000000013,-0.09999999999999998,1.599,2.341,1.173,1.067,0.426,1.274,0.1009999999999999,0.359,0.9320745946735548,1.1426634743995732,0.3812100616603805,0.2724559087673128,0.4719,0.228,0.2898,0.8452,0.0678,0,0.53,0,0,0,25.6,42.2,1.0,12.0,-0.43540669856459335,0.0,0.4689,0.3119,0.418,0.458,0.5375,0.5466,0.010899999999999965,-0.22559999999999997,-0.1286,0
0.0,0.0,0.5,0.5,0,0,0.17857142857142858,7.698970004336019,8.44715803134222,-9.5,-3.0,70.0,0.0,0.0,0.0,0,-3,-5,-1.6999999999999993,-17.0,0.0,0.0,0.0,-0.29999999999999993,0.0,0.0,0.0,2.037,0.0,1.185,0.0,0.852,0.0,-0.737,0.0,0.6589823082323523,0.0,0.3983312412776303,0.0,0.1764,0.0,0.0,0.0,0,0.45,0,-2,-1,25.0,34.3,0.0,6.0,-0.2440191387559807,0.0,0.48,0.37,0.42,0.6477,0.4914,0.547,-0.16770000000000007,-0.12140000000000001,-0.12700000000000006,0
0.0,0.0,0.5,0.5,0,0,2.2,9.041392685158225,8.698970004336019,4.0,5.0,89.0,0.0,0.0,0.0,2,5,2,-1.6000000000000014,-5.0,-500.0,0.050000000000000044,0.020000000000000004,0.17000000000000004,0.5,0.04999999999999999,2.804,2.002,0.5599999999999999,1.323,2.244,0.6789999999999999,0.296,-0.1019999999999999,1.0649770760444726,0.9431066534244954,0.2852756951130297,0.3376651859131732,0.7185,0.205,0.05,0.6062,0.0885,3,0.68,2,3,1,42.2,34.1,12.0,10.0,0.21291866028708128,0.0,0.6507,0.6107,0.6607,0.4786,0.471,0.4919,0.17209999999999992,0.13970000000000005,0.16879999999999995,1
0.0,0.0,0.5,0.5,0,0,0.23333333333333334,8.44715803134222,9.079181246047625,-4.5,-5.0,83.5,0.0,0.0,0.0,-1,0,-10,1.8000000000000007,10.0,500.0,0.0,-0.18000000000000002,-0.28,-0.40000000000000013,-0.09999999999999998,2.037,2.341,1.185,1.067,0.852,1.274,-0.737,0.359,0.6589823082323523,1.1426634743995732,0.3983312412776303,0.2724559087673128,0.6025,0.228,0.2211,0.6103,0.0855,2,0.6,0,2,1,34.3,42.2,6.0,12.0,-0.20813397129186617,0.0,0.6477,0.4914,0.547,0.458,0.5375,0.5466,0.18970000000000004,-0.046099999999999974,0.00040000000000006697,1
0.0,0.0,0.5,0.5,0,0,0.4166666666666667,8.698970004336019,9.079181246047625,-3.5,-3.5,84.5,0.0,0.0,0.0,-1,-1,-2,1.4000000000000021,8.0,800.0,-0.050000000000000044,-0.2,-0.22999999999999998,-0.19999999999999996,-0.04999999999999999,2.002,2.341,1.323,1.067,0.6789999999999999,1.274,-0.1019999999999999,0.359,0.9431066534244954,1.1426634743995732,0.3376651859131732,0.2724559087673128,0.5783,0.228,0.2167,0.8053,0.062,0,0.52,0,0,0,34.1,42.2,10.0,12.0,-0.21291866028708128,0.0,0.4786,0.471,0.4919,0.458,0.5375,0.5466,0.020600000000000007,-0.0665,-0.05469999999999997,1
0.0,0.0,0.5,0.5,0,0,3.9285714285714284,9.041392685158225,8.44715803134222,5.0,6.5,89.0,0.0,0.0,0.0,2,4,10,-2.0,-7.0,-200.0,0.0,0.0,0.22000000000000008,0.7000000000000002,0.09999999999999998,2.804,2.037,0.5599999999999999,1.185,2.244,0.852,0.296,-0.737,1.0649770760444726,0.6589823082323523,0.2852756951130297,0.3983312412776303,0.7185,0.1764,0.05,0.6062,0.0885,3,0.68,2,1,0,42.2,34.3,12.0,6.0,0.20813397129186617,0.0,0.6507,0.6107,0.6607,0.6477,0.4914,0.547,0.0029999999999998916,0.11930000000000002,0.11369999999999991,1
0.0,0.0,0.5,0.5,0,0,1.2941176470588236,9.041392685158225,8.929418925714293,0.5,1.0,89.0,0.0,0.0,0.0,-1,1,-2,-1.3000000000000007,-10.0,1300.0,-0.04999999999999993,0.020000000000000004,0.07000000000000006,-0.10000000000000009,-0.09999999999999998,2.804,2.884,0.5599999999999999,0.95,2.244,1.934,0.296,0.616,1.0649770760444726,1.2457596956683417,0.2852756951130297,0.4170851232062826,0.7185,0.1927,0.05,0.6062,0.0885,3,0.68,2,2,0,42.2,36.3,12.0,7.0,0.1555023923444976,0.0,0.6507,0.6107,0.6607,0.7222,0.6642,0.7,-0.07150000000000001,-0.05349999999999999,-0.0393,1
0.0,0.0,0.5,0.5,0,0,0.5,8.653212513775344,8.954242509439325,-3.5,2.5,84.0,0.0,0.0,0.0,2,3,6,-1.1999999999999993,-7.0,-1500.0,0.0,-0.039999999999999994,-0.15000000000000002,-0.7,0.0,2.161,2.591,1.17,0.97,0.991,1.621,0.439,0.709,1.0807602735652382,1.1798394922132849,0.5795295026523193,0.3362356977544835,0.639,0.2035,0.189,0.6935,0.066,0,0.53,0,0,0,36.8,39.1,3.0,7.0,-0.059808612440191644,0.0,0.5314,0.501,0.5217,0.6152,0.5548,0.5951,-0.08379999999999999,-0.05379999999999996,-0.07339999999999991,1
0.0,0.0,0.5,0.5,0,0,17.0,8.929418925714293,7.698970004336019,13.799999999999997,5.0,87.5,0.0,0.0,0.0,1,2,15,-1.0,3.0,0.0,0.04999999999999993,0.13999999999999999,0.48,0.6000000000000001,0.19999999999999996,2.592,0.0,0.939,0.0,1.653,0.0,0.108,0.0,0.9731844800911872,0.0,0.4399949494659632,0.0,0.6413,0.0,0.2269,0.7296,0.0546,0,0.67,1,0,0,42.3,25.0,12.0,0.0,0.4545454545454546,0.0,0.4564,0.5811,0.6325,0.48,0.37,0.42,-0.02360000000000001,0.21109999999999995,0.21249999999999997,0
0.0,0.0,0.5,0.5,0,0,5.6,8.44715803134222,7.698970004336019,9.5,3.0,83.5,0.0,0.0,0.0,0,3,5,1.6999999999999993,17.0,0.0,0.0,0.0,0.29999999999999993,0.0,0.0,2.037,0.0,1.185,0.0,0.852,0.0,-0.737,0.0,0.6589823082323523,0.0,0.3983312412776303,0.0,0.6025,0.2308,0.2211,0.6103,0.0855,2,0.6,0,2,1,34.3,25.0,6.0,0.0,0.2440191387559807,0.0,0.6477,0.4914,0.547,0.48,0.37,0.42,0.16770000000000007,0.12140000000000001,0.12700000000000006,0
0.0,0.0,0.5,0.5,0,0,0.14285714285714285,7.698970004336019,8.544068044350276,-9.0,-4.0,70.0,0.0,0.0,0.0,0,-1,-4,-0.5,-4.0,-7300.0,0.09999999999999998,0.020000000000000004,-0.28,0.0,-0.15000000000000002,1.496,1.7559999999999998,1.407,1.164,0.0889999999999999,0.592,0.204,0.244,1.138187641738186,1.1196847912652483,0.2988199011667953,0.1581981879373676,0.5881,0.2251,0.1961,0.6224,0.0893,0,0.48,0,-1,-1,25.0,32.5,0.0,5.0,-0.19617224880382766,0.0,0.48,0.37,0.42,0.6861,0.3787,0.5068,-0.20610000000000006,-0.008699999999999986,-0.08680000000000004,0
0.0,0.0,0.5,0.5,0,0,0.56,8.44715803134222,8.698970004336019,-1.0,-1.5,83.5,0.0,0.0,0.0,0,1,-8,0.3999999999999986,2.0,-300.0,0.050000000000000044,0.020000000000000004,-0.050000000000000044,-0.20000000000000018,-0.04999999999999999,2.037,2.002,1.185,1.323,0.852,0.6789999999999999,-0.737,-0.1019999999999999,0.6589823082323523,0.9431066534244954,0.3983312412776303,0.3376651859131732,0.6025,0.205,0.2211,0.6103,0.0855,2,0.6,0,2,1,34.3,34.1,6.0,10.0,0.004784688995215114,0.0,0.6477,0.4914,0.547,0.4786,0.471,0.4919,0.16910000000000003,0.02040000000000003,0.05510000000000004,0
0.0,0.0,0.5,0.5,0,0,5.6,8.44715803134222,7.698970004336019,9.5,3.0,83.5,0.0,0.0,0.0,0,3,4,2.1999999999999993,17.0,6800.0,-0.19999999999999996,0.0,0.29999999999999993,0.0,0.0,2.037,1.496,1.185,1.407,0.852,0.0889999999999999,-0.737,0.204,0.6589823082323523,1.138187641738186,0.3983312412776303,0.2988199011667953,0.6025,0.2158,0.2211,0.6103,0.0855,2,0.6,0,2,1,34.3,25.0,6.0,0.0,0.2440191387559807,0.0,0.6477,0.4914,0.547,0.48,0.37,0.42,0.16770000000000007,0.12140000000000001,0.12700000000000006,1
0.0,0.0,0.5,0.5,0,0,1.4285714285714286,8.698970004336019,8.544068044350276,1.5,0.5,84.5,0.0,0.0,0.0,0,1,8,1.3000000000000007,11.0,-200.0,-0.15000000000000002,0.0,0.06999999999999995,0.20000000000000018,-0.10000000000000003,2.002,1.7559999999999998,1.323,1.164,0.6789999999999999,0.592,-0.1019999999999999,0.244,0.9431066534244954,1.1196847912652483,0.3376651859131732,0.1581981879373676,0.5783,0.2251,0.2167,0.8053,0.062,0,0.52,0,-1,-1,34.1,32.5,10.0,5.0,0.04306220095693791,0.0,0.4786,0.471,0.4919,0.6861,0.3787,0.5068,-0.20750000000000002,0.0923,-0.014900000000000024,0
0.0,0.0,0.5,0.5,0,0,10.0,8.698970004336019,7.698970004336019,10.5,4.5,84.5,0.0,0.0,0.0,0,2,12,1.8000000000000007,15.0,7100.0,-0.25,-0.020000000000000004,0.35,0.20000000000000018,0.04999999999999999,2.002,1.496,1.323,1.407,0.6789999999999999,0.0889999999999999,-0.1019999999999999,0.204,0.9431066534244954,1.138187641738186,0.3376651859131732,0.2988199011667953,0.5783,0.2158,0.2167,0.8053,0.062,0,0.52,0,0,0,34.1,25.0,10.0,0.0,0.23923444976076558,0.0,0.4786,0.471,0.4919,0.48,0.37,0.42,-0.0013999999999999568,0.10099999999999998,0.07190000000000002,1
0.0,0.0,0.5,0.5,0,0,1.25,8.544068044350276,8.44715803134222,-0.5,1.0,83.0,0.0,0.0,0.0,0,-2,0,-1.6999999999999993,-13.0,500.0,0.09999999999999998,-0.020000000000000004,-0.019999999999999907,0.0,0.15000000000000002,1.7559999999999998,2.037,1.164,1.185,0.592,0.852,0.244,-0.737,1.1196847912652483,0.6589823082323523,0.1581981879373676,0.3983312412776303,0.5143,0.1764,0.2606,0.8589,0.0712,1,0.64,0,-1,0,32.5,34.3,5.0,6.0,-0.04784688995215303,0.0,0.6861,0.3787,0.5068,0.6477,0.4914,0.547,0.03839999999999999,-0.11270000000000002,-0.040200000000000014,0
0.0,0.0,0.5,0.5,0,0,0.06666666666666667,7.698970004336019,8.8750612633917,-13.0,-7.5,70.0,0.0,0.0,0.0,-4,-13,-19,-0.6999999999999993,-9.0,-200.0,0.050000000000000044,-0.12,-0.44999999999999996,-0.30000000000000004,0.0,0.0,2.428,0.0,0.876,0.0,1.552,0.0,-0.0279999999999999,0.0,0.9223655810598944,0.0,0.4258533915693417,0.0,0.223,0.0,0.0,0.0,0,0.45,0,0,0,25.0,38.7,0.0,10.0,-0.3612440191387558,0.0,0.48,0.37,0.42,0.7582,0.5095,0.703,-0.2782,-0.13949999999999996,-0.283,0
0.0,0.0,0.5,0.5,0,0,0.29411764705882354,8.397940008672037,8.929418925714293,-6.299999999999997,-4.0,80.5,0.0,0.0,0.0,-1,-2,-9,0.8000000000000007,0.0,1500.0,-0.09999999999999998,-0.18,-0.26,0.20000000000000018,-0.14999999999999997,2.019,2.592,1.24,0.939,0.7789999999999999,1.653,0.6809999999999999,0.108,1.3873215883112155,0.9731844800911872,0.4047893828208005,0.4399949494659632,0.5328,0.1318,0.2094,0.6017,0.0808,1,0.62,0,1,1,30.1,42.3,2.0,12.0,-0.32057416267942596,0.0,0.5059,0.3877,0.465,0.4564,0.5811,0.6325,0.049500000000000044,-0.19339999999999996,-0.16749999999999993,1
0.0,0.0,0.5,0.5,0,0,1.1333333333333333,8.929418925714293,8.8750612633917,0.7999999999999972,-2.5,87.5,0.0,0.0,0.0,-3,-11,-4,-1.6999999999999993,-6.0,-200.0,0.09999999999999998,0.01999999999999999,0.030000000000000027,0.30000000000000004,0.19999999999999996,2.592,2.428,0.939,0.876,1.653,1.552,0.108,-0.0279999999999999,0.9731844800911872,0.9223655810598944,0.4399949494659632,0.4258533915693417,0.6413,0.223,0.2269,0.7296,0.0546,0,0.67,1,0,0,42.3,38.7,12.0,10.0,0.09330143540669877,0.0,0.4564,0.5811,0.6325,0.7582,0.5095,0.703,-0.3018,0.0716,-0.07050000000000001,0
0.0,0.0,0.5,0.5,0,0,5.0,8.397940008672037,7.698970004336019,7.5,1.0,80.5,0.0,0.0,0.0,0,0,6,-0.1999999999999993,3.0,1500.0,-0.050000000000000044,-0.04000000000000001,0.21999999999999997,0.8000000000000003,0.04999999999999999,2.019,0.0,1.24,0.0,0.7789999999999999,0.0,0.6809999999999999,0.0,1.3873215883112155,0.0,0.4047893828208005,0.0,0.5328,0.0,0.2094,0.6017,0.0808,1,0.62,0,1,1,30.1,25.0,2.0,0.0,0.13397129186602863,0.0,0.5059,0.3877,0.465,0.48,0.37,0.42,0.025900000000000034,0.017699999999999994,0.04500000000000004,0
0.0,0.0,0.5,0.5,0,0,17.0,8.929418925714293,7.698970004336019,13.799999999999997,5.0,87.5,0.0,0.0,0.0,1,2,15,-1.0,3.0,0.0,0.04999999999999993,0.13999999999999999,0.48,0.6000000000000001,0.19999999999999996,2.592,0.0,0.939,0.0,1.653,0.0,0.108,0.0,0.9731844800911872,0.0,0.4399949494659632,0.0,0.6413,0.0,0.2269,0.7296,0.0546,0,0.67,1,0,0,42.3,25.0,12.0,0.0,0.4545454545454546,0.0,0.4564,0.5811,0.6325,0.48,0.37,0.42,-0.02360000000000001,0.21109999999999995,0.21249999999999997,1
0.0,0.0,0.5,0.5,0,0,3.0,8.8750612633917,8.397940008672037,5.5,6.5,86.5,0.0,0.0,0.0,4,13,13,0.8999999999999986,6.0,-1300.0,0.0,0.16,0.22999999999999998,-0.5000000000000002,-0.04999999999999999,2.428,2.019,0.876,1.24,1.552,0.7789999999999999,-0.0279999999999999,0.6809999999999999,0.9223655810598944,1.3873215883112155,0.4258533915693417,0.4047893828208005,0.5733,0.2578,0.2037,0.6876,0.0583,0,0.58,0,-1,-1,38.7,30.1,10.0,2.0,0.22727272727272718,0.0,0.7582,0.5095,0.703,0.5059,0.3877,0.465,0.25229999999999997,0.12179999999999996,0.23799999999999993,0
0.0,0.0,0.5,0.5,0,0,0.05454545454545454,7.778151250383644,9.041392685158225,-12.0,-8.5,76.0,0.0,0.0,0.0,-2,-7,-10,0.3000000000000007,-10.0,200.0,0.0,0.0,-0.52,-0.7000000000000002,-0.09999999999999998,1.372,2.804,1.892,0.5599999999999999,-0.5199999999999999,2.244,0.628,0.296,1.5354699312272966,1.0649770760444726,0.2863098554596634,0.2852756951130297,0.0,0.2349,0.0,0.0,0.0,1,0.47,0,-2,-1,26.7,42.2,0.0,12.0,-0.40669856459330145,0.0,0.4658,0.3327,0.4275,0.6507,0.6107,0.6607,-0.18489999999999995,-0.278,-0.23319999999999996,1
0.0,0.0,0.5,0.5,0,0,0.9,7.653212513775344,7.698970004336019,2.0,2.0,75.5,0.0,0.0,0.0,0,0,5,0.0,0.0,0.0,0.0,0.0,0.0,0.0,0.0,1.298,0.0,1.684,0.0,-0.386,0.0,0.202,0.0,1.2667385824722657,0.0,0.4647293118938521,0.0,0.5865,0.2308,0.1176,0.8662,0.0636,0,0.48,0,0,0,25.5,25.0,0.0,0.0,0.014354066985645897,0.0,0.4629,0.3785,0.4231,0.48,0.37,0.42,-0.017100000000000004,0.008500000000000008,0.0030999999999999917,1
0.0,0.0,0.5,0.5,0,0,22.0,9.041392685158225,7.698970004336019,14.5,9.5,89.0,0.0,0.0,0.0,2,7,15,-0.3000000000000007,10.0,-200.0,0.0,0.0,0.52,0.7000000000000002,0.09999999999999998,2.804,0.0,0.5599999999999999,0.0,2.244,0.0,0.296,0.0,1.0649770760444726,0.0,0.2852756951130297,0.0,0.7185,0.2308,0.05,0.6062,0.0885,3,0.68,2,3,1,42.2,25.0,12.0,0.0,0.45215311004784686,0.0,0.6507,0.6107,0.6607,0.48,0.37,0.42,0.17069999999999996,0.24070000000000003,0.24069999999999997,1
0.0,0.0,0.5,0.5,0,0,1.3333333333333333,7.778151250383644,7.653212513775344,0.5,-1.0,76.0,0.0,0.0,0.0,0,0,0,0.0,0.0,0.0,0.0,0.0,0.0,0.0,0.0,1.372,1.298,1.892,1.684,-0.5199999999999999,-0.386,0.628,0.202,1.5354699312272966,1.2667385824722657,0.2863098554596634,0.4647293118938521,0.0,0.2959,0.0,0.0,0.0,1,0.47,0,1,0,26.7,25.5,0.0,0.0,0.031100478468899517,0.0,0.4658,0.3327,0.4275,0.4629,0.3785,0.4231,0.0029000000000000137,-0.04580000000000001,0.004400000000000015,0
0.0,0.0,0.5,0.5,0,0,24.444444444444443,9.041392685158225,7.653212513775344,12.5,7.5,89.0,0.0,0.0,0.0,2,7,10,-0.3000000000000007,10.0,-200.0,0.0,0.0,0.52,0.7000000000000002,0.09999999999999998,2.804,1.298,0.5599999999999999,1.684,2.244,-0.386,0.296,0.202,1.0649770760444726,1.2667385824722657,0.2852756951130297,0.4647293118938521,0.7185,0.2959,0.05,0.6062,0.0885,3,0.68,2,3,1,42.2,25.5,12.0,0.0,0.43779904306220097,0.0,0.6507,0.6107,0.6607,0.4629,0.3785,0.4231,0.18779999999999997,0.23220000000000002,0.23759999999999998,1
0.0,0.0,0.5,0.5,0,0,0.8333333333333334,7.698970004336019,7.778151250383644,-2.5,-1.0,70.0,0.0,0.0,0.0,0,0,-5,0.0,0.0,0.0,0.0,0.0,0.0,0.0,0.0,0.0,1.372,0.0,1.892,0.0,-0.5199999999999999,0.0,0.628,0.0,1.5354699312272966,0.0,0.2863098554596634,0.5263,0.0,0.2429,0.8909,0.0788,0,0.45,0,-1,0,25.0,26.7,0.0,0.0,-0.045454545454545414,0.0,0.48,0.37,0.42,0.4658,0.3327,0.4275,0.01419999999999999,0.0373,-0.007500000000000007,0
0.0,0.0,0.5,0.5,0,0,0.1590909090909091,7.544068044350276,8.342422680822207,-5.5,-5.0,74.5,0.0,0.0,0.0,0,0,-11,-0.3999999999999986,-11.0,7500.0,-0.29999999999999993,0.30000000000000004,-0.26,0.09999999999999987,0.050000000000000044,1.287,1.7739999999999998,1.825,1.399,-0.5379999999999999,0.375,-0.187,-0.2739999999999999,0.9046575994599472,0.8012143853944391,0.3522010158354963,0.301485212462126,0.3822,0.215,0.3501,0.6855,0.0418,1,0.52,2,-1,-1,25.0,25.0,1.0,1.0,0.0,0.0,0.489,0.3711,0.4313,0.467,0.3049,0.3458,0.021999999999999964,0.06619999999999998,0.08550000000000002,0
0.0,0.0,0.5,0.5,0,0,0.058823529411764705,7.698970004336019,8.929418925714293,-14.0,-8.5,70.0,0.0,0.0,0.0,-3,-6,-17,-1.0,-20.0,1500.0,-0.04999999999999993,0.020000000000000004,-0.44999999999999996,-0.8000000000000003,-0.19999999999999996,0.0,2.884,0.0,0.95,0.0,1.934,0.0,0.616,0.0,1.2457596956683417,0.0,0.4170851232062826,0.5587,0.1927,0.2233,0.8282,0.0681,0,0.45,0,-1,-1,25.0,36.3,0.0,7.0,-0.2966507177033493,0.0,0.48,0.37,0.42,0.7222,0.6642,0.7,-0.24219999999999997,-0.2942,-0.27999999999999997,0
0.0,0.0,0.5,0.5,0,0,3.8636363636363638,8.929418925714293,8.342422680822207,7.0,5.0,88.0,0.0,0.0,0.0,3,6,1,0.6000000000000014,9.0,6000.0,-0.25,-0.26999999999999996,0.57,0.9000000000000001,0.25,2.884,1.7739999999999998,0.95,1.399,1.934,0.375,0.616,-0.2739999999999999,1.2457596956683417,0.8012143853944391,0.4170851232062826,0.301485212462126,0.6331,0.215,0.1742,0.6174,0.0833,1,0.71,2,-1,0,36.3,25.0,7.0,1.0,0.2966507177033493,0.0,0.7222,0.6642,0.7,0.467,0.3049,0.3458,0.2551999999999999,0.3593,0.35419999999999996,1
0.0,0.0,0.5,0.5,0,0,1.4285714285714286,7.698970004336019,7.544068044350276,-1.5,1.5,70.0,0.0,0.0,0.0,0,0,-5,0.0,0.0,0.0,0.0,-0.55,0.38,0.0,0.0,0.0,1.287,0.0,1.825,0.0,-0.5379999999999999,0.0,-0.187,0.0,0.9046575994599472,0.0,0.3522010158354963,0.5587,0.2677,0.2233,0.8282,0.0681,0,0.45,0,-1,0,25.0,25.0,0.0,1.0,0.0,0.0,0.48,0.37,0.42,0.489,0.3711,0.4313,-0.009000000000000008,-0.0010999999999999899,-0.011300000000000032,1
0.0,0.0,0.5,0.5,0,0,4.4,8.342422680822207,7.698970004336019,7.0,3.5,80.0,0.0,0.0,0.0,0,0,16,0.3999999999999986,11.0,-7500.0,0.29999999999999993,0.24999999999999997,-0.12,-0.09999999999999987,-0.050000000000000044,1.7739999999999998,0.0,1.399,0.0,0.375,0.0,-0.2739999999999999,0.0,0.8012143853944391,0.0,0.301485212462126,0.0,0.5765,0.2179,0.2085,0.7166,0.0536,2,0.55,0,2,1,25.0,25.0,1.0,0.0,0.0,0.0,0.467,0.3049,0.3458,0.48,0.37,0.42,-0.012999999999999956,-0.06509999999999999,-0.07419999999999999,0
0.0,0.0,0.5,0.5,0,0,24.285714285714285,8.929418925714293,7.544068044350276,12.5,10.0,88.0,0.0,0.0,0.0,3,6,12,1.0,20.0,-1500.0,0.04999999999999993,-0.5700000000000001,0.83,0.8000000000000003,0.19999999999999996,2.884,1.287,0.95,1.825,1.934,-0.5379999999999999,0.616,-0.187,1.2457596956683417,0.9046575994599472,0.4170851232062826,0.3522010158354963,0.6331,0.2677,0.1742,0.6174,0.0833,1,0.71,2,0,1,36.3,25.0,7.0,1.0,0.2966507177033493,0.0,0.7222,0.6642,0.7,0.489,0.3711,0.4313,0.23319999999999996,0.2931,0.26869999999999994,0
0.0,0.0,0.5,0.5,0,0,0.140625,7.653212513775344,8.505149978319906,-5.5,-3.5,76.5,0.0,0.0,0.0,0,-1,-10,1.3999999999999986,-1.0,7000.0,-0.25,0.020000000000000004,-0.17999999999999994,-0.10000000000000009,0.0,1.375,1.7120000000000002,1.632,1.179,-0.257,0.5329999999999999,0.125,0.088,1.078173606970716,1.1043395370402465,0.5094932122544257,0.3105121217887923,0.4759,0.2715,0.1547,0.6154,0.0539,0,0.48,0,0,0,23.9,30.2,0.0,2.0,-0.16507177033492826,0.0,0.5315,0.3408,0.4142,0.3901,0.3768,0.3964,0.14139999999999997,-0.03600000000000003,0.017800000000000038,0
0.0,0.0,0.5,0.5,0,0,0.041666666666666664,7.698970004336019,9.079181246047625,-14.0,-8.0,70.0,0.0,0.0,0.0,-1,-3,-15,0.10000000000000142,-7.0,500.0,0.0,-0.18000000000000002,-0.58,-0.40000000000000013,-0.09999999999999998,0.0,2.341,0.0,1.067,0.0,1.274,0.0,0.359,0.0,1.1426634743995732,0.0,0.2724559087673128,0.5196,0.228,0.1753,0.6713,0.0764,0,0.45,0,0,0,25.0,42.2,0.0,12.0,-0.45215311004784686,0.0,0.48,0.37,0.42,0.458,0.5375,0.5466,0.021999999999999964,-0.16749999999999998,-0.1266,0
0.0,0.0,0.5,0.5,0,0,3.75,9.079181246047625,8.505149978319906,6.0,3.0,88.5,0.0,0.0,0.0,1,2,5,1.2999999999999972,6.0,6500.0,-0.25,0.2,0.4,0.30000000000000004,0.09999999999999998,2.341,1.7120000000000002,1.067,1.179,1.274,0.5329999999999999,0.359,0.088,1.1426634743995732,1.1043395370402465,0.2724559087673128,0.3105121217887923,0.6109,0.2715,0.1611,0.6545,0.0492,0,0.62,1,0,0,42.2,30.2,12.0,2.0,0.3157894736842105,0.0,0.458,0.5375,0.5466,0.3901,0.3768,0.3964,0.06790000000000002,0.16069999999999995,0.1502,0
0.0,0.0,0.5,0.5,0,0,1.1111111111111112,7.698970004336019,7.653212513775344,-2.5,-1.5,70.0,0.0,0.0,0.0,0,0,0,0.0,0.0,0.0,0.0,0.0,0.0,0.0,0.0,0.0,1.375,0.0,1.632,0.0,-0.257,0.0,0.125,0.0,1.078173606970716,0.0,0.5094932122544257,0.5196,0.3694,0.1753,0.6713,0.0764,0,0.45,0,0,0,25.0,23.9,0.0,0.0,0.028708133971291905,0.0,0.48,0.37,0.42,0.5315,0.3408,0.4142,-0.05149999999999999,0.029200000000000004,0.005799999999999972,0
0.0,0.0,0.5,0.5,0,0,6.4,8.505149978319906,7.698970004336019,8.0,5.0,81.5,0.0,0.0,0.0,0,1,10,-1.3999999999999986,1.0,-7000.0,0.25,-0.020000000000000004,0.17999999999999994,0.10000000000000009,0.0,1.7120000000000002,0.0,1.179,0.0,0.5329999999999999,0.0,0.088,0.0,1.1043395370402465,0.0,0.3105121217887923,0.0,0.5541,0.3051,0.1745,0.6843,0.0671,0,0.52,0,0,0,30.2,25.0,2.0,0.0,0.13636363636363635,0.0,0.3901,0.3768,0.3964,0.48,0.37,0.42,-0.08989999999999998,0.006800000000000028,-0.02360000000000001,0
0.0,0.0,0.5,0.5,0,0,26.666666666666668,9.079181246047625,7.653212513775344,11.5,6.5,88.5,0.0,0.0,0.0,1,3,15,-0.10000000000000142,7.0,-500.0,0.0,0.18000000000000002,0.58,0.40000000000000013,0.09999999999999998,2.341,1.375,1.067,1.632,1.274,-0.257,0.359,0.125,1.1426634743995732,1.078173606970716,0.2724559087673128,0.5094932122544257,0.6109,0.3694,0.1611,0.6545,0.0492,0,0.62,1,0,0,42.2,23.9,12.0,0.0,0.48086124401913877,0.0,0.458,0.5375,0.5466,0.5315,0.3408,0.4142,-0.07349999999999995,0.19669999999999999,0.13239999999999996,1
0.0,0.0,0.5,0.5,0,0,32.5,8.812913356642856,7.301029995663981,14.0,12.5,86.0,0.0,0.0,0.0,0,5,10,0.10000000000000142,4.0,200.0,-0.050000000000000044,-0.6,0.78,0.5,0.0,2.645,1.089,0.751,2.015,1.894,-0.926,-0.2449999999999999,0.411,0.9060118494310764,1.270538814969097,0.3351699403122077,0.4741647627378296,0.5863,0.285,0.1947,0.7823,0.0485,0,0.6,0,-1,0,38.0,24.0,7.0,1.0,0.368421052631579,0.0,0.5646,0.5123,0.6106,0.4947,0.3572,0.4393,0.06990000000000002,0.15509999999999996,0.1713,1
0.0,0.0,0.5,0.5,0,0,0.8,8.301029995663981,8.397940008672037,-0.5,0.0,80.0,0.0,0.0,0.0,0,0,1,-2.099999999999998,-8.0,-3500.0,0.15000000000000002,0.0,0.0,0.0,0.0,1.939,1.752,1.535,1.546,0.404,0.206,0.461,0.048,1.1305019881189966,0.9886736370672355,0.3306374315033177,0.4680645729431405,0.5346,0.2322,0.2295,0.6943,0.0654,0,0.55,0,-2,-1,27.5,33.1,2.0,2.0,-0.14593301435406703,0.0,0.396,0.2938,0.3913,0.5081,0.3695,0.4782,-0.11209999999999998,-0.07569999999999999,-0.08690000000000003,0
0.0,0.0,0.5,0.5,0,0,3.25,8.812913356642856,8.301029995663981,6.0,2.5,86.0,0.0,0.0,0.0,0,5,7,1.3000000000000007,5.0,3700.0,-0.20000000000000007,0.04999999999999999,0.38,0.5,0.0,2.645,1.939,0.751,1.535,1.894,0.404,-0.2449999999999999,0.461,0.9060118494310764,1.1305019881189966,0.3351699403122077,0.3306374315033177,0.5863,0.236,0.1947,0.7823,0.0485,0,0.6,0,0,0,38.0,27.5,7.0,2.0,0.2751196172248803,0.0,0.5646,0.5123,0.6106,0.396,0.2938,0.3913,0.16859999999999997,0.21849999999999997,0.21930000000000005,0
0.0,0.0,0.5,0.5,0,0,0.08,7.301029995663981,8.397940008672037,-8.5,-10.0,72.0,0.0,0.0,0.0,0,0,-2,-0.8999999999999986,-7.0,0.0,0.0,0.65,-0.4,0.0,0.0,1.089,1.752,2.015,1.546,-0.926,0.206,0.411,0.048,1.270538814969097,0.9886736370672355,0.4741647627378296,0.4680645729431405,0.4581,0.2322,0.2569,0.6435,0.0645,1,0.45,1,-1,-1,24.0,33.1,1.0,2.0,-0.2392344497607657,0.0,0.4947,0.3572,0.4393,0.5081,0.3695,0.4782,-0.013400000000000023,-0.012299999999999978,-0.03889999999999999,0
0.0,0.0,0.5,0.5,0,0,0.38461538461538464,8.397940008672037,8.812913356642856,-5.5,-2.5,81.0,0.0,0.0,0.0,0,-5,-8,0.7999999999999972,3.0,-200.0,0.050000000000000044,-0.04999999999999999,-0.38,-0.5,0.0,1.752,2.645,1.546,0.751,0.206,1.894,0.048,-0.2449999999999999,0.9886736370672355,0.9060118494310764,0.4680645729431405,0.3351699403122077,0.5271,0.219,0.2408,0.6933,0.0563,2,0.58,1,2,1,33.1,38.0,2.0,7.0,-0.1291866028708133,0.0,0.5081,0.3695,0.4782,0.5646,0.5123,0.6106,-0.056499999999999995,-0.14279999999999998,-0.13240000000000002,0
0.0,0.0,0.5,0.5,0,0,0.1,7.301029995663981,8.301029995663981,-8.0,-10.0,72.0,0.0,0.0,0.0,0,0,-3,1.1999999999999993,1.0,3500.0,-0.15000000000000002,0.65,-0.4,0.0,0.0,1.089,1.939,2.015,1.535,-0.926,0.404,0.411,0.461,1.270538814969097,1.1305019881189966,0.4741647627378296,0.3306374315033177,0.4581,0.236,0.2569,0.6435,0.0645,1,0.45,1,1,0,24.0,27.5,1.0,2.0,-0.09330143540669866,0.0,0.4947,0.3572,0.4393,0.396,0.2938,0.3913,0.09869999999999995,0.06340000000000001,0.04800000000000004,0
0.0,0.0,0.5,0.5,0,0,0.20833333333333334,7.698970004336019,8.380211241711606,-7.5,-4.5,70.0,0.0,0.0,0.0,0,0,-11,-0.6000000000000014,-10.0,0.0,0.0,0.0,0.0,0.0,0.0,0.0,1.6960000000000002,0.0,1.391,0.0,0.305,0.0,-0.196,0.0,0.8891132124050513,0.0,0.3092715455532385,0.5336,0.2319,0.158,0.7568,0.0614,0,0.45,0,-1,-1,25.0,31.0,0.0,2.0,-0.1578947368421052,0.0,0.48,0.37,0.42,0.3333,0.4488,0.4901,0.1467,-0.07879999999999998,-0.0701,0
0.0,0.0,0.5,0.5,0,0,0.05,7.698970004336019,9.0,-13.5,-7.0,70.0,0.0,0.0,0.0,-5,-11,-14,-0.3000000000000007,-13.0,2500.0,-0.09999999999999998,0.04000000000000001,-0.41999999999999993,-0.5,-0.09999999999999998,0.0,2.451,0.0,0.825,0.0,1.626,0.0,0.349,0.0,1.1980330911358643,0.0,0.3834478089938996,0.5138,0.1945,0.2154,0.6021,0.0655,0,0.45,0,0,0,25.0,39.1,0.0,9.0,-0.3708133971291867,0.0,0.48,0.37,0.42,0.64,0.5449,0.7004,-0.16000000000000003,-0.17490000000000006,-0.28040000000000004,1
0.0,0.0,0.5,0.5,0,0,2.5,8.653212513775344,8.255272505103306,4.0,7.0,84.0,0.0,0.0,0.0,2,4,3,-0.5,6.0,-3500.0,0.09999999999999998,0.0,0.27,0.09999999999999987,0.09999999999999998,2.161,1.7420000000000002,1.17,1.473,0.991,0.269,0.439,0.758,1.0807602735652382,1.5093139957020203,0.5795295026523193,0.4204177816305003,0.639,0.2727,0.189,0.6935,0.066,0,0.53,0,0,0,36.8,27.6,3.0,0.0,0.24162679425837308,0.0,0.5314,0.501,0.5217,0.415,0.3381,0.4039,0.1164,0.1629,0.11780000000000007,0
0.0,0.0,0.5,0.5,0,0,5.0,8.954242509439325,8.255272505103306,8.0,2.5,87.0,0.0,0.0,0.0,0,2,4,0.6999999999999993,13.0,0.0,0.04999999999999993,0.01999999999999999,0.4,1.0,0.09999999999999998,2.591,1.722,0.97,1.303,1.621,0.4189999999999999,0.709,-0.3219999999999999,1.1798394922132849,0.8146990443402252,0.3362356977544835,0.2966779024089556,0.692,0.2452,0.1045,0.6599,0.0657,0,0.65,0,-1,0,39.1,25.7,7.0,0.0,0.3516746411483255,0.0,0.6152,0.5548,0.5951,0.4736,0.3566,0.4347,0.14159999999999995,0.1982,0.1604,1
0.0,0.0,0.5,0.5,0,0,1.0,8.255272505103306,8.255272505103306,0.5,-2.0,81.0,0.0,0.0,0.0,0,1,7,0.0,0.0,2000.0,-0.050000000000000044,-0.020000000000000004,-0.020000000000000018,0.20000000000000018,0.0,1.7420000000000002,1.722,1.473,1.303,0.269,0.4189999999999999,0.758,-0.3219999999999999,1.5093139957020203,0.8146990443402252,0.4204177816305003,0.2966779024089556,0.613,0.2452,0.1143,0.8314,0.0437,0,0.5,0,-1,0,27.6,25.7,0.0,0.0,0.05023923444976075,0.0,0.415,0.3381,0.4039,0.4736,0.3566,0.4347,-0.05860000000000004,-0.01849999999999996,-0.030799999999999994,0
0.0,0.0,0.5,0.5,0,0,2.0,8.954242509439325,8.653212513775344,3.5,-2.5,87.0,0.0,0.0,0.0,-2,-3,-6,1.1999999999999993,7.0,1500.0,0.0,0.039999999999999994,0.15000000000000002,0.7,0.0,2.591,2.161,0.97,1.17,1.621,0.991,0.709,0.439,1.1798394922132849,1.0807602735652382,0.3362356977544835,0.5795295026523193,0.692,0.172,0.1045,0.6599,0.0657,0,0.65,0,0,0,39.1,36.8,7.0,3.0,0.059808612440191644,0.0,0.6152,0.5548,0.5951,0.5314,0.501,0.5217,0.08379999999999999,0.05379999999999996,0.07339999999999991,1
0.0,0.0,0.5,0.5,0,0,0.4,8.255272505103306,8.653212513775344,-4.5,-5.0,79.5,0.0,0.0,0.0,-2,-5,-10,0.5,-6.0,1500.0,-0.04999999999999993,0.020000000000000004,-0.25,-0.30000000000000004,-0.09999999999999998,1.722,2.161,1.303,1.17,0.4189999999999999,0.991,-0.3219999999999999,0.439,0.8146990443402252,1.0807602735652382,0.2966779024089556,0.5795295026523193,0.4691,0.172,0.2857,0.6684,0.0614,1,0.45,0,1,0,25.7,36.8,0.0,3.0,-0.29186602870813383,0.0,0.4736,0.3566,0.4347,0.5314,0.501,0.5217,-0.05779999999999996,-0.14440000000000003,-0.08700000000000008,0
0.0,0.0,0.5,0.5,0,0,0.2,8.255272505103306,8.954242509439325,-7.5,-4.5,81.0,0.0,0.0,0.0,0,-1,3,-0.6999999999999993,-13.0,2000.0,-0.09999999999999998,-0.039999999999999994,-0.42000000000000004,-0.7999999999999998,-0.09999999999999998,1.7420000000000002,2.591,1.473,0.97,0.269,1.621,0.758,0.709,1.5093139957020203,1.1798394922132849,0.4204177816305003,0.3362356977544835,0.613,0.2035,0.1143,0.8314,0.0437,0,0.5,0,0,0,27.6,39.1,0.0,7.0,-0.3014354066985647,0.0,0.415,0.3381,0.4039,0.6152,0.5548,0.5951,-0.2002,-0.21669999999999995,-0.19119999999999998,1
0.0,0.0,0.5,0.5,0,0,2.03125,8.812913356642856,8.505149978319906,4.5,3.5,86.0,0.0,0.0,0.0,0,4,0,1.5,3.0,7200.0,-0.30000000000000004,0.06999999999999999,0.20000000000000007,0.3999999999999999,0.0,2.645,1.7120000000000002,0.751,1.179,1.894,0.5329999999999999,-0.2449999999999999,0.088,0.9060118494310764,1.1043395370402465,0.3351699403122077,0.3105121217887923,0.5863,0.2715,0.1947,0.7823,0.0485,0,0.6,0,0,0,38.0,30.2,7.0,2.0,0.20574162679425834,0.0,0.5646,0.5123,0.6106,0.3901,0.3768,0.3964,0.1745,0.13549999999999995,0.21420000000000006,1
0.0,0.0,0.5,0.5,0,0,18.88888888888889,8.929418925714293,7.653212513775344,12.0,6.5,88.0,0.0,0.0,0.0,3,6,12,1.0,20.0,-1500.0,0.04999999999999993,-0.020000000000000004,0.44999999999999996,0.8000000000000003,0.19999999999999996,2.884,1.298,0.95,1.684,1.934,-0.386,0.616,0.202,1.2457596956683417,1.2667385824722657,0.4170851232062826,0.4647293118938521,0.6331,0.2959,0.1742,0.6174,0.0833,1,0.71,2,1,1,36.3,25.5,7.0,0.0,0.2822966507177034,0.0,0.7222,0.6642,0.7,0.4629,0.3785,0.4231,0.2593,0.2857,0.2769,1
0.0,0.0,0.5,0.5,0,0,22.0,9.041392685158225,7.698970004336019,14.5,9.5,89.0,0.0,0.0,0.0,2,7,15,-0.3000000000000007,10.0,-200.0,0.0,0.0,0.52,0.7000000000000002,0.09999999999999998,2.804,0.0,0.5599999999999999,0.0,2.244,0.0,0.296,0.0,1.0649770760444726,0.0,0.2852756951130297,0.0,0.7185,0.2179,0.05,0.6062,0.0885,3,0.68,2,3,1,42.2,25.0,12.0,0.0,0.45215311004784686,0.0,0.6507,0.6107,0.6607,0.48,0.37,0.42,0.17069999999999996,0.24070000000000003,0.24069999999999997,1
0.0,0.0,0.5,0.5,0,0,4.8,9.079181246047625,8.397940008672037,7.0,2.0,88.5,0.0,0.0,0.0,1,3,13,-1.0,0.0,-500.0,0.0,0.18000000000000002,0.58,0.40000000000000013,0.09999999999999998,2.341,1.752,1.067,1.546,1.274,0.206,0.359,0.048,1.1426634743995732,0.9886736370672355,0.2724559087673128,0.4680645729431405,0.6109,0.2322,0.1611,0.6545,0.0492,0,0.62,1,-2,-1,42.2,33.1,12.0,2.0,0.23923444976076547,0.0,0.458,0.5375,0.5466,0.5081,0.3695,0.4782,-0.05009999999999998,0.16799999999999998,0.06839999999999996,1
0.0,0.0,0.5,0.5,0,0,4.8,8.380211241711606,7.698970004336019,7.5,4.5,81.5,0.0,0.0,0.0,0,0,4,0.6000000000000014,10.0,0.0,0.0,0.0,0.0,0.0,0.0,1.6960000000000002,0.0,1.391,0.0,0.305,0.0,-0.196,0.0,0.8891132124050513,0.0,0.3092715455532385,0.0,0.6244,0.2709,0.1437,0.6265,0.0498,1,0.57,0,1,1,31.0,25.0,2.0,0.0,0.1578947368421052,0.0,0.3333,0.4488,0.4901,0.48,0.37,0.42,-0.1467,0.07879999999999998,0.0701,1
0.0,0.0,0.5,0.5,0,0,20.0,9.0,7.698970004336019,13.5,7.0,87.5,0.0,0.0,0.0,5,11,21,0.3000000000000007,13.0,-2500.0,0.09999999999999998,-0.04000000000000001,0.41999999999999993,0.5,0.09999999999999998,2.451,0.0,0.825,0.0,1.626,0.0,0.349,0.0,1.1980330911358643,0.0,0.3834478089938996,0.0,0.6748,0.3084,0.1307,0.8196,0.0699,0,0.6,0,0,0,39.1,25.0,9.0,0.0,0.3708133971291867,0.0,0.64,0.5449,0.7004,0.48,0.37,0.42,0.16000000000000003,0.17490000000000006,0.28040000000000004,1
0.0,0.0,0.5,0.5,0,0,1.0,7.698970004336019,7.698970004336019,0.0,0.0,70.0,0.0,0.0,0.0,0,0,7,0.0,0.0,0.0,0.0,0.0,0.0,0.0,0.0,0.0,0.0,0.0,0.0,0.0,0.0,0.0,0.0,0.0,0.0,0.0,0.0,0.5138,0.3084,0.2154,0.6021,0.0655,0,0.45,0,0,0,25.0,25.0,0.0,0.0,0.0,0.0,0.48,0.37,0.42,0.48,0.37,0.42,0.0,0.0,0.0,0
0.0,0.0,0.5,0.5,0,0,4.166666666666667,9.0,8.380211241711606,6.0,2.5,87.5,0.0,0.0,0.0,5,11,10,-0.3000000000000007,3.0,-2500.0,0.09999999999999998,-0.04000000000000001,0.41999999999999993,0.5,0.09999999999999998,2.451,1.6960000000000002,0.825,1.391,1.626,0.305,0.349,-0.196,1.1980330911358643,0.8891132124050513,0.3834478089938996,0.3092715455532385,0.6748,0.2319,0.1307,0.8196,0.0699,0,0.6,0,-1,-1,39.1,31.0,9.0,2.0,0.2129186602870815,0.0,0.64,0.5449,0.7004,0.3333,0.4488,0.4901,0.30670000000000003,0.09610000000000007,0.21030000000000004,1
0.0,0.0,0.5,0.5,0,0,0.8928571428571429,8.397940008672037,8.44715803134222,-2.0,-2.0,80.5,0.0,0.0,0.0,0,-3,1,-1.8999999999999986,-14.0,1500.0,-0.050000000000000044,-0.04000000000000001,-0.07999999999999996,0.8000000000000003,0.04999999999999999,2.019,2.037,1.24,1.185,0.7789999999999999,0.852,0.6809999999999999,-0.737,1.3873215883112155,0.6589823082323523,0.4047893828208005,0.3983312412776303,0.5328,0.1764,0.2094,0.6017,0.0808,1,0.62,0,-1,0,30.1,34.3,2.0,6.0,-0.11004784688995206,0.0,0.5059,0.3877,0.465,0.6477,0.4914,0.547,-0.14180000000000004,-0.10370000000000001,-0.08200000000000002,0
0.0,0.0,0.5,0.5,0,0,5.555555555555555,9.0,8.255272505103306,7.5,5.0,87.5,0.0,0.0,0.0,5,10,11,0.3000000000000007,13.0,-4500.0,0.15000000000000002,-0.020000000000000004,0.43999999999999995,0.2999999999999998,0.09999999999999998,2.451,1.7420000000000002,0.825,1.473,1.626,0.269,0.349,0.758,1.1980330911358643,1.5093139957020203,0.3834478089938996,0.4204177816305003,0.6748,0.2727,0.1307,0.8196,0.0699,0,0.6,0,0,0,39.1,27.6,9.0,0.0,0.3014354066985647,0.0,0.64,0.5449,0.7004,0.415,0.3381,0.4039,0.22500000000000003,0.20680000000000004,0.29650000000000004,1
0.0,0.0,0.5,0.5,0,0,0.4117647058823529,8.544068044350276,8.929418925714293,-4.799999999999997,-1.0,83.0,0.0,0.0,0.0,-1,-1,-10,1.0,1.0,500.0,0.050000000000000044,-0.15999999999999998,-0.19999999999999996,-0.6000000000000001,-0.04999999999999993,1.7559999999999998,2.592,1.164,0.939,0.592,1.653,0.244,0.108,1.1196847912652483,0.9731844800911872,0.1581981879373676,0.4399949494659632,0.5143,0.1318,0.2606,0.8589,0.0712,1,0.64,0,1,1,32.5,42.3,5.0,12.0,-0.2583732057416269,0.0,0.6861,0.3787,0.5068,0.4564,0.5811,0.6325,0.22970000000000007,-0.20239999999999997,-0.12569999999999992,0
0.0,0.0,0.5,0.5,0,0,3.75,8.954242509439325,8.380211241711606,6.0,2.0,87.0,0.0,0.0,0.0,0,2,-4,0.09999999999999787,3.0,0.0,0.04999999999999993,0.01999999999999999,0.4,1.0,0.09999999999999998,2.591,1.6960000000000002,0.97,1.391,1.621,0.305,0.709,-0.196,1.1798394922132849,0.8891132124050513,0.3362356977544835,0.3092715455532385,0.692,0.2319,0.1045,0.6599,0.0657,0,0.65,0,-1,-1,39.1,31.0,7.0,2.0,0.2129186602870815,0.0,0.6152,0.5548,0.5951,0.3333,0.4488,0.4901,0.2819,0.10599999999999998,0.10499999999999998,1
0.0,0.0,0.5,0.5,0,0,1.0909090909090908,9.079181246047625,9.041392685158225,-0.5,-1.5,88.5,0.0,0.0,0.0,-1,-4,0,0.1999999999999993,-3.0,-300.0,0.0,0.18000000000000002,0.05999999999999994,-0.30000000000000004,0.0,2.341,2.804,1.067,0.5599999999999999,1.274,2.244,0.359,0.296,1.1426634743995732,1.0649770760444726,0.2724559087673128,0.2852756951130297,0.6109,0.2349,0.1611,0.6545,0.0492,0,0.62,1,-3,-1,42.2,42.2,12.0,12.0,0.0,0.0,0.458,0.5375,0.5466,0.6507,0.6107,0.6607,-0.19269999999999993,-0.07320000000000004,-0.11409999999999998,0
0.0,0.0,0.5,0.5,0,0,0.3888888888888889,8.544068044350276,8.954242509439325,-4.5,-2.5,83.0,0.0,0.0,0.0,0,-1,-2,-0.6999999999999993,-9.0,500.0,0.050000000000000044,-0.039999999999999994,-0.12,-1.0,0.050000000000000044,1.7559999999999998,2.591,1.164,0.97,0.592,1.621,0.244,0.709,1.1196847912652483,1.1798394922132849,0.1581981879373676,0.3362356977544835,0.5143,0.2035,0.2606,0.8589,0.0712,1,0.64,0,1,1,32.5,39.1,5.0,7.0,-0.17464114832535904,0.0,0.6861,0.3787,0.5068,0.6152,0.5548,0.5951,0.07090000000000007,-0.17609999999999998,-0.08829999999999993,1
0.0,0.0,0.5,0.5,0,0,0.7647058823529411,8.812913356642856,8.929418925714293,-1.5,0.0,86.0,0.0,0.0,0.0,-3,-1,-7,-0.8999999999999986,-16.0,1700.0,-0.09999999999999998,0.06999999999999999,-0.06999999999999995,-0.30000000000000027,-0.19999999999999996,2.645,2.884,0.751,0.95,1.894,1.934,-0.2449999999999999,0.616,0.9060118494310764,1.2457596956683417,0.3351699403122077,0.4170851232062826,0.5863,0.1927,0.1947,0.7823,0.0485,0,0.6,0,-1,-1,38.0,36.3,7.0,7.0,0.045454545454545414,0.0,0.5646,0.5123,0.6106,0.7222,0.6642,0.7,-0.15759999999999996,-0.15190000000000003,-0.08939999999999992,0
0.0,0.0,0.5,0.5,0,0,0.28,8.44715803134222,9.0,-4.0,-4.0,83.5,0.0,0.0,0.0,-5,-8,-16,1.3999999999999986,4.0,2500.0,-0.09999999999999998,0.04000000000000001,-0.12,-0.5,-0.09999999999999998,2.037,2.451,1.185,0.825,0.852,1.626,-0.737,0.349,0.6589823082323523,1.1980330911358643,0.3983312412776303,0.3834478089938996,0.6025,0.1945,0.2211,0.6103,0.0855,2,0.6,0,2,1,34.3,39.1,6.0,9.0,-0.12679425837320601,0.0,0.6477,0.4914,0.547,0.64,0.5449,0.7004,0.00770000000000004,-0.05350000000000005,-0.15339999999999998,0
0.0,0.0,0.5,0.5,0,0,0.7727272727272727,8.929418925714293,9.041392685158225,-0.5,-1.0,88.0,0.0,0.0,0.0,1,-1,2,1.3000000000000007,10.0,-1300.0,0.04999999999999993,-0.020000000000000004,-0.07000000000000006,0.10000000000000009,0.09999999999999998,2.884,2.804,0.95,0.5599999999999999,1.934,2.244,0.616,0.296,1.2457596956683417,1.0649770760444726,0.4170851232062826,0.2852756951130297,0.6331,0.2349,0.1742,0.6174,0.0833,1,0.71,2,-2,0,36.3,42.2,7.0,12.0,-0.1555023923444976,0.0,0.7222,0.6642,0.7,0.6507,0.6107,0.6607,0.07150000000000001,0.05349999999999999,0.0393,0
0.0,0.0,0.5,0.5,0,0,0.8,8.44715803134222,8.544068044350276,0.5,-1.0,83.5,0.0,0.0,0.0,0,2,0,1.6999999999999993,13.0,-500.0,-0.09999999999999998,0.020000000000000004,0.019999999999999907,0.0,-0.15000000000000002,2.037,1.7559999999999998,1.185,1.164,0.852,0.592,-0.737,0.244,0.6589823082323523,1.1196847912652483,0.3983312412776303,0.1581981879373676,0.6025,0.2251,0.2211,0.6103,0.0855,2,0.6,0,1,0,34.3,32.5,6.0,5.0,0.04784688995215303,0.0,0.6477,0.4914,0.547,0.6861,0.3787,0.5068,-0.03839999999999999,0.11270000000000002,0.040200000000000014,1
0.0,0.0,0.5,0.5,0,0,3.142857142857143,9.041392685158225,8.544068044350276,5.5,5.5,89.0,0.0,0.0,0.0,2,6,10,-0.3000000000000007,6.0,-700.0,-0.09999999999999998,0.020000000000000004,0.24,0.7000000000000002,-0.050000000000000044,2.804,1.7559999999999998,0.5599999999999999,1.164,2.244,0.592,0.296,0.244,1.0649770760444726,1.1196847912652483,0.2852756951130297,0.1581981879373676,0.7185,0.2251,0.05,0.6062,0.0885,3,0.68,2,2,0,42.2,32.5,12.0,5.0,0.2559808612440192,0.0,0.6507,0.6107,0.6607,0.6861,0.3787,0.5068,-0.0354000000000001,0.23200000000000004,0.15389999999999993,1
0.0,0.0,0.5,0.5,0,0,3.0357142857142856,8.929418925714293,8.44715803134222,4.5,5.5,88.0,0.0,0.0,0.0,3,3,12,-0.6999999999999993,3.0,-1500.0,0.04999999999999993,-0.020000000000000004,0.15000000000000002,0.8000000000000003,0.19999999999999996,2.884,2.037,0.95,1.185,1.934,0.852,0.616,-0.737,1.2457596956683417,0.6589823082323523,0.4170851232062826,0.3983312412776303,0.6331,0.1764,0.1742,0.6174,0.0833,1,0.71,2,-1,0,36.3,34.3,7.0,6.0,0.052631578947368585,0.0,0.7222,0.6642,0.7,0.6477,0.4914,0.547,0.0744999999999999,0.1728,0.1529999999999999,1
